v1,v2,v3,v4,v5,v6,v7,v8,v9,v10,v11,v12,v13,v14,v15,v16,v17,v18,v19,v20,v21,v22,v23,v24,v25,v26,v27,v28,v29,v30,v31,v32,v33,v34,v35,v36,v37,v38,v39,v40,v41,v42,v43,v44,v45,v46,v47,v48,v49,v50,v51,v52,v53,v54,v55,v56,v57,v58,v59,v60,v61,v62,v63,v64,v65,v66,v67,v68,v69,v70,v71,v72,v73,v74,v75,v76,v77,v78,v79,v80,v81,v82,v83,v84,v85,v86,v87,v88,v89,v90,v91,v92,v93,v94,v95,v96,v97,v98,v99,v100,v101,v102,v103,v104,v105,v106,v107,v108,v109,v110,v111,v112,v113,v114,v115,v116,v117,v118,v119,v120,v121,v122,v123,v124,v125,v126,v127,v128,v129,v130,v131,v132,v133,v134,v135,v136,v137,v138,v139,v140,v141,v142,v143,v144,v145,v146,v147,v148,v149,v150,v151,v152,v153,v154,v155,v156,v157,v158,v159,v160,v161,v162,v163
,10101101,10101101,10101102,10101102,10101103,10101103,10101104,10101104,10101105,10101105,10101106,10101107,10101201,10101201,10101202,10101202,10101203,10101203,10101204,10101204,10101205,10101206,10101207,10102101,10102102,10102103,10102104,10102105,10102106,10102107,10102201,10102202,10102203,10102204,10102205,10102206,10102207,10201101,10201101,10201101,10201101,10201101,10201101,10201102,10201102,10201102,10201102,10201102,10201102,10201103,10201103,10201103,10201103,10201103,10201103,10201104,10201104,10201104,10201104,10201104,10201104,10201105,10201105,10201105,10201105,10201105,10201105,10201106,10201106,10201106,10201106,10201106,10201106,10201201,10201201,10201201,10201201,10201201,10201201,10201202,10201202,10201202,10201202,10201202,10201202,10201203,10201203,10201203,10201203,10201203,10201203,10201204,10201204,10201204,10201204,10201204,10201204,10201205,10201205,10201205,10201205,10201205,10201205,50102002,50103003,50103003,50104004,10302002,10303003,40101001,10401001,10401001,10401002,10401003,10402101,10402101,10402102,10402102,10402103,10402103,10402104,10402104,10402105,10402105,10402107,10402108,10402108,10402201,10402201,10402202,10402202,10402203,10402203,10402204,10402204,10402207,10402301,10402302,10402303,10402304,10402305,10402307,10403101,10403102,10403103,10403104,10403105,10403107,10403108,10403201,10403202,10403203,10403204,10403207,10403301,10403302,10403303,10403304,10403305,10403307,10501001,10501002
New Zealand,,,,,,,,,,,,,,,,,,,,,,,,,,,,,,,,,,,,,,,,,,,,,,,,,,,,,,,,,,,,,,,,,,,,,,,,,,,,,,,,,,,,,,,,,,,,,,,,,,,,,,,,,,,,,,,,,,,,,,,,,,,,,,,,,,,,,,,,,,,,,,,,,,,,,,,,,,,,,,,,,,
Sources:,"Atkinson, Anthony B. and Leigh, Andrew (2007). The Distribution of Top Incomes in New Zealand; in Atkinson, A. B. and Piketty, T. (editors) Top Incomes over the Twentieth Century. A Contrast Between Continental European and English-Speaking Countries, Oxford University Press, chapter 8, pp. 333-364. Alvaredo, Facundo and Kergozou, Nikki (2019). Estimates of top shares of fiscal income for 2015 and 2016, and revision for 2000 to 2014, WID.world Technical Note 2019/2. Alvaredo, Facundo (2017). New Zealand: Estimates of Top Shares for 2014, and Revision for 2013 and 2012, WID.world Technical Note 2017/1. Alvaredo, Facundo and Atkinson, Anthony B. (2014). New Zealand: Estimates of Top Shares for 2011/2012, and Revision for 2010/2011, WID.world Technical Note 2014/3. Alvaredo, Facundo and Atkinson, Anthony B. (2013). New Zealand: Estimates of Top Shares for 2010/2011, and Revision for 1999/2000-2009/2010, WID.world Technical Note 2013/2. Atkinson, Anthony B. (2012). Update and Extension of New Zealand Estimates of Top Shares, WID.world Technical Note 2012/1.",,,,,,,,,,,,,,,,,,,,,,,,,,,,,,,,,,,,,,,,,,,,,,,,,,,,,,,,,,,,,,,,,,,,,,,,,,,,,,,,,,,,,,,,,,,,,,,,,,,,,,,,,,,,,,,,,,,,,,,,,,,,,,,,,,,,,,,,,,,,,,,,,,,,,,,,,,,,,,,,,
Notes:,"Until 1940, estimates relate to assessable income individual taxpayers from 2000. See notes to the Tax units series.","The series are presented in two distinct columns, following the change in the definition of the tax unit between 1952 and 1953. Tax units are: individuals aged 15+ minus married women until 1952, individuals aged 15+ from 1953 to 1999, individual taxpayers from 2000. See notes to the Tax units series.","The series are presented in two distinct columns, following the change in the definition of the tax unit between 1952 and 1953. Tax units are: individuals aged 15+ minus married women until 1952, individuals aged 15+ from 1953 to 1999, individual taxpayers from 2000. See notes to the Tax units series.","The series are presented in two distinct columns, following the change in the definition of the tax unit between 1952 and 1953. Tax units are: individuals aged 15+ minus married women until 1952, individuals aged 15+ from 1953 to 1999, individual taxpayers from 2000. See notes to the Tax units series.","The series are presented in two distinct columns, following the change in the definition of the tax unit between 1952 and 1953. Tax units are: individuals aged 15+ minus married women until 1952, individuals aged 15+ from 1953 to 1999, individual taxpayers from 2000. See notes to the Tax units series.","The series are presented in two distinct columns, following the change in the definition of the tax unit between 1952 and 1953. Tax units are: individuals aged 15+ minus married women until 1952, individuals aged 15+ from 1953 to 1999, individual taxpayers from 2000. See notes to the Tax units series.","The series are presented in two distinct columns, following the change in the definition of the tax unit between 1952 and 1953. Tax units are: individuals aged 15+ minus married women until 1952, individuals aged 15+ from 1953 to 1999, individual taxpayers from 2000. See notes to the Tax units series.","The series are presented in two distinct columns, following the change in the definition of the tax unit between 1952 and 1953. Tax units are: individuals aged 15+ minus married women until 1952, individuals aged 15+ from 1953 to 1999, individual taxpayers from 2000. See notes to the Tax units series.","The series are presented in two distinct columns, following the change in the definition of the tax unit between 1952 and 1953. Tax units are: individuals aged 15+ minus married women until 1952, individuals aged 15+ from 1953 to 1999, individual taxpayers from 2000. See notes to the Tax units series.","The series are presented in two distinct columns, following the change in the definition of the tax unit between 1952 and 1953. Tax units are: individuals aged 15+ minus married women until 1952, individuals aged 15+ from 1953 to 1999, individual taxpayers from 2000. See notes to the Tax units series.","The series are presented in two distinct columns, following the change in the definition of the tax unit between 1952 and 1953. Tax units are: individuals aged 15+ minus married women until 1952, individuals aged 15+ from 1953 to 1999, individual taxpayers from 2000. See notes to the Tax units series.","The series are presented in two distinct columns, following the change in the definition of the tax unit between 1952 and 1953. Tax units are: individuals aged 15+ minus married women until 1952, individuals aged 15+ from 1953 to 1999, individual taxpayers from 2000. See notes to the Tax units series.","The series are presented in two distinct columns, following the change in the definition of the tax unit between 1952 and 1953. Tax units are: individuals aged 15+ minus married women until 1952, individuals aged 15+ from 1953 to 1999, individual taxpayers from 2000. See notes to the Tax units series.","The series are presented in two distinct columns, following the change in the definition of the tax unit between 1952 and 1953. Tax units are: individuals aged 15+ minus married women until 1952, individuals aged 15+ from 1953 to 1999, individual taxpayers from 2000. See notes to the Tax units series.","The series are presented in two distinct columns, following the change in the definition of the tax unit between 1952 and 1953. Tax units are: individuals aged 15+ minus married women until 1952, individuals aged 15+ from 1953 to 1999, individual taxpayers from 2000. See notes to the Tax units series.","The series are presented in two distinct columns, following the change in the definition of the tax unit between 1952 and 1953. Tax units are: individuals aged 15+ minus married women until 1952, individuals aged 15+ from 1953 to 1999, individual taxpayers from 2000. See notes to the Tax units series.","The series are presented in two distinct columns, following the change in the definition of the tax unit between 1952 and 1953. Tax units are: individuals aged 15+ minus married women until 1952, individuals aged 15+ from 1953 to 1999, individual taxpayers from 2000. See notes to the Tax units series.","The series are presented in two distinct columns, following the change in the definition of the tax unit between 1952 and 1953. Tax units are: individuals aged 15+ minus married women until 1952, individuals aged 15+ from 1953 to 1999, individual taxpayers from 2000. See notes to the Tax units series.","The series are presented in two distinct columns, following the change in the definition of the tax unit between 1952 and 1953. Tax units are: individuals aged 15+ minus married women until 1952, individuals aged 15+ from 1953 to 1999, individual taxpayers from 2000. See notes to the Tax units series."," individual taxpayers from 2000. See notes to the Tax units series."",""The series are presented in two distinct columns, following the change in the definition of the tax unit between 1952 and 1953. Tax units are: individuals aged 15+ minus married women until 1952", individuals aged 15+ from 1953 to 1999," individual taxpayers from 2000. See notes to the Tax units series."",""The series are presented in two distinct columns, following the change in the definition of the tax unit between 1952 and 1953. Tax units are: individuals aged 15+ minus married women until 1952", individuals aged 15+ from 1953 to 1999," individual taxpayers from 2000. See notes to the Tax units series."",""The series are presented in two distinct columns, following the change in the definition of the tax unit between 1952 and 1953. Tax units are: individuals aged 15+ minus married women until 1952", individuals aged 15+ from 1953 to 1999," individual taxpayers from 2000. See notes to the Tax units series."",""The series are presented in two distinct columns, following the change in the definition of the tax unit between 1952 and 1953. Tax units are: individuals aged 15+ minus married women until 1952", individuals aged 15+ from 1953 to 1999," individual taxpayers from 2000. See notes to the Tax units series."",""The series are presented in two distinct columns, following the change in the definition of the tax unit between 1952 and 1953. Tax units are: individuals aged 15+ minus married women until 1952", individuals aged 15+ from 1953 to 1999," individual taxpayers from 2000. See notes to the Tax units series."","""","""","""","""","""","""","""","""","""","""","""","""","""","""","""","""","""","""",""The Pareto-Lorenz a coefficients were computed using the top shares estimates. As a rule they were estimated from the top 0.1% share within the top 1% share: a=1/[1-log(S1%/S0.1%)/log(10)]. When the top 0.1% and top 1% shares were not available, the closest substitutes were used."",""The inverted Pareto-Lorenz b coefficients were computed from the Pareto-Lorenz coefficients using the formula b=a/(a-1). Alternatively they can be computed by using directly the top income shares series and the formula: b=1/[log(S1%/S0.1%)/log(10)]."","""","""",""Thresholds in nominal terms"","""","""","""","""",""""",,,,,,,,,,,,,,,,,,,,,,,,,,,,,,,,,,,,,,,,,,,,,,,,,,,,,,,,,,,,,,,,,,,,,,,,,,,,,,,,,,,,,,,,,,,,,,,,,,,,,,,,,,,,,,,,,,,,,,,,,,,,,,,,,,,,
Units,%,%,%,%,%,%,%,%,%,%,%,%,%,%,%,%,%,%,%,%,%,%,%,%,%,%,%,%,%,%,%,%,%,%,%,%,%,%,%,%,%,%,%,%,%,%,%,%,%,%,%,%,%,%,%,%,%,%,%,%,%,%,%,%,%,%,%,%,%,%,%,%,%,%,%,%,%,%,%,%,%,%,%,%,%,%,%,%,%,%,%,%,%,%,%,%,%,%,%,%,%,%,%,Thousand,Thousand,Thousand,,Nominal million NZ Dollars,,December 2014=1.00,Real 2014 NZ Dollars,Real 2014 NZ Dollars,Real 2014 NZ Dollars,Real 2014 NZ Dollars,Real 2014 NZ Dollars,Real 2014 NZ Dollars,Real 2014 NZ Dollars,Real 2014 NZ Dollars,Real 2014 NZ Dollars,Real 2014 NZ Dollars,Real 2014 NZ Dollars,Real 2014 NZ Dollars,Real 2014 NZ Dollars,Real 2014 NZ Dollars,Real 2014 NZ Dollars,Real 2014 NZ Dollars,Real 2014 NZ Dollars,Real 2014 NZ Dollars,Real 2014 NZ Dollars,Real 2014 NZ Dollars,Real 2014 NZ Dollars,Real 2014 NZ Dollars,Real 2014 NZ Dollars,Real 2014 NZ Dollars,Real 2014 NZ Dollars,Real 2014 NZ Dollars,Real 2014 NZ Dollars,Real 2014 NZ Dollars,Real 2014 NZ Dollars,Real 2014 NZ Dollars,Real 2014 NZ Dollars,Real 2014 NZ Dollars,,,,,,,,,,,,,,,,,,,,
Data/No Data,1,1,1,1,1,1,1,1,1,1,0,0,1,1,1,1,1,1,1,1,0,0,0,0,0,0,0,0,0,0,0,0,0,0,0,0,0,0,0,0,0,0,0,0,0,0,0,0,0,0,0,0,0,0,0,0,0,0,0,0,0,0,0,0,0,0,0,0,0,0,0,0,0,0,0,0,0,0,0,0,0,0,0,0,0,0,0,0,0,0,0,0,0,0,0,0,0,0,0,0,0,0,0,1,1,1,0,1,0,1,1,1,0,1,1,1,1,1,1,1,1,1,1,1,0,1,1,1,1,1,1,1,1,1,1,1,1,1,1,1,0,0,0,0,0,0,0,0,0,0,0,0,0,0,0,0,0,0,0,0,1,1
Download/No Downloand,1,1,1,1,1,1,1,1,1,1,1,1,1,1,1,1,1,1,1,1,1,1,1,1,1,1,1,1,1,1,1,1,1,1,1,1,1,1,1,1,1,1,1,1,1,1,1,1,1,1,1,1,1,1,1,1,1,1,1,1,1,1,1,1,1,1,1,1,1,1,1,1,1,1,1,1,1,1,1,1,1,1,1,1,1,1,1,1,1,1,1,1,1,1,1,1,1,1,1,1,1,1,1,1,1,1,1,1,1,1,1,1,1,1,1,1,1,1,1,1,1,1,1,1,1,1,1,1,1,1,1,1,1,1,1,1,1,1,1,1,1,1,1,1,1,1,1,1,1,1,1,1,1,1,1,1,1,1,1,1,1,1
Keep decimals,2,2,2,2,2,2,2,2,2,2,2,2,2,2,2,2,2,2,2,2,2,2,2,2,2,2,2,2,2,2,2,2,2,2,2,2,2,2,2,2,2,2,2,2,2,2,2,2,2,2,2,2,2,2,2,2,2,2,2,2,2,2,2,2,2,2,2,2,2,2,2,2,2,2,2,2,2,2,2,2,2,2,2,2,2,2,2,2,2,2,2,2,2,2,2,2,2,2,2,2,2,2,2,3,3,3,3,5,5,7,2,2,2,2,2,2,2,2,2,2,2,2,2,2,2,2,2,2,2,2,2,2,2,2,2,2,2,2,2,2,2,2,2,2,2,2,2,2,2,2,2,2,2,2,2,2,2,2,2,2,3,3
Show decimals,2,2,2,2,2,2,2,2,2,2,2,2,2,2,2,2,2,2,2,2,2,2,2,2,2,2,2,2,2,2,2,2,2,2,2,2,2,2,2,2,2,2,2,2,2,2,2,2,2,2,2,2,2,2,2,2,2,2,2,2,2,2,2,2,2,2,2,2,2,2,2,2,2,2,2,2,2,2,2,2,2,2,2,2,2,2,2,2,2,2,2,2,2,2,2,2,2,2,2,2,2,2,2,0,0,0,0,0,0,5,0,0,0,0,0,0,0,0,0,0,0,0,0,0,0,0,0,0,0,0,0,0,0,0,0,0,0,0,0,0,0,0,0,0,0,0,0,0,0,0,0,0,0,0,0,0,0,0,0,0,2,2
Category,Top income shares,Top income shares,Top income shares,Top income shares,Top income shares,Top income shares,Top income shares,Top income shares,Top income shares,Top income shares,Top income shares,Top income shares,Top income shares,Top income shares,Top income shares,Top income shares,Top income shares,Top income shares,Top income shares,Top income shares,Top income shares,Top income shares,Top income shares,Top income shares,Top income shares,Top income shares,Top income shares,Top income shares,Top income shares,Top income shares,Top income shares,Top income shares,Top income shares,Top income shares,Top income shares,Top income shares,Top income shares,Top groups income composition,Top groups income composition,Top groups income composition,Top groups income composition,Top groups income composition,Top groups income composition,Top groups income composition,Top groups income composition,Top groups income composition,Top groups income composition,Top groups income composition,Top groups income composition,Top groups income composition,Top groups income composition,Top groups income composition,Top groups income composition,Top groups income composition,Top groups income composition,Top groups income composition,Top groups income composition,Top groups income composition,Top groups income composition,Top groups income composition,Top groups income composition,Top groups income composition,Top groups income composition,Top groups income composition,Top groups income composition,Top groups income composition,Top groups income composition,Top groups income composition,Top groups income composition,Top groups income composition,Top groups income composition,Top groups income composition,Top groups income composition,Top groups income composition,Top groups income composition,Top groups income composition,Top groups income composition,Top groups income composition,Top groups income composition,Top groups income composition,Top groups income composition,Top groups income composition,Top groups income composition,Top groups income composition,Top groups income composition,Top groups income composition,Top groups income composition,Top groups income composition,Top groups income composition,Top groups income composition,Top groups income composition,Top groups income composition,Top groups income composition,Top groups income composition,Top groups income composition,Top groups income composition,Top groups income composition,Top groups income composition,Top groups income composition,Top groups income composition,Top groups income composition,Top groups income composition,Top groups income composition,Population units,Population units,Population units,Population units,Income,Income,Price index,Average incomes,Average incomes,Average incomes,Average incomes,Average incomes,Average incomes,Average incomes,Average incomes,Average incomes,Average incomes,Average incomes,Average incomes,Average incomes,Average incomes,Average incomes,Average incomes,Average incomes,Average incomes,Average incomes,Average incomes,Average incomes,Average incomes,Average incomes,Average incomes,Average incomes,Average incomes,Average incomes,Average incomes,Average incomes,Average incomes,Average incomes,Average incomes,Average incomes,Average incomes,Average incomes,Average incomes,Average incomes,Average incomes,Average incomes,Average incomes,Average incomes,Average incomes,Average incomes,Average incomes,Average incomes,Average incomes,Average incomes,Average incomes,Average incomes,Average incomes,Pareto-Lorenz coefficients,Pareto-Lorenz coefficients
Subcategory,Top income shares,Top income shares,Top income shares,Top income shares,Top income shares,Top income shares,Top income shares,Top income shares,Top income shares,Top income shares,Top income shares,Top income shares,Top income shares,Top income shares,Top income shares,Top income shares,Top income shares,Top income shares,Top income shares,Top income shares,Top income shares,Top income shares,Top income shares,Top income shares including capital gains,Top income shares including capital gains,Top income shares including capital gains,Top income shares including capital gains,Top income shares including capital gains,Top income shares including capital gains,Top income shares including capital gains,Top income shares including capital gains,Top income shares including capital gains,Top income shares including capital gains,Top income shares including capital gains,Top income shares including capital gains,Top income shares including capital gains,Top income shares including capital gains,Top composition,Top composition,Top composition,Top composition,Top composition,Top composition,Top composition,Top composition,Top composition,Top composition,Top composition,Top composition,Top composition,Top composition,Top composition,Top composition,Top composition,Top composition,Top composition,Top composition,Top composition,Top composition,Top composition,Top composition,Top composition,Top composition,Top composition,Top composition,Top composition,Top composition,Top composition,Top composition,Top composition,Top composition,Top composition,Top composition,Top composition,Top composition,Top composition,Top composition,Top composition,Top composition,Top composition,Top composition,Top composition,Top composition,Top composition,Top composition,Top composition,Top composition,Top composition,Top composition,Top composition,Top composition,Top composition,Top composition,Top composition,Top composition,Top composition,Top composition,Top composition,Top composition,Top composition,Top composition,Top composition,Top composition,Number of adults,Number of tax units,Number of tax units,Number of tax returns,Fiscal income control,Fiscal income control-incl. capital gains,Price index,Average income per tax unit,Average income per tax unit,Average income per tax unit-including capital gains,Average income per adult,Fractiles income levels,Fractiles income levels,Fractiles income levels,Fractiles income levels,Fractiles income levels,Fractiles income levels,Fractiles income levels,Fractiles income levels,Fractiles income levels,Fractiles income levels,Fractiles income levels,Fractiles income levels,Fractiles income levels,Fractiles income levels,Fractiles income levels,Fractiles income levels,Fractiles income levels,Fractiles income levels,Fractiles income levels,Fractiles income levels,Fractiles income levels,Fractiles income levels,Fractiles income levels,Fractiles income levels,Fractiles income levels,Fractiles income levels,Fractiles income levels,Fractiles income levels,Fractiles income levels-including capital gains,Fractiles income levels-including capital gains,Fractiles income levels-including capital gains,Fractiles income levels-including capital gains,Fractiles income levels-including capital gains,Fractiles income levels-including capital gains,Fractiles income levels-including capital gains,Fractiles income levels-including capital gains,Fractiles income levels-including capital gains,Fractiles income levels-including capital gains,Fractiles income levels-including capital gains,Fractiles income levels-including capital gains,Fractiles income levels-including capital gains,Fractiles income levels-including capital gains,Fractiles income levels-including capital gains,Fractiles income levels-including capital gains,Fractiles income levels-including capital gains,Fractiles income levels-including capital gains,Pareto-Lorenz coefficient,Inverted Pareto-Lorenz coefficient
,,,,,,,,,,,,,,,,,,,,,,,,,,,,,,,,,,,,,,Top 10% income composition,,,,,,Top 5% income composition,,,,,,Top 1% income composition,,,,,,Top 0.5% income composition,,,,,,Top 0.1% income composition,,,,,,Top 0.01% income composition,,,,,,Top 10-5% income composition,,,,,,Top 5-1% income composition,,,,,,Top 1-0.5% income composition,,,,,,Top 0.5-0.1% income composition,,,,,,Top 0.1-0.01% income composition,,,,,,,,,,,,,,,,,,,,,,,,,,,,,,,,,,,,,,,,,,,,,,,,,,,,,,,,,,,,,,,,
Variable,Top 10% income share,Top 10% income share,Top 5% income share,Top 5% income share,Top 1% income share,Top 1% income share,Top 0.5% income share,Top 0.5% income share,Top 0.1% income share,Top 0.1% income share,Top 0.05% income share,Top 0.01% income share,Top 10-5% income share,Top 10-5% income share,Top 5-1% income share,Top 5-1% income share,Top 1-0.5% income share,Top 1-0.5% income share,Top 0.5-0.1% income share,Top 0.5-0.1% income share,Top 0.1-0.05% income share,Top 0.05-0.01% income share,Top 0.1-0.01% income share,Top 10% income share-including capital gains,Top 5% income share-including capital gains,Top 1% income share-including capital gains,Top 0.5% income share-including capital gains,Top 0.1% income share-including capital gains,Top 0.05% income share-including capital gains,Top 0.01% income share-including capital gains,Top 10-5% income share-including capital gains,Top 5-1% income share-including capital gains,Top 1-0.5% income share-including capital gains,Top 0.5-0.1% income share-including capital gains,Top 0.1-0.05% income share-including capital gains,Top 0.05-0.01% income share-including capital gains,Top 0.1-0.01% income share-including capital gains,Top 10% income composition,Top 10% income composition,Top 10% income composition,Top 10% income composition,Top 10% income composition,Top 10% income composition,Top 5% income composition,Top 5% income composition,Top 5% income composition,Top 5% income composition,Top 5% income composition,Top 5% income composition,Top 1% income composition,Top 1% income composition,Top 1% income composition,Top 1% income composition,Top 1% income composition,Top 1% income composition,Top 0.5% income composition,Top 0.5% income composition,Top 0.5% income composition,Top 0.5% income composition,Top 0.5% income composition,Top 0.5% income composition,Top 0.1% income composition,Top 0.1% income composition,Top 0.1% income composition,Top 0.1% income composition,Top 0.1% income composition,Top 0.1% income composition,Top 0.01% income composition,Top 0.01% income composition,Top 0.01% income composition,Top 0.01% income composition,Top 0.01% income composition,Top 0.01% income composition,Top 10-5% income composition,Top 10-5% income composition,Top 10-5% income composition,Top 10-5% income composition,Top 10-5% income composition,Top 10-5% income composition,Top 5-1% income composition,Top 5-1% income composition,Top 5-1% income composition,Top 5-1% income composition,Top 5-1% income composition,Top 5-1% income composition,Top 1-0.5% income composition,Top 1-0.5% income composition,Top 1-0.5% income composition,Top 1-0.5% income composition,Top 1-0.5% income composition,Top 1-0.5% income composition,Top 0.5-0.1% income composition,Top 0.5-0.1% income composition,Top 0.5-0.1% income composition,Top 0.5-0.1% income composition,Top 0.5-0.1% income composition,Top 0.5-0.1% income composition,Top 0.1-0.01% income composition,Top 0.1-0.01% income composition,Top 0.1-0.01% income composition,Top 0.1-0.01% income composition,Top 0.1-0.01% income composition,Top 0.1-0.01% income composition,Number of adults,Number of tax units,Number of tax units,Number of tax returns,Fiscal income control,Fiscal income control-incl. capital gains,Price index,Average income per tax unit,Average income per tax unit,Average income per tax unit-including capital gains,Average income per adult,Top 10% average income,Top 10% average income,Top 5% average income,Top 5% average income,Top 1% average income,Top 1% average income,Top 0.5% average income,Top 0.5% average income,Top 0.1% average income,Top 0.1% average income,Top 0.01% average income,Bottom 90% average income,Bottom 90% average income,Top 10-5% average income,Top 10-5% average income,Top 5-1% average income,Top 5-1% average income,Top 1-0.5% average income,Top 1-0.5% average income,Top 0.5-0.1% average income,Top 0.5-0.1% average income,Top 0.1-0.01% average income,P90 income threshold,P95 income threshold,P99 income threshold,P99.5 income threshold,P99.9 income threshold,P99.99 income threshold,Top 10% average income-including capital gains,Top 5% average income-including capital gains,Top 1% average income-including capital gains,Top 0.5% average income-including capital gains,Top 0.1% average income-including capital gains,Top 0.01% average income-including capital gains,Bottom 90% average income-including capital gains,Top 10-5% average income-including capital gains,Top 5-1% average income-including capital gains,Top 1-0.5% average income-including capital gains,Top 0.5-0.1% average income-including capital gains,Top 0.1-0.01% average income-including capital gains,P90 income-including capital gains threshold,P95 income-including capital gains threshold,P99 income-including capital gains threshold,P99.5 income-including capital gains threshold,P99.9 income-including capital gains threshold,P99.99 income-including capital gains threshold,Pareto-Lorenz coefficient,Inverted Pareto-Lorenz coefficient
Subvariable,married couples & single adults,adults,married couples & single adults,adults,married couples & single adults,adults,married couples & single adults,adults,married couples & single adults,adults,,,married couples & single adults,adults,married couples & single adults,adults,married couples & single adults,adults,married couples & single adults,adults,,,,,,,,,,,,,,,,,,,,,,,,,,,,,,,,,,,,,,,,,,,,,,,,,,,,,,,,,,,,,,,,,,,,,,,,,,,,,,,,,,,,,married couples & single adults,adults,,,,,married couples & single adults,adults,,,married couples & single adults,adults,married couples & single adults,adults,married couples & single adults,adults,married couples & single adults,adults,married couples & single adults,adults,,married couples & single adults,adults,married couples & single adults,adults,married couples & single adults,adults,married couples & single adults,adults,married couples & single adults,adults,,adults,adults,adults,adults,,,,,,,,,,,,,,,,,,,,,,
1900,,,,,,,,,,,,,,,,,,,,,,,,,,,,,,,,,,,,,,,,,,,,,,,,,,,,,,,,,,,,,,,,,,,,,,,,,,,,,,,,,,,,,,,,,,,,,,,,,,,,,,,,,,,,,,,,,,,,,,,,,,,,,,,,,,,,,,,,,,,,,,,,,,,,,,,,,,,,,,,,,,
1901,,,,,,,,,,,,,,,,,,,,,,,,,,,,,,,,,,,,,,,,,,,,,,,,,,,,,,,,,,,,,,,,,,,,,,,,,,,,,,,,,,,,,,,,,,,,,,,,,,,,,,,,,,,,,,,,,,,,,,,,,,,,,,,,,,,,,,,,,,,,,,,,,,,,,,,,,,,,,,,,,,
1902,,,,,,,,,,,,,,,,,,,,,,,,,,,,,,,,,,,,,,,,,,,,,,,,,,,,,,,,,,,,,,,,,,,,,,,,,,,,,,,,,,,,,,,,,,,,,,,,,,,,,,,,,,,,,,,,,,,,,,,,,,,,,,,,,,,,,,,,,,,,,,,,,,,,,,,,,,,,,,,,,,
1903,,,,,,,,,,,,,,,,,,,,,,,,,,,,,,,,,,,,,,,,,,,,,,,,,,,,,,,,,,,,,,,,,,,,,,,,,,,,,,,,,,,,,,,,,,,,,,,,,,,,,,,,,,,,,,,,,,,,,,,,,,,,,,,,,,,,,,,,,,,,,,,,,,,,,,,,,,,,,,,,,,
1904,,,,,,,,,,,,,,,,,,,,,,,,,,,,,,,,,,,,,,,,,,,,,,,,,,,,,,,,,,,,,,,,,,,,,,,,,,,,,,,,,,,,,,,,,,,,,,,,,,,,,,,,,,,,,,,,,,,,,,,,,,,,,,,,,,,,,,,,,,,,,,,,,,,,,,,,,,,,,,,,,,
1905,,,,,,,,,,,,,,,,,,,,,,,,,,,,,,,,,,,,,,,,,,,,,,,,,,,,,,,,,,,,,,,,,,,,,,,,,,,,,,,,,,,,,,,,,,,,,,,,,,,,,,,,,,,,,,,,,,,,,,,,,,,,,,,,,,,,,,,,,,,,,,,,,,,,,,,,,,,,,,,,,,
1906,,,,,,,,,,,,,,,,,,,,,,,,,,,,,,,,,,,,,,,,,,,,,,,,,,,,,,,,,,,,,,,,,,,,,,,,,,,,,,,,,,,,,,,,,,,,,,,,,,,,,,,,,,,,,,,,,,,,,,,,,,,,,,,,,,,,,,,,,,,,,,,,,,,,,,,,,,,,,,,,,,
1907,,,,,,,,,,,,,,,,,,,,,,,,,,,,,,,,,,,,,,,,,,,,,,,,,,,,,,,,,,,,,,,,,,,,,,,,,,,,,,,,,,,,,,,,,,,,,,,,,,,,,,,,,,,,,,,,,,,,,,,,,,,,,,,,,,,,,,,,,,,,,,,,,,,,,,,,,,,,,,,,,,
1908,,,,,,,,,,,,,,,,,,,,,,,,,,,,,,,,,,,,,,,,,,,,,,,,,,,,,,,,,,,,,,,,,,,,,,,,,,,,,,,,,,,,,,,,,,,,,,,,,,,,,,,,,,,,,,,,,,,,,,,,,,,,,,,,,,,,,,,,,,,,,,,,,,,,,,,,,,,,,,,,,,
1909,,,,,,,,,,,,,,,,,,,,,,,,,,,,,,,,,,,,,,,,,,,,,,,,,,,,,,,,,,,,,,,,,,,,,,,,,,,,,,,,,,,,,,,,,,,,,,,,,,,,,,,,,,,,,,,,,,,,,,,,,,,,,,,,,,,,,,,,,,,,,,,,,,,,,,,,,,,,,,,,,,
1910,,,,,,,,,,,,,,,,,,,,,,,,,,,,,,,,,,,,,,,,,,,,,,,,,,,,,,,,,,,,,,,,,,,,,,,,,,,,,,,,,,,,,,,,,,,,,,,,,,,,,,,,,,,,,,,,,,,,,,,,,,,,,,,,,,,,,,,,,,,,,,,,,,,,,,,,,,,,,,,,,,
1911,,,,,,,,,,,,,,,,,,,,,,,,,,,,,,,,,,,,,,,,,,,,,,,,,,,,,,,,,,,,,,,,,,,,,,,,,,,,,,,,,,,,,,,,,,,,,,,,,,,,,,,,,,,,,,,,,,,,,,,,,,,,,,,,,,,,,,,,,,,,,,,,,,,,,,,,,,,,,,,,,,
1912,,,,,,,,,,,,,,,,,,,,,,,,,,,,,,,,,,,,,,,,,,,,,,,,,,,,,,,,,,,,,,,,,,,,,,,,,,,,,,,,,,,,,,,,,,,,,,,,,,,,,,,,,,,,,,,,,,,,,,,,,,,,,,,,,,,,,,,,,,,,,,,,,,,,,,,,,,,,,,,,,,
1913,,,,,,,,,,,,,,,,,,,,,,,,,,,,,,,,,,,,,,,,,,,,,,,,,,,,,,,,,,,,,,,,,,,,,,,,,,,,,,,,,,,,,,,,,,,,,,,,,,,,,,,,,,,,,,,,,,,,,,,,,,,,,,,,,,,,,,,,,,,,,,,,,,,,,,,,,,,,,,,,,,
1914,,,,,,,,,,,,,,,,,,,,,,,,,,,,,,,,,,,,,,,,,,,,,,,,,,,,,,,,,,,,,,,,,,,,,,,,,,,,,,,,,,,,,,,,,,,,,,,,,,,,,,,,,,,,,,,,,,,,,,,,,,,,,,,,,,,,,,,,,,,,,,,,,,,,,,,,,,,,,,,,,,
1915,,,,,,,,,,,,,,,,,,,,,,,,,,,,,,,,,,,,,,,,,,,,,,,,,,,,,,,,,,,,,,,,,,,,,,,,,,,,,,,,,,,,,,,,,,,,,,,,,,,,,,,,,,,,,,,,,,,,,,,,,,,,,,,,,,,,,,,,,,,,,,,,,,,,,,,,,,,,,,,,,,
1916,,,,,,,,,,,,,,,,,,,,,,,,,,,,,,,,,,,,,,,,,,,,,,,,,,,,,,,,,,,,,,,,,,,,,,,,,,,,,,,,,,,,,,,,,,,,,,,,,,,,,,,,,,,,,,,,,,,,,,,,,,,,,,,,,,,,,,,,,,,,,,,,,,,,,,,,,,,,,,,,,,
1917,,,,,,,,,,,,,,,,,,,,,,,,,,,,,,,,,,,,,,,,,,,,,,,,,,,,,,,,,,,,,,,,,,,,,,,,,,,,,,,,,,,,,,,,,,,,,,,,,,,,,,,,,,,,,,,,,,,,,,,,,,,,,,,,,,,,,,,,,,,,,,,,,,,,,,,,,,,,,,,,,,
1918,,,,,,,,,,,,,,,,,,,,,,,,,,,,,,,,,,,,,,,,,,,,,,,,,,,,,,,,,,,,,,,,,,,,,,,,,,,,,,,,,,,,,,,,,,,,,,,,,,,,,,,,,,,,,,,,,,,,,,,,,,,,,,,,,,,,,,,,,,,,,,,,,,,,,,,,,,,,,,,,,,
1919,,,,,,,,,,,,,,,,,,,,,,,,,,,,,,,,,,,,,,,,,,,,,,,,,,,,,,,,,,,,,,,,,,,,,,,,,,,,,,,,,,,,,,,,,,,,,,,,,,,,,,,,,,,,,,,,,,,,,,,,,,,,,,,,,,,,,,,,,,,,,,,,,,,,,,,,,,,,,,,,,,
1920,,,,,,,,,,,,,,,,,,,,,,,,,,,,,,,,,,,,,,,,,,,,,,,,,,,,,,,,,,,,,,,,,,,,,,,,,,,,,,,,,,,,,,,,,,,,,,,,,,,,,,,,,,,,,,,,,,,,,,,,,,,,,,,,,,,,,,,,,,,,,,,,,,,,,,,,,,,,,,,,,,
1921,,,25.38584467174798,,11.34476531769083,,7.818127942585118,,3.125206942606547,,,,,,14.04107935405716,,3.526637375105707,,4.692920999978571,,,,,,,,,,,,,,,,,,,,,,,,,,,,,,,,,,,,,,,,,,,,,,,,,,,,,,,,,,,,,,,,,,,,,,,,,,,,,,,,,,,,,981.5023702853643,669,,,192,,0.02278228905597326,12597.30815415232,,,8586.427715582229,,,63958.66161669102,,142913.5046434911,,196974.7337626673,,393691.949015109,,,,,,,44219.95085999101,,88852.27552431494,,147795.4299495568,,,,,,,,,,,,,,,,,,,,,,,,,,,2.272297270979726,1.785979835695124
1922,,,23.83892619359081,,10.46734688356879,,7.223556572146554,,2.885719682180333,,,,,,13.37157931002203,,3.243790311422232,,4.337836889966221,,,,,,,,,,,,,,,,,,,,,,,,,,,,,,,,,,,,,,,,,,,,,,,,,,,,,,,,,,,,,,,,,,,,,,,,,,,,,,,,,,,,,1009.377624448925,688,,,203,,0.02043868003341687,14436.2619823036,,,9839.873604536646,,,68828.9967814953,,151109.3618708481,,208562.3102389972,,416590.0533944517,,,,,,,48258.9055091571,,93656.41350269904,,156555.3744501336,,,,,,,,,,,,,,,,,,,,,,,,,,,2.270572680678578,1.78704667210846
1923,,,24.71826250557766,,10.94385552461837,,7.538283736126003,,2.961330818077126,,,,,,13.77440698095929,,3.40557178849237,,4.576952918048876,,,,,,,,,,,,,,,,,,,,,,,,,,,,,,,,,,,,,,,,,,,,,,,,,,,,,,,,,,,,,,,,,,,,,,,,,,,,,,,,,,,,,1032.851522691923,704,,,214,,0.02031010860484544,14966.79700938438,,,10201.49059483882,,,73990.64346913155,,163794.464136993,,225647.9249554831,,443216.3723179454,,,,,,,51539.68830216619,,101941.0033185028,,171255.8131148676,,,,,,,,,,,,,,,,,,,,,,,,,,,2.313119730642004,1.761545178756156
1924,33.72780397171342,,24.47242437814063,,10.8853444590734,,7.506644486744413,,2.912226942466971,,,,9.255379593572794,,13.58707991906722,,3.37869997232899,,4.594417544277443,,,,,,,,,,,,,,,,,,,,,,,,,,,,,,,,,,,,,,,,,,,,,,,,,,,,,,,,,,,,,,,,,,,,,,,,,,,,,,,,,,,,,1057.792539575109,721,,,231,,0.02154235588972431,14872.48428884179,,,10137.20627729341,50161.62346664434,,72793.14941475303,,161892.1144462002,,223284.9043820542,,433120.4944738178,,,10951.4688246415,,27530.09751853565,,50518.40815689125,,100499.3245103462,,170826.0068591133,,,,,,,,,,,,,,,,,,,,,,,,,,,2.339821445878466,1.746368109777748
1925,34.97473038881916,,25.15544490249896,,11.08174755983086,,7.604211020966077,,2.918496232736532,,,,9.819285486320204,,14.07369734266809,,3.477536538864785,,4.685714788229546,,,,,,,,,,,,,,,,,,,,,,,,,,,,,,,,,,,,,,,,,,,,,,,,,,,,,,,,,,,,,,,,,,,,,,,,,,,,,,,,,,,,,1087.134912378856,741,,,233,,0.02208095238095238,14240.32535345431,,,9706.321604390107,49805.15398861303,,71644.34396449575,,157807.6907368398,,216572.8779897598,,415603.3589699891,,,10288.67772732556,,27965.9640127303,,50103.50727140973,,99042.50348391988,,166815.2577447024,,,,,,,,,,,,,,,,,,,,,,,,,,,2.377833545060062,1.725777074876202
1926,35.73319609735671,,25.17534607910189,,10.83986995199254,,7.364714473188014,,2.785508635381489,,,,10.55785001825483,,14.33547612710935,,3.475155478804524,,4.579205837806525,,,,,,,,,,,,,,,,,,,,,,,,,,,,,,,,,,,,,,,,,,,,,,,,,,,,,,,,,,,,,,,,,,,,,,,,,,,,,,,,,,,,,1116.477285182604,761,,,232,,0.02194628237259816,13891.28320128309,,,9468.411634050808,49637.99466753657,,69943.57241502323,,150579.7033682073,,204610.6688872862,,386942.8931370385,,,9919.426371699368,,29332.41692004993,,49784.53967672721,,96548.73784912835,,159027.6128248481,,,,,,,,,,,,,,,,,,,,,,,,,,,2.439735857452551,1.694571851373756
1927,35.68978809491423,,24.9852400464075,,10.64364243311067,,7.196541880435971,,2.69300460917216,,,,10.70454804850673,,14.34159761329683,,3.447100552674696,,4.503537271263811,,,,,,,,,,,,,,,,,,,,,,,,,,,,,,,,,,,,,,,,,,,,,,,,,,,,,,,,,,,,,,,,,,,,,,,,,,,,,,,,,,,,,1142.885420705977,779,,,240,,0.02167702589807853,14212.61813533834,,,9687.436139127105,50724.53295241603,,71021.1351598706,,151274.0254708854,,204563.4032832124,,382746.4614686999,,,10155.7387112186,,30427.93074496148,,50957.9125821169,,97984.64765855842,,160017.6387368405,,,,,,,,,,,,,,,,,,,,,,,,,,,2.480485890591047,1.67545392114529
1928,35.84771897181638,,25.41742529590404,,11.46801689262699,,7.979995138072944,,3.174732832379566,,,,10.43029367591234,,13.94940840327704,,3.488021754554051,,4.805262305693378,,,,,,,,,,,,,,,,,,,,,,,,,,,,,,,,,,,,,,,,,,,,,,,,,,,,,,,,,,,,,,,,,,,,,,,,,,,,,,,,,,,,,1163.425081668601,793,,,254,,0.02181161236424394,14684.95968214513,,,10009.38797987698,52642.23077979927,,74650.77313885732,,168407.3657023867,,234371.8137326307,,466208.2364507635,,,10467.48511573912,,30633.68842074122,,51211.62499797497,,102442.9176721427,,176412.7080530976,,,,,,,,,,,,,,,,,,,,,,,,,,,2.26132372865903,1.792817876393355
1929,36.54358150453662,,25.48153790268812,,10.98952658609094,,7.478644321704255,,2.876746292821763,,,,11.0620436018485,,14.49201131659718,,3.510882264386684,,4.601898028882492,,,,,,,,,,,,,,,,,,,,,,,,,,,,,,,,,,,,,,,,,,,,,,,,,,,,,,,,,,,,,,,,,,,,,,,,,,,,,,,,,,,,,1182.497623991037,806,,,247,,0.02167702589807853,14137.16135894777,,,9636.004186506738,51662.25083634934,,72047.32260088909,,155360.710606014,,211453.6030442231,,406690.2653037607,,,9967.706972569815,,31277.17907180959,,51218.97559960786,,99267.81816780493,,162644.4374793387,,,,,,,,,,,,,,,,,,,,,,,,,,,2.392787689429442,1.717984519528351
1930,38.38049599732575,,26.16621525586748,,10.56829797119673,,7.056451153519575,,2.596034483778904,,,,12.21428074145826,,15.59791728467075,,3.51184681767716,,4.46041666974067,,,,,,,,,,,,,,,,,,,,,,,,,,,,,,,,,,,,,,,,,,,,,,,,,,,,,,,,,,,,,,,,,,,,,,,,,,,,,,,,,,,,,1205.971522234035,822,,,211,,0.02069557226399332,12403.18432815253,,,8454.111336604861,47604.03664607513,,64908.87819772821,,131080.5477715935,,175044.9287194156,,321990.9422455004,,,8491.978515050012,,30299.19509442207,,48365.9608042619,,87116.16682377135,,138308.4253378944,,,,,,,,,,,,,,,,,,,,,,,,,,,2.562096197224982,1.640165440372027
1931,,,,,,,,,,,,,,,,,,,,,,,,,,,,,,,,,,,,,,,,,,,,,,,,,,,,,,,,,,,,,,,,,,,,,,,,,,,,,,,,,,,,,,,,,,,,,,,,,,,,,,,,1229.445420477033,838,,,189,,0.01907702589807853,11822.43993613344,,,8058.271234713092,,,,,,,,,,,,,,,,,,,,,,,,,,,,,,,,,,,,,,,,,,,,,,,,
1932,,,,,,,,,,,,,,,,,,,,,,,,,,,,,,,,,,,,,,,,,,,,,,,,,,,,,,,,,,,,,,,,,,,,,,,,,,,,,,,,,,,,,,,,,,,,,,,,,,,,,,,,1247.050844159282,850,,,175,,0.01732898913951545,11880.80569983745,,,8098.053814052796,,,,,,,,,,,,,,,,,,,,,,,,,,,,,,,,,,,,,,,,,,,,,,,,
1933,38.1266630167534,,25.99355601808092,,10.85715323401084,,7.390544702046414,,2.812849599500091,,,,12.13310699867248,,15.13640278407008,,3.466608531964422,,4.577695102546323,,,,,,,,,,,,,,,,,,,,,,,,,,,,,,,,,,,,,,,,,,,,,,,,,,,,,,,,,,,,,,,,,,,,,,,,,,,,,,,,,,,,,1264.656267841531,862,,,192,,0.01719958228905598,12950.1877012007,,,8826.953285486585,49374.74424873833,,67324.28589116457,,140602.1722811385,,191417.8822112309,,364269.3028877339,,,8903.014751474293,,31425.2026063121,,49004.81429367109,,89786.46235104612,,148205.0270421052,,,,,,,,,,,,,,,,,,,,,,,,,,,2.41878597083259,1.704827944847219
1934,37.97457743945832,,25.64031159153239,,10.42310403934164,,6.963720195987709,,2.49491755012701,,,,12.33426584792593,,15.21720755219075,,3.459383843353929,,4.468802645860698,,,,,,,,,,,,,,,,,,,,,,,,,,,,,,,,,,,,,,,,,,,,,,,,,,,,,,,,,,,,,,,,,,,,,,,,,,,,,,,,,,,,,1280.794572883592,873,,,199,,0.01750167084377611,13024.44784377158,,,8877.569602760967,49459.79032494898,,66790.18020439311,,135755.1749306101,,181397.2209825215,,324949.2350613961,,,8976.076456974091,,32129.40044550486,,49548.93152283887,,90113.12887869864,,145509.2174628028,,,,,,,,,,,,,,,,,,,,,,,,,,,2.638110873350035,1.610459289580894
1935,,,24.64779975295369,,10.36089621230485,,6.929195634613087,,2.765302738213287,,,,,,14.28690354064885,,3.431700577691759,,4.1638928963998,,,,,,,,,,,,,,,,,,,,,,,,,,,,,,,,,,,,,,,,,,,,,,,,,,,,,,,,,,,,,,,,,,,,,,,,,,,,,,,,,,,,,1295.465759285466,883,,,231,,0.01817067669172932,14397.27085890314,,,9813.296937638401,,,70972.20982385603,,149168.6291095364,,199523.0127717076,,398128.1252892321,,,,,,,51423.10500243593,,98814.24544736522,,149871.7346423265,,,,,,,,,,,,,,,,,,,,,,,,,,,2.345516318208273,1.743209120890951
1936,34.4926742609236,,24.15204837859625,,10.6632032582473,,7.280825406438233,,2.80823533736602,,,,10.34062588232735,,13.48884512034895,,3.382377851809068,,4.472590069072212,,,,,,,,,,,,,,,,,,,,,,,,,,,,,,,,,,,,,,,,,,,,,,,,,,,,,,,,,,,,,,,,,,,,,,,,,,,,,,,,,,,,,1314.538301607902,896,,,289,,0.01905547201336675,16926.61523319333,,,11537.31863909203,58384.42255785249,,81762.48599959392,,180491.9387056855,,246479.4604696769,,475339.190398515,,,12320.19219712009,,35006.35911611108,,57080.12282307102,,114504.4169416942,,189264.5279874673,,,,,,,,,,,,,,,,,,,,,,,,,,,2.377862222597368,1.72576196923008
1937,30.3585594726367,,20.51398106262355,,8.331210468666251,,5.484767174890137,,1.913302068872707,,,,9.844578410013149,,12.1827705939573,,2.846443293776114,,3.571465106017429,,,,,,,,,,,,,,,,,,,,,,,,,,,,,,,,,,,,,,,,,,,,,,,,,,,,,,,,,,,,,,,,,,,,,,,,,,,,,,,,,,,,,1310.13694568734,893,,,318,,0.02039340016708438,17461.6797884935,,,11902.02299267575,53011.14443511183,,71641.71370055043,,145476.929454395,,191546.4962447434,,334094.6806531736,,,13511.73927220258,,34380.57516967323,,53182.90976208931,,99407.36266404651,,155909.4501426359,,,,,,,,,,,,,,,,,,,,,,,,,,,2.769504382985872,1.56512999324285
1938,27.63762138632364,,18.4681934632191,,7.321330120153354,,4.786406747953737,,1.6635954575321,,,,9.169427923104539,,11.14686334306575,,2.534923372199617,,3.122811290421637,,,,,,,,,,,,,,,,,,,,,,,,,,,,,,,,,,,,,,,,,,,,,,,,,,,,,,,,,,,,,,,,,,,,,,,,,,,,,,,,,,,,,1307.202708406965,891,,,350,,0.02078187134502924,18901.90988876866,,,12883.69554513626,52240.38289841949,,69816.82573002276,,138387.1221970665,,180944.4580816315,,314451.3142963662,,,15197.63510991856,,34663.94006681623,,52674.25161326182,,95829.78631250146,,147567.7440279478,,,,,,,,,,,,,,,,,,,,,,,,,,,2.805381672587159,1.553899496812203
1939,29.7192751764568,,19.92248779885777,,7.846172467304082,,5.145780295327788,,1.862363205184028,,,,9.796787377599031,,12.07631533155368,,2.700392171976294,,3.28341709014376,,,,,,,,,,,,,,,,,,,,,,,,,,,,,,,,,,,,,,,,,,,,,,,,,,,,,,,,,,,,,,,,,,,,,,,,,,,,,,,,,,,,,1307.202708406965,891,,,372,,0.0218609022556391,19098.40740451231,,,13017.62985035275,56759.08250867813,,76097.55769880224,,149849.3983466409,,196552.4169885635,,355681.7122777791,,,14913.88794849388,,37420.607318554,,57659.59753684259,,103146.3797047182,,156770.0931662596,,,,,,,,,,,,,,,,,,,,,,,,,,,2.663778899366764,1.601041400621562
1940,28.66518513245702,,19.16055080427896,,7.417102430798673,,4.831540680452112,,1.67124815362117,,,,9.504634328178067,,11.74344837348028,,2.585561750346561,,3.160292526830942,,,,,,,,,,,,,,,,,,,,,,,,,,,,,,,,,,,,,,,,,,,,,,,,,,,,,,,,,,,,,,,,,,,,,,,,,,,,,,,,,,,,,1296.932877925653,884,,,405,,0.02263776106934002,20238.07897683794,,,13794.4392651524,58012.82805963459,,77554.54808334264,,150107.9047738002,,195562.2037415903,,338228.5212287983,,,16040.88463430498,,38471.10803592655,,59416.20891072825,,104653.6058060101,,159895.6243697883,,,,,,,,,,,,,,,,,,,,,,,,,,,2.834413583106062,1.545133338092047
1941,,,,,,,,,,,,,,,,,,,,,,,,,,,,,,,,,,,,,,,,,,,,,,,,,,,,,,,,,,,,,,,,,,,,,,,,,,,,,,,,,,,,,,,,,,,,,,,,,,,,,,,,1274.926098322843,869,,,,,0.02365204678362573,,,,,,,,,,,,,,,,,,,,,,,,,,,,,,,,,,,,,,,,,,,,,,,,,,,,
1942,,,,,,,,,,,,,,,,,,,,,,,,,,,,,,,,,,,,,,,,,,,,,,,,,,,,,,,,,,,,,,,,,,,,,,,,,,,,,,,,,,,,,,,,,,,,,,,,,,,,,,,,1264.656267841531,862,,,,,0.02425630743525481,,,,,,,,,,,,,,,,,,,,,,,,,,,,,,,,,,,,,,,,,,,,,,,,,,,,
1943,,,,,,,,,,,,,,,,,,,,,,,,,,,,,,,,,,,,,,,,,,,,,,,,,,,,,,,,,,,,,,,,,,,,,,,,,,,,,,,,,,,,,,,,,,,,,,,,,,,,,,,,1245.583725519095,849,,,,,0.02419548872180451,,,,,,,,,,,,,,,,,,,,,,,,,,,,,,,,,,,,,,,,,,,,,,,,,,,,
1944,,,,,,,,,,,,,,,,,,,,,,,,,,,,,,,,,,,,,,,,,,,,,,,,,,,,,,,,,,,,,,,,,,,,,,,,,,,,,,,,,,,,,,,,,,,,,,,,,,,,,,,,1244.116606878907,848,,,,,0.02419548872180451,,,,,,,,,,,,,,,,,,,,,,,,,,,,,,,,,,,,,,,,,,,,,,,,,,,,
1945,25.26113634833797,,17.0796625737567,,6.880597102114587,,4.494628786221089,,1.59861004961457,,,,8.181473774581278,,10.19906547164211,,2.385968315893498,,2.896018736606519,,,,,,,,,,,,,,,,,,,,,,,,,,,,,,,,,,,,,,,,,,,,,,,,,,,,,,,,,,,,,,,,,,,,,,,,,,,,,,,,,,,,,1255.853556000406,856,,,618,,0.02419548872180451,29838.72841435152,,,20338.32002198562,75376.01869359602,,101927.082589418,,205308.2682585712,,268228.015350755,,477004.9111090216,,,24779.02949443546,,48824.95479777403,,76081.78617212972,,142388.5211663875,,216033.7914111883,,,,,,,,,,,,,,,,,,,,,,,,,,,2.731371692080268,1.577576729811544
1946,27.1023815978424,,18.54358660524586,,7.50275599465887,,4.899975413068662,,1.761424071934524,,,,8.558794992596532,,11.04083061058699,,2.602780581590208,,3.138551341134138,,,,,,,,,,,,,,,,,,,,,,,,,,,,,,,,,,,,,,,,,,,,,,,,,,,,,,,,,,,,,,,,,,,,,,,,,,,,,,,,,,,,,1293.998640645279,882,,,663,,0.02439381787802841,30815.2124456569,,,21003.89948131323,83516.56467207755,,114284.9121490178,,231199.019903339,,301987.5666644126,,542786.5698355641,,,24959.50664272127,,52748.21719513732,,85056.38521043751,,160410.4731422654,,241787.8158716246,,,,,,,,,,,,,,,,,,,,,,,,,,,2.698013229907267,1.588923562188389
1947,28.43621507315079,,19.54135103802913,,7.717318096035166,,5.031676689040301,,1.766235905778134,,,,8.894864035121657,,11.82403294199396,,2.685641406994865,,3.265440783262167,,,,,,,,,,,,,,,,,,,,,,,,,,,,,,,,,,,,,,,,,,,,,,,,,,,,,,,,,,,,,,,,,,,,,,,,,,,,,,,,,,,,,1311.604064327527,894,,,750,,0.02637702589807853,31805.18447145161,,,21678.67246740811,90441.90660714336,,124303.2549171818,,245450.7256692702,,320066.8105912593,,561754.5880337497,,,25289.99312304141,,56580.55829710494,,94016.38722915969,,170834.6407472811,,259644.8662306367,,,,,,,,,,,,,,,,,,,,,,,,,,,2.781004455874081,1.561480908541141
1948,28.79578874566923,,19.66680750817791,,7.736735350909353,,5.087652660030324,,1.866731635351657,,,,9.128981237491324,,11.93007215726855,,2.649082690879029,,3.220921024678667,,,,,,,,,,,,,,,,,,,,,,,,,,,,,,,,,,,,,,,,,,,,,,,,,,,,,,,,,,,,,,,,,,,,,,,,,,,,,,,,,,,,,1327.742369369588,905,,,789,,0.02855856307435255,30527.55848219981,,,20807.83219978762,87906.51249744886,,120075.9232728135,,236183.640886188,,310627.2282323903,,569867.5916877021,,,24152.11914717214,,55737.10172208424,,91048.99386946985,,161740.0535399856,,245817.1373685623,,,,,,,,,,,,,,,,,,,,,,,,,,,2.614214056555237,1.6194965258412
1949,29.55739915169619,,20.32012823882313,,8.017575945803948,,5.261143703727855,,1.915955382111537,,,,9.237270912873061,,12.30255229301918,,2.756432242076093,,3.345188321616318,,,,,,,,,,,,,,,,,,,,,,,,,,,,,,,,,,,,,,,,,,,,,,,,,,,,,,,,,,,,,,,,,,,,,,,,,,,,,,,,,,,,,1345.347793051837,917,,,888,,0.02895522138680033,33443.88645412036,,,22795.62506945497,98851.43011084408,,135916.8123104731,,268138.8995687539,,351906.1852925693,,640769.9425049904,,,26176.38160337328,,61786.04791121507,,102861.2904959029,,184371.6138449385,,279690.2459894639,,,,,,,,,,,,,,,,,,,,,,,,,,,2.643109102030327,1.608602312995734
1950,31.32318428284857,,22.58953095169624,,9.436938671593644,,6.166061410047844,,2.232025978788191,,,,8.733653331152325,,13.1525922801026,,3.270877261545801,,3.934035431259653,,,,,,,,,,,,,,,,,,,,,,,,,,,,,,,,,,,,,,,,,,,,,,,,,,,,,,,,,,,,,,,,,,,,,,,,,,,,,,,,,,,,,1360.018979453711,927,,,1104,,0.03153341687552214,37767.50600888192,,,25742.63933014851,118299.8550619799,,170630.0491912024,,356409.6379848631,,465753.5227102338,,842980.5456586357,,,28819.46722520436,,65969.66093275741,,124185.1519927872,,247065.7532594925,,371446.7669731333,,,,,,,,,,,,,,,,,,,,,,,,,,,2.674740013386208,1.597107605960921
1951,29.32130072718365,,20.11235039053896,,7.882756749498751,,5.113423402201247,,1.854246623899725,,,,9.208950336644683,,12.22959364104021,,2.769333347297504,,3.259176778301522,,,,,,,,,,,,,,,,,,,,,,,,,,,,,,,,,,,,,,,,,,,,,,,,,,,,,,,,,,,,,,,,,,,,,,,,,,,,,,,,,,,,,1377.62440313596,939,,,1138,,0.03515363408521303,34475.17202906754,,,23498.55770673334,101085.6886685679,,138675.3479245429,,271759.3950022627,,352572.3028966956,,639254.7134326071,,,27074.00351356749,,63496.02941259296,,105404.3361551129,,190946.4871078297,,280901.7002627177,,,,,,,,,,,,,,,,,,,,,,,,,,,2.691867051114373,1.591062991232872
1952,30.1395685382051,,20.58989684905644,,7.94304891242864,,5.106374511394418,,1.831830765168206,,,,9.549671689148656,,12.6468479366278,,2.836674401034222,,3.274543746226212,,,,,,,,,,,,,,,,,,,,,,,,,,,,,,,,,,,,,,,,,,,,,,,,,,,,,,,,,,,,,,,,,,,,,,,,,,,,,,,,,,,,,1405.49965729952,958,,,1208,,0.03655981620718463,34490.33569762387,,,23508.8933865761,103952.3836664237,,142030.4908606809,,273958.42345231,,352241.1421915671,,631804.5803188663,,,26772.33036775723,,65874.27647216638,,109048.5077127737,,195675.7047130529,,282350.2826597423,,,,,,,,,,,,,,,,,,,,,,,,,,,2.755594387788826,1.56960765365598
1953,,35.93043477532694,,24.82767056292355,,9.896712472511467,,6.410968730475198,,2.325849338903569,,,,11.10276421240338,,14.93095809041209,,3.485743742036269,,4.085119391571629,,,,,,,,,,,,,,,,,,,,,,,,,,,,,,,,,,,,,,,,,,,,,,,,,,,,,,,,,,,,,,,,,,,,,,,,,,,,,,,,,,,,1432,,1432,,1333,,0.03880960735171261,,23985.45064761217,,23985.45064761217,,86180.76700508523,,119100.5733964353,,237377.1085830316,,307539.9481763954,,557865.4453205295,,,17074.85994122627,,53260.96061373519,,89531.4395997862,,167214.2689896678,,244958.5738903619,,,,,,,,,,,,,,,,,,,,,,,,,,2.694759526626277,1.590054213762515
1954,,35.3965781059859,,24.29103599302952,,9.542887346140489,,6.15247698246381,,2.201599654547959,,,,11.10554211295637,,14.74814864688904,,3.390410363676679,,3.950877327915851,,,,,,,,,,,,,,,,,,,,,,,,,,,,,,,,,,,,,,,,,,,,,,,,,,,,,,,,,,,,,,,,,,,,,,,,,,,,,,,,,,,,1459,,1459,,1444,,0.03965329991645782,,24959.30950744919,,24959.30950744919,,88347.41484519017,,121257.4971213225,,238183.8788670409,,307123.1544855426,,549504.0718935572,,,17916.18669214464,,55437.33256905788,,92025.90168489286,,169244.6032485392,,246527.9251335389,,,,,,,,,,,,,,,,,,,,,,,,,,2.75437665945568,1.570003023358886
1955,,34.12513553090428,,22.88908612099351,,8.75596031647294,,5.605310476120882,,1.980894806418104,,,,11.23604940991077,,14.13312580452057,,3.150649840352059,,3.624415669702778,,,,,,,,,,,,,,,,,,,,,,,,,,,,,,,,,,,,,,,,,,,,,,,,,,,,,,,,,,,,,,,,,,,,,,,,,,,,,,,,,,,,1487,,1487,,1520,,0.040496992481203,,25241.19128184536,,25241.19128184536,,86135.90734544523,,115549.5602093258,,221010.8692043407,,282969.4278437977,,500001.447180134,,,18475.11171922314,,56722.25448156467,,89184.23296057207,,159052.3105648837,,228711.4230097136,,,,,,,,,,,,,,,,,,,,,,,,,,2.820415974538895,1.549324997136051
1956,,35.03978378217618,,23.52552390886972,,8.9098491412797,,5.737853224288623,,2.097636602488527,,,,11.51425987330646,,14.61567476759002,,3.171995916991078,,3.640216621800096,,,,,,,,,,,,,,,,,,,,,,,,,,,,,,,,,,,,,,,,,,,,,,,,,,,,,,,,,,,,,,,,,,,,,,,,,,,,,,,,,,,,1514,,1514,,1622,,0.0419969089390142,,25509.83491566914,,25509.83491566914,,89385.90997640553,,120026.4462439788,,227288.7807175616,,292743.3770438854,,535103.6344254742,,,18412.49324225399,,58745.37370883225,,93210.8626255831,,161834.1843912379,,232153.3126984882,,,,,,,,,,,,,,,,,,,,,,,,,,2.689184811522758,1.592001534218464
1957,,33.94163651497987,,22.68924027064451,,8.653482997422282,,5.605774758577186,,1.996932059111535,,,,11.25239624433536,,14.03575727322223,,3.047708238845096,,3.608842699465651,,,,,,,,,,,,,,,,,,,,,,,,,,,,,,,,,,,,,,,,,,,,,,,,,,,,,,,,,,,,,,,,,,,,,,,,,,,,,,,,,,,,1541,,1541,,1735,,0.0427468671679198,,26338.59162869071,,26338.59162869071,,89397.49033775117,,119520.5267707499,,227920.5548349239,,295296.4242571735,,525963.7801517918,,,19332.04732768399,,59274.45390475242,,92420.51975470642,,160544.6854126743,,237629.5852835189,,,,,,,,,,,,,,,,,,,,,,,,,,2.753513627703772,1.570283563355878
1958,,31.92828168444219,,20.65661207487883,,7.25680623858398,,4.508428580368267,,1.475605459798585,,,,11.27166960956336,,13.39980583629485,,2.748377658215714,,3.032823120569682,,,,,,,,,,,,,,,,,,,,,,,,,,,,,,,,,,,,,,,,,,,,,,,,,,,,,,,,,,,,,,,,,,,,,,,,,,,,,,,,,,,,1568,,1568,,1754,,0.04574661654135338,,24452.5723114057,,24452.5723114057,,78072.86166677531,,101021.4600939262,,177447.5792988348,,220485.3517445264,,360823.4920882996,,,18494.7623830313,,55124.26323962445,,81914.93029269899,,134409.8068531432,,185400.8166585831,,,,,,,,,,,,,,,,,,,,,,,,,,3.24438604397911,1.445556147830559
1959,,32.64662495614442,,21.37245818597705,,7.6024307620367,,4.767707338189662,,1.625307047601837,,,,11.27416677016737,,13.77002742394035,,2.834723423847038,,3.142400290587824,,,,,,,,,,,,,,,,,,,,,,,,,,,,,,,,,,,,,,,,,,,,,,,,,,,,,,,,,,,,,,,,,,,,,,,,,,,,,,,,,,,,1589,,1589,,1891,,0.04612155388471178,,25802.61372742523,,25802.61372742523,,84236.82532475149,,110293.0565956626,,196162.584342328,,246038.6216254371,,419371.6993773212,,,19309.92354994452,,58180.59405384037,,88825.67465899629,,146286.5470592188,,202705.352187466,,,,,,,,,,,,,,,,,,,,,,,,,,3.030459650238118,1.492499321462865
1960,,32.16767722922565,,20.93178567780583,,7.437235409203588,,4.708212378969598,,1.661748791473859,,,,11.23589155141983,,13.49455026860224,,2.729023030233989,,3.046463587495739,,,,,,,,,,,,,,,,,,,,,,,,,,,,,,,,,,,,,,,,,,,,,,,,,,,,,,,,,,,,,,,,,,,,,,,,,,,,,,,,,,,,1611,,1611,,2046,,0.04687151211361738,,27095.74674901423,,27095.74674901423,,87160.72357071299,,113432.472746094,,201517.4471605816,,255145.0605222681,,450263.2441425615,,,20421.86043549214,,60888.97439533204,,91411.22914247206,,147889.8337988952,,206365.5146171947,,,,,,,,,,,,,,,,,,,,,,,,,,2.864066998791322,1.536461404363904
1961,,,,,,,,,,,,,,,,,,,,,,,,,,,,,,,,,,,,,,,,,,,,,,,,,,,,,,,,,,,,,,,,,,,,,,,,,,,,,,,,,,,,,,,,,,,,,,,,,,,,,,,,1649,,1649,,2110,,0.04799640768588137,,26659.56544320389,,26659.56544320389,,,,,,,,,,,,,,,,,,,,,,,,,,,,,,,,,,,,,,,,,,,,,,,,
1962,,31.96995599958711,,20.58511220865006,,7.251788735113283,,4.595384500030718,,1.610182943604594,,,,11.38484379093706,,13.33332347353677,,2.656404235082564,,2.985201556426124,,,,,,,,,,,,,,,,,,,,,,,,,,,,,,,,,,,,,,,,,,,,,,,,,,,,,,,,,,,,,,,,,,,,,,,,,,,,,,,,,,,,1690,,1690,,2225,,0.04876441102756893,,26998.54298646111,,26998.54298646111,,86314.2231330123,,111153.6073692728,,195787.7298936904,,248137.3719267929,,434725.9341897512,,,20407.91185906653,,61474.8388967518,,89995.0767381684,,143438.0878605879,,201490.2313610533,,,,,,,,,,,,,,,,,,,,,,,,,,2.886585380373587,1.530058173037457
1963,,31.98105356093581,,20.6714747855435,,7.287754142213388,,4.631458246259428,,,,,,11.30957877539231,,13.38372064333011,,2.65629589595396,,,,,,,,,,,,,,,,,,,,,,,,,,,,,,,,,,,,,,,,,,,,,,,,,,,,,,,,,,,,,,,,,,,,,,,,,,,,,,,,,,,,,,1728,,1728,,2406,,0.04991629072681705,,27893.92182065881,,27893.92182065881,,89207.70077710455,,115321.700317134,,203284.0442910827,,258379.0684736121,,,,,21081.27971438706,,63093.70123707504,,93331.11432364692,,148189.0201085532,,,,,,,,,,,,,,,,,,,,,,,,,,,,,
1964,,32.32323004527065,,20.84843307355779,,7.424480770758051,,4.816468141277688,,1.801640183071685,,,,11.47479697171286,,13.42395230279974,,2.608012629480363,,3.014827958206002,,,,,,,,,,,,,,,,,,,,,,,,,,,,,,,,,,,,,,,,,,,,,,,,,,,,,,,,,,,,,,,,,,,,,,,,,,,,,,,,,,,,1765,,1765,,2599,,0.05222013366750209,,28198.34311100798,,28198.34311100798,,91146.15312725837,,117578.2538270138,,209358.0561949165,,271632.8424619742,,508032.6804483461,,,21204.14199809127,,64714.05242750291,,94633.30323503817,,147083.2699278588,,212532.8829653812,,,,,,,,,,,,,,,,,,,,,,,,,,2.597389287712891,1.626021476224984
1965,,31.05524968895258,,19.68938149929624,,6.723273207512447,,4.233002209121677,,1.428646612162523,,,,11.36586818965635,,12.96610829178379,,2.49027099839077,,2.804355596959154,,,,,,,,,,,,,,,,,,,,,,,,,,,,,,,,,,,,,,,,,,,,,,,,,,,,,,,,,,,,,,,,,,,,,,,,,,,,,,,,,,,,1804,,1804,,2799,,0.05337201336675021,,29070.51858374794,,29070.51858374794,,90279.22132056282,,114476.1061555588,,195449.0387226052,,246111.1387706356,,415314.9788847915,,,22269.55161299073,,66082.33648556686,,94232.8730137972,,144786.9386745748,,203810.1787420966,,,,,,,,,,,,,,,,,,,,,,,,,,3.054889745580993,1.486644114191763
1966,,30.72254563161598,,19.29915929822104,,6.56160488292586,,4.119991541051802,,1.380850251756941,,,,11.42338633339494,,12.73755441529518,,2.441613341874057,,2.739141289294861,,,,,,,,,,,,,,,,,,,,,,,,,,,,,,,,,,,,,,,,,,,,,,,,,,,,,,,,,,,,,,,,,,,,,,,,,,,,,,,,,,,,1827,,1827,,2926,,0.05490793650793651,,29167.59705253756,,29167.59705253756,,89610.2831411173,,112582.020372649,,191386.2472431443,,240340.5062585245,,402760.837331415,,,22451.74304269536,,66638.54590958562,,92880.96365502513,,142431.9882277643,,199735.4234903018,,,,,,,,,,,,,,,,,,,,,,,,,,3.094667344082342,1.477402773679127
1967,,30.91250016825993,,19.38534220028882,,6.5891029415765,,4.141554782780484,,1.405804409193663,,,,11.52715796797111,,12.79623925871232,,2.447548158796016,,2.73575037358682,,,,,,,,,,,,,,,,,,,,,,,,,,,,,,,,,,,,,,,,,,,,,,,,,,,,,,,,,,,,,,,,,,,,,,,,,,,,,,,,,,,,1853,,1853,,3017,,0.05836365914786967,,27896.99203306692,,27896.99203306692,,86236.57709161268,,108158.5473839466,,183816.1522662174,,231073.8415594747,,392177.1440332597,,,21414.81591545072,,64314.60679927878,,89244.14616337891,,136558.4629729601,,190798.0159410284,,,,,,,,,,,,,,,,,,,,,,,,,,3.038602941751176,1.490532010682272
1968,,31.15070115829982,,19.58648941768194,,6.71541203351954,,4.232004232149932,,1.43920683438827,,,,11.56421174061788,,12.8710773841624,,2.483407801369608,,2.792797397761662,,,,,,,,,,,,,,,,,,,,,,,,,,,,,,,,,,,,,,,,,,,,,,,,,,,,,,,,,,,,,,,,,,,,,,,,,,,,,,,,,,,,1878,,1878,,3138,,0.06143542188805347,,27198.09624839262,,27198.09624839262,,84723.9768308354,,106543.0448700474,,182646.4228352784,,230204.9168592375,,391436.8600303662,,,20806.33173923231,,62904.90879162342,,87517.20037873961,,135087.9288113194,,189896.9310664553,,,,,,,,,,,,,,,,,,,,,,,,,,3.020686737091887,1.49488126073375
1969,,31.01867723189903,,19.47017136732601,,6.697826765339128,,4.228254817731593,,1.448064413263995,,,,11.54850586457302,,12.77234460198689,,2.469571947607535,,2.780190404467599,,,,,,,,,,,,,,,,,,,,,,,,,,,,,,,,,,,,,,,,,,,,,,,,,,,,,,,,,,,,,,,,,,,,,,,,,,,,,,,,,,,,1908,,1908,,3445,,0.063990559732665,,28215.96752862721,,28215.96752862721,,87522.19895562311,,109873.9446154556,,188985.6625231791,,238608.6012797524,,408585.3846401748,,,21626.386258961,,65170.45329579062,,90096.01513852474,,139362.7237666057,,196114.4054396468,,,,,,,,,,,,,,,,,,,,,,,,,,2.986376418706959,1.50342925468827
1970,,30.76031708089141,,19.11045142492829,,6.639184486312251,,4.214458820790235,,1.480830729473347,,,,11.64986565596312,,12.47126693861604,,2.424725665522016,,2.733628091316889,,,,,,,,,,,,,,,,,,,,,,,,,,,,,,,,,,,,,,,,,,,,,,,,,,,,,,,,,,,,,,,,,,,,,,,,,,,,,,,,,,,,1947,,1947,,4011,,0.06969273182957393,,29559.64554468453,,29559.64554468453,,90926.40697532552,,112979.6340639583,,196251.9401211586,,249155.817810457,,437728.3147490876,,,22741.11649683553,,68873.17988669271,,92161.55754965825,,143348.0624318602,,202012.6935757993,,,,,,,,,,,,,,,,,,,,,,,,,,2.870340837394403,1.534661907608836
1971,,30.66445441230503,,19.01108705415554,,6.432562722888136,,4.00011928359081,,1.307800855333281,,,,11.6533673581495,,12.5785243312674,,2.432443439297326,,2.692318428257529,,,,,,,,,,,,,,,,,,,,,,,,,,,,,,,,,,,,,,,,,,,,,,,,,,,,,,,,,,,,,,,,,,,,,,,,,,,,,,,,,,,,1984,,1984,,4696,,0.07666198830409356,,30874.95558401242,,30874.95558401242,,94676.36679878914,,117393.2936801691,,198605.0883605452,,247007.0104232357,,403782.9332114849,,,23785.90989348166,,71959.43991740917,,97090.34501007511,,150203.1662978547,,207813.0297261734,,,,,,,,,,,,,,,,,,,,,,,,,,3.24509290311392,1.44541586613766
1972,,31.29030196769364,,19.90394633147637,,7.077963575787328,,4.465740981226605,,1.517807994736481,,,,11.38635563621727,,12.82598275568904,,2.612222594560723,,2.947932986490124,,,,,,,,,,,,,,,,,,,,,,,,,,,,,,,,,,,,,,,,,,,,,,,,,,,,,,,,,,,,,,,,,,,,,,,,,,,,,,,,,,,,2036,,2036,,5482,,0.08046340852130326,,33462.84268366063,,33462.84268366063,,104706.2452269169,,133208.5249748436,,236848.7816572514,,298872.7758415243,,507901.7015186925,,,25546.90906774327,,76203.96547899018,,107298.4608042416,,174824.7874729786,,246615.5444222322,,,,,,,,,,,,,,,,,,,,,,,,,,3.018334759624286,1.495457948802383
1973,,31.8448895885902,,20.35409127002903,,7.466944384907248,,4.787975438531126,,1.688113260906841,,,,11.49079831856118,,12.88714688512178,,2.678968946376123,,3.099862177624284,,,,,,,,,,,,,,,,,,,,,,,,,,,,,,,,,,,,,,,,,,,,,,,,,,,,,,,,,,,,,,,,,,,,,,,,,,,,,,,,,,,,2094,,2094,,6391,,0.08869983291562239,,34408.78506562959,,34408.78506562959,,109574.3961292506,,140071.9103433272,,256928.4844372832,,329496.8355278621,,580859.2636098259,,,26057.05050300503,,79076.88191517386,,110857.7668198383,,184360.1333467043,,266656.2285073712,,,,,,,,,,,,,,,,,,,,,,,,,,2.822796163586307,1.548607694034491
1974,,32.02490887724757,,20.38458816189947,,7.546642211385573,,4.947576681951537,,1.680292921438567,,,,11.6403207153481,,12.83794595051389,,2.599065529434037,,3.26728376051297,,,,,,,,,,,,,,,,,,,,,,,,,,,,,,,,,,,,,,,,,,,,,,,,,,,,,,,,,,,,,,,,,,,,,,,,,,,,,,,,,,,,2157,,2157,,7211,,0.1001040935672515,,33395.92776169958,,33395.92776169958,,106950.1543439571,,136152.4467413582,,252027.1181348254,,330457.8269318457,,561149.4102285753,,,25223.23591922652,,77747.86194655608,,107183.7788929914,,173596.4093378051,,272784.9311076632,,,,,,,,,,,,,,,,,,,,,,,,,,2.876611456117737,1.532875357197681
1975,,29.98260516934854,,18.70067825300114,,6.557200038626195,,4.204704738552797,,1.451277974734992,,,,11.28192691634739,,12.14347821437495,,2.352495300073397,,2.753426763817806,,,,,,,,,,,,,,,,,,,,,,,,,,,,,,,,,,,,,,,,,,,,,,,,,,,,,,,,,,,,,,,,,,,,,,,,,,,,,,,,,,,,2196,,2196,,8593,,0.1153097744360902,,33934.88278468442,,33934.88278468442,,101745.6192001316,,126921.0649019382,,222517.8147065081,,285372.3248939926,,492489.4796062614,,,26400.3565163014,,76570.17349832499,,103021.8774507957,,159663.3045190235,,233593.0362159254,,,,,,,,,,,,,,,,,,,,,,,,,,2.898280457952916,1.526792548387918
1976,,31.10351593469984,,20.36358813741528,,7.481017471070545,,4.740059914438459,,1.545036861269502,,,,10.73992779728455,,12.88257066634474,,2.740957556632086,,3.195023053168956,,,,,,,,,,,,,,,,,,,,,,,,,,,,,,,,,,,,,,,,,,,,,,,,,,,,,,,,,,,,,,,,,,,,,,,,,,,,,,,,,,,,2231,,2231,,9978,,0.1336832915622389,,33455.4440864248,,33455.4440864248,,104058.1938244573,,136254.5768660561,,250280.7617129677,,317161.6188675988,,516898.9432366711,,,25610.6941155323,,71861.81078285855,,107748.0306543282,,183399.9045583366,,267227.2877753307,,,,,,,,,,,,,,,,,,,,,,,,,,3.174823132092851,1.459807505835057
1977,,28.85965983808013,,17.89030825476936,,6.130945044509644,,3.859703046641874,,1.310171767450708,,,,10.96935158331076,,11.75936321025972,,2.27124199786777,,2.549531279191166,,,,,,,,,,,,,,,,,,,,,,,,,,,,,,,,,,,,,,,,,,,,,,,,,,,,,,,,,,,,,,,,,,,,,,,,,,,,,,,,,,,,2253,,2253,,11393,,0.1545911445279866,,32710.88491826712,,32710.88491826712,,94402.50117437747,,117041.562894817,,200548.637791175,,252508.6043547746,,428568.7790824273,,,25856.26088981042,,71763.43945393793,,96164.79417072746,,148588.6712275755,,208493.5606728615,,,,,,,,,,,,,,,,,,,,,,,,,,3.032133212987747,1.492093723781892
1978,,29.10179945603739,,17.99289799530915,,6.116726834534559,,3.846935292229277,,1.29338903412933,,,,11.10890146072824,,11.87617116077459,,2.269791542305281,,2.553546258099948,,,,,,,,,,,,,,,,,,,,,,,,,,,,,,,,,,,,,,,,,,,,,,,,,,,,,,,,,,,,,,,,,,,,,,,,,,,,,,,,,,,,2273,,2273,,13198,,0.1697968253968254,,34196.300287962,,34196.300287962,,99517.38731187041,,123058.1085796523,,209169.4276131791,,263101.9088828625,,442291.1980024371,,,26938.40172974995,,75976.66604408853,,101530.2788212706,,155236.9463434956,,218304.5866029688,,,,,,,,,,,,,,,,,,,,,,,,,,3.074935357073102,1.481942724910041
1979,,28.21797807943752,,17.28903711856059,,5.773727088473134,,3.622592486940192,,1.214322281533331,,,,10.92894096087693,,11.51531003008746,,2.151134601532942,,2.408270205406861,,,,,,,,,,,,,,,,,,,,,,,,,,,,,,,,,,,,,,,,,,,,,,,,,,,,,,,,,,,,,,,,,,,,,,,,,,,,,,,,,,,,2291,,2291,,15693,,0.1976738512949039,,34652.26778055486,,34652.26778055486,,97781.69326344959,,119820.8687800629,,200072.7371616144,,251062.0898345554,,420790.2087158732,,,27637.88717134434,,75742.51774683635,,99757.90168467497,,149083.3844886733,,208630.060114226,,,,,,,,,,,,,,,,,,,,,,,,,,3.097147813685341,1.476838110062776
1980,,28.83093969652835,,17.50678897786544,,5.652585483853755,,3.517538534487985,,1.176705059032958,,,,11.32415071866291,,11.85420349401168,,2.135046949365769,,2.340833475455028,,,,,,,,,,,,,,,,,,,,,,,,,,,,,,,,,,,,,,,,,,,,,,,,,,,,,,,,,,,,,,,,,,,,,,,,,,,,,,,,,,,,2327,,2327,,18332,,0.2299859649122807,,34254.0661156936,,34254.0661156936,,98757.69145424572,,119935.7414242598,,193624.0368885364,,240979.9950497028,,403069.3289078606,,,27086.99663363225,,77579.64148423169,,101513.6675581906,,146268.07872737,,200457.6615851634,,,,,,,,,,,,,,,,,,,,,,,,,,3.140501498301619,1.467180238272877
1981,,28.48058344988744,,17.14587550976689,,5.50245432321783,,3.442571623736065,,1.141836887373377,,,,11.33470794012054,,11.64342118654906,,2.059882699481765,,2.300734736362688,,,,,,,,,,,,,,,,,,,,,,,,,,,,,,,,,,,,,,,,,,,,,,,,,,,,,,,,,,,,,,,,,,,,,,,,,,,,,,,,,,,,2356,,2356,,21988,,0.2654659147869674,,35156.17969209464,,35156.17969209464,,100126.8509499939,,120556.6960799299,,193445.272934589,,242055.3332139423,,401426.2279156048,,,27937.21621899472,,79697.00582005795,,102334.5518662652,,144835.2126552358,,202212.6095385266,,,,,,,,,,,,,,,,,,,,,,,,,,3.15410029293085,1.464230938216627
1982,,28.70148253568775,,17.23980048967868,,5.486440618326013,,3.414137265423372,,1.13674676313908,,,,11.46168204600907,,11.75335987135266,,2.072303352902642,,2.277390502284292,,,,,,,,,,,,,,,,,,,,,,,,,,,,,,,,,,,,,,,,,,,,,,,,,,,,,,,,,,,,,,,,,,,,,,,,,,,,,,,,,,,,2401,,2401,,24521,,0.3066479532163742,,33304.73228735985,,33304.73228735985,,95589.51921014146,,114833.3879992487,,182724.436003845,,227413.8552344485,,378590.4662486991,,,26384.20040705079,,76345.65042103422,,97860.62599809965,,138035.0167732414,,189619.7024808858,,,,,,,,,,,,,,,,,,,,,,,,,,3.160825555486939,1.462786085374047
1983,,28.92409366376101,,17.51843255177677,,5.680503312520233,,3.559783112891841,,1.217828705304438,,,,11.40566111198425,,11.83792923925653,,2.120720199628392,,2.341954407587403,,,,,,,,,,,,,,,,,,,,,,,,,,,,,,,,,,,,,,,,,,,,,,,,,,,,,,,,,,,,,,,,,,,,,,,,,,,,,,,,,,,,2445,,2445,,25773,,0.3174187134502924,,33208.83063225338,,33208.83063225338,,96053.53276712727,,116353.3319109018,,188642.8724114387,,236432.4689671617,,404426.6721355148,,,26226.08595060073,,75753.73362335273,,98280.94678576758,,140853.2758557157,,194433.9181750734,,,,,,,,,,,,,,,,,,,,,,,,,,3.019329240523887,1.495213945270541
1984,,28.19155521783226,,17.09355010603318,,5.599679933387793,,3.527090554639952,,1.219398451529866,,,,11.09800511179908,,11.49387017264539,,2.072589378747841,,2.307692103110086,,,,,,,,,,,,,,,,,,,,,,,,,,,,,,,,,,,,,,,,,,,,,,,,,,,,,,,,,,,,,,,,,,,,,,,,,,,,,,,,,,,,2484,,2484,,28612,,0.3471964912280702,,33175.79183411767,,33175.79183411767,,93527.7167386837,,113418.4120047634,,185773.8158077593,,234028.0440416354,,404545.0919080026,,,26470.022400277,,73637.021472604,,95329.5610540144,,137519.5875738833,,191398.7820750436,,,,,,,,,,,,,,,,,,,,,,,,,,2.958733640496322,1.510533938522958
1985,,27.56822370946996,,16.7431283101953,,5.509650760274164,,3.476786292298511,,1.189121208710641,,,,10.82509539927467,,11.23347754992113,,2.032864467975653,,2.28766508358787,,,,,,,,,,,,,,,,,,,,,,,,,,,,,,,,,,,,,,,,,,,,,,,,,,,,,,,,,,,,,,,,,,,,,,,,,,,,,,,,,,,,2507,,2507,,33697,,0.4004163742690058,,33567.96974966257,,33567.96974966257,,92540.92995314179,,112406.5649262709,,184947.7900520885,,233417.3141718358,,399163.8476268097,,,27015.41861594265,,72675.29498001268,,94271.25864481652,,136478.2659323412,,191980.6808080923,,,,,,,,,,,,,,,,,,,,,,,,,,2.993097432879127,1.501731618085249
1986,,26.50663412480189,,15.84553857125214,,4.880946302111555,,3.007815492913959,,1.002427972101505,,,,10.66109555354975,,10.96459226914058,,1.873130809197596,,2.005387520812454,,,,,,,,,,,,,,,,,,,,,,,,,,,,,,,,,,,,,,,,,,,,,,,,,,,,,,,,,,,,,,,,,,,,,,,,,,,,,,,,,,,,2537,,2537,,40303,,0.4732769423558897,,33566.15230225155,,33566.15230225155,,88972.57180531585,,106374.7521987701,,163834.586955788,,201921.5858644436,,336476.499835963,,,27409.88346857774,,71570.39141186158,,92009.79350951569,,125747.5880471324,,168282.8573715637,,,,,,,,,,,,,,,,,,,,,,,,,,3.1994968130107,1.454649442583728
1987,,26.6127074145703,,16.28511371632827,,5.477985174214739,,3.520697148946376,,1.273308968085465,,,,10.32759369824203,,10.80712854211353,,1.957288025268363,,2.247388180860912,,,,,,,,,,,,,,,,,,,,,,,,,,,,,,,,,,,,,,,,,,,,,,,,,,,,,,,,,,,,,,,,,,,,,,,,,,,,,,,,,,,,2567,,2567,,46980,,0.518893984962406,,35270.24751411586,,35270.24751411586,,93863.67775326408,,114875.9983140842,,193209.8929732109,,248351.7197311614,,449099.2246631779,,,28759.86637643272,,72851.3571924439,,95292.52464930259,,138068.0662152604,,198164.8434981573,,,,,,,,,,,,,,,,,,,,,,,,,,2.72990625281366,1.578066006972065
1988,,26.26152973010275,,16.07623284393462,,5.346159214393129,,3.379318119027316,,1.163592462470974,,,,10.18529688616813,,10.73007362954149,,1.966841095365813,,2.215725656556343,,,,,,,,,,,,,,,,,,,,,,,,,,,,,,,,,,,,,,,,,,,,,,,,,,,,,,,,,,,,,,,,,,,,,,,,,,,,,,,,,,,,2597,,2597,,50108,,0.5436032581453634,,35493.84660474672,,35493.84660474672,,93212.27078462623,,114121.4685089613,,189755.7550802229,,239889.9978907935,,413003.7237338425,,,29080.68836253788,,72303.07306029121,,95212.89686614583,,139621.5122696523,,196611.5664300313,,,,,,,,,,,,,,,,,,,,,,,,,,2.960690810968061,1.510024321226999
1989,,28.33552792523557,,17.96619110776045,,6.587155304392266,,4.332215582854493,,1.62,,,,10.36933681747512,,11.37903580336819,,2.254939721537773,,2.712215582854493,,,,,,,,,,,,,,,,,,,,,,,,,,,,,,,,,,,,,,,,,,,,,,,,,,,,,,,,,,,,,,,,,,,,,,,,,,,,,,,,,,,,2628,,2628,,53114,,0.5828846282372598,,34673.76856073373,,34673.76856073373,,98249.95373258255,,124591.1104776796,,228401.498498107,,300428.4809502017,,561715.0506838864,,,27609.74798608385,,71908.79698748548,,98638.51347257281,,156374.5160460122,,235106.8385167806,,,,,,,,,,,,,,,,,,,,,,,,,,2.558741595763268,1.641543154245737
1990,,31.11795272640573,,20.4102935823128,,8.210068227159862,,5.657550817330542,,,,,,10.70765914409292,,12.20022535515294,,2.552517409829321,,,,,,,,,,,,,,,,,,,,,,,,,,,,,,,,,,,,,,,,,,,,,,,,,,,,,,,,,,,,,,,,,,,,,,,,,,,,,,,,,,,,,,2658,,2658,,54657,,0.6107616541353383,,33668.13433420074,,33668.13433420074,,104768.3412597936,,137435.3012259565,,276417.6799649716,,380958.3618409037,,,,,25768.1113424682,,72101.38129363068,,102689.7065412028,,171876.9980890394,,,,,,,,,,,,,,,,,,,,,,,,,,,,2.160837967789611,1.861446668482193
1991,,31.47745269259449,,20.52824768571286,,7.9608226028261,,5.368266413660603,,,,,,10.94920500688163,,12.56742508288676,,2.592556189165498,,,,,,,,,,,,,,,,,,,,,,,,,,,,,,,,,,,,,,,,,,,,,,,,,,,,,,,,,,,,,,,,,,,,,,,,,,,,,,,,,,,,,,2688,,2688,,54179,,0.6164638262322473,,32695.96222600891,,32695.96222600891,,102918.5604208052,,134238.1621796445,,260286.7551099601,,351041.2717603988,,,,,24893.45131547599,,71598.95866196588,,102726.0139470656,,169532.2384595214,,,,,,,,,,,,,,,,,,,,,,,,,,,,2.317288968585362,1.759134877652472
1992,,32.48929492201854,,21.3155367130852,,8.404598872756759,,5.709299312861478,,,,,,11.17375820893334,,12.91093784032845,,2.695299559895282,,,,,,,,,,,,,,,,,,,,,,,,,,,,,,,,,,,,,,,,,,,,,,,,,,,,,,,,,,,,,,,,,,,,,,,,,,,,,,,,,,,,,,2717,,2717,,54554,,0.6247002506265664,,32141.43634772435,,32141.43634772435,,104425.2604718503,,137022.3932962419,,270135.8796968673,,367010.1609088872,,,,,24109.90033393258,,71828.12764745868,,103744.0216960856,,173261.5984848473,,,,,,,,,,,,,,,,,,,,,,,,,,,,2.261753998536582,1.792547518105612
1993,,32.98964670527749,,21.85879285461974,,8.758578032766627,,5.939524892644809,,,,,,11.13085385065775,,13.10021482185311,,2.819053140121818,,,,,,,,,,,,,,,,,,,,,,,,,,,,,,,,,,,,,,,,,,,,,,,,,,,,,,,,,,,,,,,,,,,,,,,,,,,,,,,,,,,,,,2748,,2748,,57023,,0.6335701754385965,,32752.05905592527,,32752.05905592527,,108047.8857125359,,143184.0948931486,,286861.4649751023,,389063.340096082,,,,,24385.85609407965,,72911.67653192316,,107264.7523726602,,184659.5898541227,,,,,,,,,,,,,,,,,,,,,,,,,,,,2.274532072557652,1.784601675808175
1994,,32.86060350602087,,22.06120037426286,,9.000594940837034,,6.123432368562436,,,,,,10.799403131758,,13.06060543342583,,2.877162572274599,,,,,,,,,,,,,,,,,,,,,,,,,,,,,,,,,,,,,,,,,,,,,,,,,,,,,,,,,,,,,,,,,,,,,,,,,,,,,,,,,,,,,,2785,,2785,,61084,,0.6513101921470342,,33675.52651405888,,33675.52651405888,,110659.8124634982,,148584.5076270909,,303099.7735724618,,412419.6181691414,,,,,25121.71696412118,,72735.11729990543,,109955.6911407483,,193779.9289757822,,,,,,,,,,,,,,,,,,,,,,,,,,,,2.250629230457945,1.799597495121578
1995,,32.62237627150947,,21.97052074836473,,8.978500252198421,,6.107817554469129,,,,,,10.65185552314474,,12.99202049616631,,2.870682697729292,,,,,,,,,,,,,,,,,,,,,,,,,,,,,,,,,,,,,,,,,,,,,,,,,,,,,,,,,,,,,,,,,,,,,,,,,,,,,,,,,,,,,,2826,,2826,,65632,,0.6703172932330828,,34646.79428522096,,34646.79428522096,,113026.0759774062,,152241.6225415543,,311076.2512277232,,423232.5966827066,,,,,25937.98520831149,,73810.52941325807,,112532.9653700121,,198919.9057727398,,,,,,,,,,,,,,,,,,,,,,,,,,,,2.251326938498757,1.799151659916889
1996,,32.18183680500949,,21.68534887162003,,8.924831162620865,,6.116143621320623,,,,,,10.49648793338946,,12.76051770899917,,2.808687541300243,,,,,,,,,,,,,,,,,,,,,,,,,,,,,,,,,,,,,,,,,,,,,,,,,,,,,,,,,,,,,,,,,,,,,,,,,,,,,,,,,,,,,,2873,,2873,,69888,,0.6874236424394319,,35386.90023648254,,35386.90023648254,,113881.5448445633,,153475.4554226675,,315822.1099791151,,432862.7283193438,,,,,26665.2730578069,,74287.63426645909,,112888.7917835556,,198781.4916388863,,,,,,,,,,,,,,,,,,,,,,,,,,,,2.198781220700945,1.834180568340306
1997,,32.57493371354814,,22.03067894936816,,9.162282856575283,,6.321073718202049,,,,,,10.54425476417999,,12.86839609279287,,2.841209138373234,,,,,,,,,,,,,,,,,,,,,,,,,,,,,,,,,,,,,,,,,,,,,,,,,,,,,,,,,,,,,,,,,,,,,,,,,,,,,,,,,,,,,,2913,,2913,,72279,,0.6931258145363408,,35798.06702659089,,35798.06702659089,,116611.9660464352,,157731.1443341572,,327992.0158162666,,452564.4412884381,,,,,26818.74491327486,,75492.78775871308,,115165.9264636299,,203419.5903440952,,,,,,,,,,,,,,,,,,,,,,,,,,,,2.153026171959205,1.867283002172288
1998,,34.38788997596489,,23.58416346212046,,10.21426473614073,,7.229332629449003,,,,,,10.80372651384443,,13.36989872597973,,2.984932106691724,,,,,,,,,,,,,,,,,,,,,,,,,,,,,,,,,,,,,,,,,,,,,,,,,,,,,,,,,,,,,,,,,,,,,,,,,,,,,,,,,,,,,,2939,,2939,,73677,,0.695660066833751,,36035.89174657621,,36035.89174657621,,123919.8280567044,,169975.2722909062,,368080.138302438,,521030.8960696307,,,,,26271.00993433974,,77864.3838225026,,120449.0557880232,,215129.3805352453,,,,,,,,,,,,,,,,,,,,,,,,,,,,1.994618438542761,2.005410679360744
1999,,37.76688026891127,,27.08797392448503,,13.443191446067,,10.15,,,,,,10.67890634442624,,13.64478247841802,,,,,,,,,,,,,,,,,,,,,,,,,,,,,,,,,,,,,,,,,,,,,,,,,,,,,,,,,,,,,,,,,,,,,,,,,,,,,,,,,,,,,,,,2958,,2958,,79392,,0.6991966583124478,,38386.56302659028,,38386.56302659028,,144974.0729760251,,207962.8436629757,,516037.9157229703,,,,,,,26543.50636554196,,81985.30228907451,,130944.075647977,,,,,,,,,,,,,,,,,,,,,,,,,,,,,,,
2000,,30.95872756304132,,20.2779821833215,,7.860752225687665,,5.23006799379126,,,,,,10.68074537971982,,12.41722995763383,,2.630684231896405,,,,,,,,,,,,,,,,,,,,,,,,,,,,,,,,,,,,,,,,,,,,,,,,,,,,,,,,,,,,,,,,,,,,,,,,,,,,,,,,,,,,,,3012.1,,3012.1,,81211.7,,0.7269977443609023,,,,,,,,,,,,,,,,,,,,,,,,,,,,,,,,,,,,,,,,,,,,,,,,,,,2.426228542038262,1.701149900261337
2001,,31.60884456308242,,20.85658290467399,,8.270588731699773,,5.595270213913115,,,,,,10.75226165840843,,12.58599417297422,,2.675318517786658,,,,,,,,,,,,,,,,,,,,,,,,,,,,,,,,,,,,,,,,,,,,,,,,,,,,,,,,,,,,,,,,,,,,,,,,,,,,,,,,,,,,,,3076.09,,3076.09,,85505.7,,0.7402032581453634,,,,,,,,,,,,,,,,,,,,,,,,,,,,,,,,,,,,,,,,,,,,,,,,,,,2.292432943870673,1.773734532799146
2002,,31.52240966993553,,20.76301781679312,,8.290319922541,,5.634294573330483,,,,,,10.75939185314241,,12.47269789425212,,2.656025349210517,,,,,,,,,,,,,,,,,,,,,,,,,,,,,,,,,,,,,,,,,,,,,,,,,,,,,,,,,,,,,,,,,,,,,,,,,,,,,,,,,,,,,,3130.66,,3130.66,,88484.89999999999,,0.7603589807852966,,,,,,,,,,,,,,,,,,,,,,,,,,,,,,,,,,,,,,,,,,,,,,,,,,,2.25831911098478,1.794710968998464
2003,,31.7040966401513,,21.10846417131586,,8.752861828498546,,6.10745859246556,,,,,,10.59563246883544,,12.35560234281731,,2.645403236032985,,,,,,,,,,,,,,,,,,,,,,,,,,,,,,,,,,,,,,,,,,,,,,,,,,,,,,,,,,,,,,,,,,,,,,,,,,,,,,,,,,,,,,3191.5,,3191.5,,95440.8,,0.7721744360902256,,,,,,,,,,,,,,,,,,,,,,,,,,,,,,,,,,,,,,,,,,,,,,,,,,,2.079791704398337,1.926104540280019
2004,,32.249095867431,,21.6904248321183,,9.343234304182486,,6.715634930384164,,,,,,10.55867103531271,,12.34719052793581,,2.627599373798322,,,,,,,,,,,,,,,,,,,,,,,,,,,,,,,,,,,,,,,,,,,,,,,,,,,,,,,,,,,,,,,,,,,,,,,,,,,,,,,,,,,,,,3266.28,,3266.28,,101620.55,,0.7930252297410193,,,,,,,,,,,,,,,,,,,,,,,,,,,,,,,,,,,,,,,,,,,,,,,,,,,1.909848437247693,2.099084154087264
2005,,31.3602407853071,,20.89451250559804,,8.579943239639707,,5.92566354374341,,,,,,10.46572827970906,,12.31456926595834,,2.654279695896298,,,,,,,,,,,,,,,,,,,,,,,,,,,,,,,,,,,,,,,,,,,,,,,,,,,,,,,,,,,,,,,,,,,,,,,,,,,,,,,,,,,,,,3336.21,,3336.21,,108950.75,,0.8180461988304093,,,,,,,,,,,,,,,,,,,,,,,,,,,,,,,,,,,,,,,,,,,,,,,,,,,2.145883101079985,1.872689368625393
2006,,30.21803067167084,,20.07263049637681,,8.111454768018254,,5.5325133556195,,,,,,10.14540017529402,,11.96117572835856,,2.578941412398754,,,,,,,,,,,,,,,,,,,,,,,,,,,,,,,,,,,,,,,,,,,,,,,,,,,,,,,,,,,,,,,,,,,,,,,,,,,,,,,,,,,,,,3366.67,,3366.67,,118678.75,,0.8395989974937343,,,,,,,,,,,,,,,,,,,,,,,,,,,,,,,,,,,,,,,,,,,,,,,,,,,2.232270676899037,1.811510018656342
2007,,29.12887504022595,,19.35395997640867,,7.759838390956019,,5.281451061344331,,,,,,9.774915063817282,,11.59412158545265,,2.478387329611688,,,,,,,,,,,,,,,,,,,,,,,,,,,,,,,,,,,,,,,,,,,,,,,,,,,,,,,,,,,,,,,,,,,,,,,,,,,,,,,,,,,,,,3425.16,,3425.16,,130910,,0.8663324979114453,,,,,,,,,,,,,,,,,,,,,,,,,,,,,,,,,,,,,,,,,,,,,,,,,,,2.247656942404772,1.80150237297808
2008,,29.8885740579108,,19.89181030178241,,8.071738215840988,,5.601306136852054,,,,,,9.996763756128384,,11.82007208594143,,2.470432078988933,,,,,,,,,,,,,,,,,,,,,,,,,,,,,,,,,,,,,,,,,,,,,,,,,,,,,,,,,,,,,,,,,,,,,,,,,,,,,,,,,,,,,,3444.96,,3444.96,,133869.25,,0.8955722639933166,,,,,,,,,,,,,,,,,,,,,,,,,,,,,,,,,,,,,,,,,,,,,,,,,,,2.114683986713319,1.897115246939656
2009,,29.59122214573418,,19.58629781444027,,7.802514663120244,,5.349924839402715,,,,,,10.00492433129391,,11.78378315132002,,2.452589823717529,,,,,,,,,,,,,,,,,,,,,,,,,,,,,,,,,,,,,,,,,,,,,,,,,,,,,,,,,,,,,,,,,,,,,,,,,,,,,,,,,,,,,,3443.35,,3443.35,,135228.7,,0.9131161236424394,,,,,,,,,,,,,,,,,,,,,,,,,,,,,,,,,,,,,,,,,,,,,,,,,,,2.194905442350874,1.836886304603807
2010,,29.01450742465602,,19.03458762391739,,7.358361846914834,,4.97862219510376,,,,,,9.979919800738632,,11.67622577700255,,2.379739651811074,,,,,,,,,,,,,,,,,,,,,,,,,,,,,,,,,,,,,,,,,,,,,,,,,,,,,,,,,,,,,,,,,,,,,,,,,,,,,,,,,,,,,,3449.8,,3449.8,,139539.8,,0.949874686716792,,,,,,,,,,,,,,,,,,,,,,,,,,,,,,,,,,,,,,,,,,,,,,,,,,,2.291898868033917,1.774054397556563
2011,,30.39587011030836,,20.21623620443228,,8.013511919848094,,5.439492794658893,,,,,,10.17963390587608,,12.20272428458419,,2.574019125189201,,,,,,,,,,,,,,,,,,,,,,,,,,,,,,,,,,,,,,,,,,,,,,,,,,,,,,,,,,,,,,,,,,,,,,,,,,,,,,,,,,,,,,3472.95,,3472.95,,146431.1,,0.9674185463659147,,,,,,,,,,,,,,,,,,,,,,,,,,,,,,,,,,,,,,,,,,,,,,,,,,,2.279408383109763,1.781611261268567
2012,,32.06998439527965,,21.63939761258185,,8.943763036003732,,6.233870270662138,,,,,,10.4305867826978,,12.69563457657811,,2.709892765341595,,,,,,,,,,,,,,,,,,,,,,,,,,,,,,,,,,,,,,,,,,,,,,,,,,,,,,,,,,,,,,,,,,,,,,,,,,,,,,,,,,,,,,3491.19,,3491.19,,149656.35,,0.9766081871345029,,,,,,,,,,,,,,,,,,,,,,,,,,,,,,,,,,,,,,,,,,,,,,,,,,,2.087868654514365,1.919228618133509
2013,,30.81269941368475,,20.39154972856498,,7.788836710314127,,5.165985274763146,,,,,,10.42114968511977,,12.60271301825085,,2.622851435550981,,,,,,,,,,,,,,,,,,,,,,,,,,,,,,,,,,,,,,,,,,,,,,,,,,,,,,,,,,,,,,,,,,,,,,,,,,,,,,,,,,,,,,3544.65,,3544.65,,156052.7,,0.9924809999999999,,,,,,,,,,,,,,,,,,,,,,,,,,,,,,,,,,,,,,,,,,,,,,,,,,,2.470341835037482,1.680113954572005
2014,,31.46695823292284,,20.86857412471063,,8.061933799877467,,5.387822784889752,,,,,,10.59838410821221,,12.80664032483317,,2.674111014987715,,,,,,,,,,,,,,,,,,,,,,,,,,,,,,,,,,,,,,,,,,,,,,,,,,,,,,,,,,,,,,,,,,,,,,,,,,,,,,,,,,,,,,3619.7,,3619.7,,160773.25,,1,,,,,,,,,,,,,,,,,,,,,,,,,,,83156.3518657676,109844.7963463609,208126.0213761147,278785.8902998719,,,,,,,,,,,,,,,,,,,,,2.399118825031599,1.714735576499312
2015,,31.95256278446874,,21.28317836088029,,8.353185625672351,,5.627218968632784,,,,,,10.66938442358845,,12.92999273520793,,2.725966657039567,,,,,,,,,,,,,,,,,,,,,,,,,,,,,,,,,,,,,,,,,,,,,,,,,,,,,,,,,,,,,,,,,,,,,,,,,,,,,,,,,,,,,,3693.13,,3693.13,,168981.25,,1.001,,,,,,,,,,,,,,,,,,,,,,,,,,,86022.72140325139,113895.0187104467,219211.9064645323,292983.8772523923,,,,,,,,,,,,,,,,,,,,,,
2016,,31.36806633456888,,20.91195834016898,,8.238354290386081,,5.549496280569945,,,,,,10.4561079943999,,12.6736040497829,,2.688858009816136,,,,,,,,,,,,,,,,,,,,,,,,,,,,,,,,,,,,,,,,,,,,,,,,,,,,,,,,,,,,,,,,,,,,,,,,,,,,,,,,,,,,,,3775.34,,3775.34,,180044,,1.014013,,,,,,,,,,,,,,,,,,,,,,,,,,,86523.83233188794,114860.0657407943,221780.5251106637,294507.6853581441,,,,,,,,,,,,,,,,,,,,,,
,,,,,,,,,,,,,,,,,,,,,,,,,,,,,,,,,,,,,,,,,,,,,,,,,,,,,,,,,,,,,,,,,,,,,,,,,,,,,,,,,,,,,,,,,,,,,,,,,,,,,,,,,,,,,,,,,,,,,,,,,,,,,,,,,,,,,,,,,,,,,,,,,,,,,,,,,,,,,,,,,,
