"v1","v2","v3","v4","v5","v6","v7","v8","v9","v10","v11","v12","v13","v14","v15","v16","v17","v18","v19","v20","v21","v22","v23","v24","v25","v26","v27","v28","v29","v30","v31","v32","v33","v34","v35","v36","v37","v38","v39","v40","v41","v42","v43","v44","v45","v46","v47","v48","v49","v50","v51","v52","v53","v54","v55","v56","v57","v58","v59","v60","v61","v62","v63","v64","v65","v66","v67","v68","v69","v70","v71","v72","v73","v74","v75","v76","v77","v78","v79","v80","v81","v82","v83","v84","v85","v86","v87","v88","v89","v90","v91","v92","v93","v94","v95","v96","v97","v98","v99","v100","v101","v102","v103","v104","v105","v106","v107","v108","v109","v110","v111","v112","v113","v114","v115","v116","v117","v118","v119","v120","v121","v122","v123","v124","v125","v126","v127","v128","v129","v130","v131","v132","v133","v134","v135","v136","v137","v138","v139","v140","v141","v142","v143","v144","v145","v146","v147","v148","v149","v150","v151","v152","v153","v154","v155","v156","v157","v158","v159","v160","v161","v162","v163","v164","v165","v166","v167","v168","v169","v170","v171","v172","v173","v174","v175","v176","v177","v178","v179","v180","v181","v182","v183","v184","v185","v186","v187","v188","v189","v190","v191","v192","v193","v194","v195","v196","v197","v198","v199","v200","v201","v202","v203","v204","v205","v206","v207","v208","v209","v210","v211","v212","v213","v214","v215","v216","v217","v218","v219"
,"10301001","10301001","10301001","10301001","10301001","10301001",,"20101001","20101001","20101001","20101001","20101001","40102002","50101001","50102002","50105005","20101001","20102001","20102002","20102003","20102004","20102005","20102006","20102007","20103001","20103002","20103003","20103004","20104001","20105001","20105002","20105003","20105004","20105005","20105006","20105007","20105008","20105009","20105010","20105011","20105012","20105013","20106001","20106002","20106003","20106004","20106005","20106006","20106007","20106008","20106009","20106010","20106011","20106012","20106013","20201001","20202001","20202002","20202003","20202004","20202005","20202006","20202007","20203001","20203002","20203003","20203004","20204001","20204002","20205003","20301001","20302001","20302002","20302003","20302004","20302005","20302006","20302007","20303001","20303002","20303003","20303004","20304001","20401001","20401002","20401003","20401004","20401005","20401006","20401007","20401008","20401009","20401010","20101001","20102001","20102002","20102003","20102004","20102005","20102006","20102007","20103001","20103002","20103003","20103004","20104001","20105001","20105002","20105003","20105004","20105005","20105006","20105007","20105008","20105009","20105010","20105011","20105012","20105013","20106001","20106002","20106003","20106004","20106005","20106006","20106007","20106008","20106009","20106010","20106011","20106012","20106013","20201001","20202001","20202002","20202003","20202004","20202005","20202006","20202007","20203001","20203002","20203003","20203004","20204001","20204002","20301001","20302001","20302002","20302003","20302004","20302005","20302006","20302007","20303001","20303002","20303003","20303004","20304001","20401001","20401002","20401003","20401004","20401005","20401006","20401007","20401008","20401009","20401010","30101001","30101002","30101003","30101004","30101005","30101006","30101007","30101008","30101009","30101010","30101011","30101012","30101013","30101014","30101015","30201001","30201002","30201003","30301001","30301002","30301003","30301004","30301005","30101001","30101002","30101003","30101004","30101005","30101006","30101007","30101008","30101009","30101010","30101011","30101012","30101013","30101014","30101015","30201001","30201002","30201003","30301001","30301002","30301003","30301004","30301005",,,
"Greece","Wealth: Charalampidis, N. (2015), National Wealth-Income Ratio in Greece, 1974-2013, mimeo.",,,,,,,,,,,,,,,,,,,,,,,,,,,,,,,,,,,,,,,,,,,,,,,,,,,,,,,,,,,,,,,,,,,,,,,,,,,,,,,,,,,,,,,,,,,,,,,,,,,,,,,,,,,,,,,,,,,,,,,,,,,,,,,,,,,,,,,,,,,,,,,,,,,,,,,,,,,,,,,,,,,,,,,,,,,,,,,,,,,,,,,,,,,,,,,,,,,,,,,,,,,,,,,,,,,,,,,,,
"Sources:",,,,,,,,,,,,,,,,,,,,,,,,,,,,,,,,,,,,,,,,,,,,,,,,,,,,,,,,,,,,,,,,,,,,,,,,,,,,,,,,,,,,,,,,,,,,,,,,,,,,,,,,,,,,,,,,,,,,,,,,,,,,,,,,,,,,,,,,,,,,,,,,,,,,,,,,,,,,,,,,,,,,,,,,,,,,,,,,,,,,,,,,,,,,,,,,,,,,,,,,,,,,,,,,,,,,,,,,,,
"Notes:",,"Deflated with CPI; base year 2013=100",,,"Deflated with CPI; base year 2013=100","Deflated with CPI; base year 2013=100",,"Deflated with CPI; base year 2013=100",,,"Deflated with CPI; base year 2013=100","Deflated with CPI; base year 2013=100","CPI index is used, base year 2013=100; Hellenic Statistical Authority (ELSTAT)",,"Above 19yr",,,,,,,,,,,,,,,,,,,,,,,"Non-profit institutions are included here; ","Gross assets.This term includes the ""Other Acounts Receivable"", F8 term in financial accounts, Non-profit institutions are included here; ","Gross assets. Non-profit institutions are included here; ","Gross assets. Non-profit institutions are included here; ","Non-profit institutions are included here; ",,,,,,,,,"Non-profit institutions are included in personal wealth","Non-profit institutions are included in personal wealth","Non-profit institutions are included in personal wealth","Non-profit institutions are included in personal wealth","Non-profit institutions are included in personal wealth",,,,,,,,,"Financial and Non-financial Corporations","This term includes ""Other Accounts Receivable"" (F8), ""Monetary Gold and SDRs"" (F1), and Financial Derivatives and Stock Employee Options (F7), for Financial and Non-financial Corporations","This term includes financial and non-financial corporations","This term includes financial and non-financial corporations","Financial and Non-financial Corporations are included","Financial and Non-financial Corporations are included",,,,,,,,,,,"This term includes the ""Other Acounts Receivable"", F8 term in financial accounts; ",,,,,,,,,,,,,,"Imputed from columns ET and FG. See paper for the approach.","Imputed from columns CS,DA and DE. See paper for the approach.",,,,,,,"see notes on personal wealth; private wealth=personal + non-profit","see notes on personal wealth; private wealth=personal + non-profit","see notes on personal wealth; private wealth=personal + non-profit","see notes on personal wealth; private wealth=personal + non-profit","see notes on personal wealth; private wealth=personal + non-profit",,,,,,,,,"Non-profit institutions are included here; ","Gross assets.This term includes the ""Other Acounts Receivable"", F8 term in financial accounts, Non-profit institutions are included here; ","Gross assets. Non-profit institutions are included here; ","Gross assets. Non-profit institutions are included here; ","Non-profit institutions are included here; ",,,,,,,,,"Non-profit institutions are included in personal wealth","Non-profit institutions are included in personal wealth","Non-profit institutions are included in personal wealth","Non-profit institutions are included in personal wealth","Non-profit institutions are included in personal wealth",,,,,,,,,"Financial and Non-financial Corporations; ","This term includes ""Other Accounts Receivable"" (F8), ""Monetary Gold and SDRs"" (F1), and Financial Derivatives and Stock Employee Options (F7), for Financial and Non-financial Corporations; ","This term includes financial and non-financial corporations; ","This term includes financial and non-financial corporations; ","Financial and Non-financial Corporations; ","Financial and Non-financial Corporations; ",,"Using Kamps (2006) for 1997-2001, and extending  IMF Country Report 09/245 for 2002-2010",,,,,,,,"Gross assets.This term includes the ""Other Acounts Receivable"", F8 term in financial accounts","Gross assets","Gross assets",,"see paper for estimation approach ",,,,,,,,,,,,,,,,,,,,,,,,,,,,"The 1948-73 obs. include the Net Capital Transfers from abroad",,,,,,,,,,,,,,,,,,,,,,,"The 1948-73 obs. include the Net Capital Transfers from abroad",,,,,,,
"Units","billion current euro","billion constant 2013 euro ","per adult, current euro","per capita, current euro","per adult, constant 2013 euro ","per capita, constant 2013 euro ","billion current euro","billion constant 2013 euro ","per adult, current euro","per capita, current euro","per adult, constant 2013 euro ","per capita, constant 2013 euro ","2013 = 100","thousands","thousands","thousands","billion current euro","billion current euro","billion current euro","billion current euro","billion current euro","billion current euro","billion current euro","billion current euro","billion current euro","billion current euro","billion current euro","billion current euro","billion current euro","billion current euro","billion current euro","billion current euro","billion current euro","billion current euro","billion current euro","billion current euro","billion current euro","billion current euro","billion current euro","billion current euro","billion current euro","billion current euro","billion current euro","billion current euro","billion current euro","billion current euro","billion current euro","billion current euro","billion current euro","billion current euro","billion current euro","billion current euro","billion current euro","billion current euro","billion current euro","billion current euro","billion current euro","billion current euro","billion current euro","billion current euro","billion current euro","billion current euro","billion current euro","billion current euro","billion current euro","billion current euro","billion current euro","billion current euro","billion current euro",,"billion current euro","billion current euro","billion current euro","billion current euro","billion current euro","billion current euro","billion current euro","billion current euro","billion current euro","billion current euro","billion current euro","billion current euro","billion current euro","billion current euro","billion current euro","billion current euro","billion current euro","billion current euro","billion current euro","billion current euro","billion current euro","billion current euro","billion current euro","% of national income","% of national income","% of national income","% of national income","% of national income","% of national income","% of national income","% of national income","% of national income","% of national income","% of national income","% of national income","% of national income","% of national income","% of national income","% of national income","% of national income","% of national income","% of national income","% of national income","% of national income","% of national income","% of national income","% of national income","% of national income","% of national income","% of national income","% of national income","% of national income","% of national income","% of national income","% of national income","% of national income","% of national income","% of national income","% of national income","% of national income","% of national income","% of national income","% of national income","% of national income","% of national income","% of national income","% of national income","% of national income","% of national income","% of national income","% of national income","% of national income","% of national income","% of national income","% of national income","% of national income","% of national income","% of national income","% of national income","% of national income","% of national income","% of national income","% of national income","% of national income","% of national income","% of national income","% of national income","% of national income","% of national income","% of national income","% of national income","% of national income","% of national income","% of national income","% of national income","% of national income","% of national income","% of national income","% of national income","billion current euro","billion current euro","billion current euro","billion current euro","billion current euro","billion current euro","billion current euro","billion current euro","billion current euro","billion current euro","billion current euro","billion current euro","billion current euro","billion current euro","billion current euro","billion current euro","billion current euro","billion current euro","billion current euro","billion current euro","billion current euro","billion current euro","billion current euro","% of national income","% of national income","% of national income","% of national income","% of national income","% of national income","% of national income","% of national income","% of national income","% of national income","% of national income","% of national income","% of national income","% of national income","% of national income","% of national income","% of national income","% of national income","% of national income","% of national income","% of national income","% of national income","% of national income",,,
"Data/No Data","1","1","1","1","1","1","1","1","1","1","1","1","1","1","1","0","1","1","1","1","1","1","1","1","1","1","1","1","1","1","1","1","1","1","1","1","1","1","1","1","1","1","1","1","1","1","1","1","1","1","1","1","1","1","1","1","1","1","1","1","1","1","1","1","1","1","1","1","1","1","1","1","1","1","1","1","1","1","1","1","1","1","1","1","1","1","1","1","1","1","1","1","1","1","1","1","1","1","1","1","1","1","1","1","1","1","1","1","1","1","1","1","1","1","1","1","1","1","1","1","1","1","1","1","1","1","1","1","1","1","1","1","1","1","1","1","1","1","1","1","1","1","1","1","1","1","1","1","1","1","1","1","1","1","1","1","1","1","1","1","1","1","1","1","1","1","1","1","1","1","1","1","1","1","1","1","1","1","1","1","1","1","1","1","1","1","1","1","1","1","1","1","1","1","1","1","1","1","1","1","1","1","1","1","1","1","1","1","1","1","1","1","1","1","1",,,
"Download/No Downloand","1","1","1","1","1","1","1","1","1","1","1","1","1","1","1","1","1","1","1","1","1","1","1","1","1","1","1","1","1","1","1","1","1","1","1","1","1","1","1","1","1","1","1","1","1","1","1","1","1","1","1","1","1","1","1","1","1","1","1","1","1","1","1","1","1","1","1","1","1","1","1","1","1","1","1","1","1","1","1","1","1","1","1","1","1","1","1","1","1","1","1","1","1","1","1","1","1","1","1","1","1","1","1","1","1","1","1","1","1","1","1","1","1","1","1","1","1","1","1","1","1","1","1","1","1","1","1","1","1","1","1","1","1","1","1","1","1","1","1","1","1","1","1","1","1","1","1","1","1","1","1","1","1","1","1","1","1","1","1","1","1","1","1","1","1","1","1","1","1","1","1","1","1","1","1","1","1","1","1","1","1","1","1","1","1","1","1","1","1","1","1","1","1","1","1","1","1","1","1","1","1","1","1","1","1","1","1","1","1","1","1","1","1","1","1",,,
"Keep decimals","5","5","5","5","5","5","5","5","5","5","5","5","5","3","3","5","5","5","5","5","5","5","5","5","5","5","5","5","5","5","5","5","5","5","5","5","5","5","5","5","5","5","5","5","5","5","5","5","5","5","5","5","5","5","5","5","5","5","5","5","5","5","5","5","5","5","5","5","5","5","5","5","5","5","5","5","5","5","5","5","5","5","5","5","5","5","5","5","5","5","5","5","5","2","2","2","2","2","2","2","2","2","2","2","2","2","2","2","2","2","2","2","2","2","2","2","2","2","2","2","2","2","2","2","2","2","2","2","2","2","2","2","2","2","2","2","2","2","2","2","2","2","2","2","2","2","2","2","2","2","2","2","2","2","2","2","2","2","2","2","2","2","2","2","2","2","2","2","2","5","5","5","5","5","5","5","5","5","5","5","5","5","5","5","5","5","5","5","5","5","5","5","2","2","2","2","2","2","2","2","2","2","2","2","2","2","2","2","2","2","2","2","2","2","2",,,
"Show decimals","0","0","0","0","0","0","0","0","0","0","0","0","3","0","0","0","0","0","0","0","0","0","0","0","0","0","0","0","0","0","0","0","0","0","0","0","0","0","0","0","0","0","0","0","0","0","0","0","0","0","0","0","0","0","0","0","0","0","0","0","0","0","0","0","0","0","0","0","0","2","0","0","0","0","0","0","0","0","0","0","0","0","0","0","0","0","0","0","0","0","0","0","0","2","2","2","2","2","2","2","2","2","2","2","2","2","2","2","2","2","2","2","2","2","2","2","2","2","2","2","2","2","2","2","2","2","2","2","2","2","2","2","2","2","2","2","2","2","2","2","2","2","2","2","2","2","2","2","2","2","2","2","2","2","2","2","2","2","2","2","2","2","2","2","2","2","2","2","2","0","0","0","0","0","0","0","0","0","0","0","0","0","0","0","0","0","0","0","0","0","0","0","2","2","2","2","2","2","2","2","2","2","2","2","2","2","2","2","2","2","2","2","2","2","2",,,
"Category","National income","National income","National income","National income","National income","National income","Private wealth","Private wealth","Private wealth","Private wealth","Private wealth","Private wealth","Price index","Population","Population","Population","Private wealth","Private wealth","Private wealth","Private wealth","Private wealth","Private wealth","Private wealth","Private wealth","Private wealth","Private wealth","Private wealth","Private wealth","Private wealth","Private wealth","Private wealth","Private wealth","Private wealth","Private wealth","Private wealth","Private wealth","Private wealth","Private wealth","Private wealth","Private wealth","Private wealth","Private wealth","Private wealth","Private wealth","Private wealth","Private wealth","Private wealth","Private wealth","Private wealth","Private wealth","Private wealth","Private wealth","Private wealth","Private wealth","Private wealth","Corporate wealth","Corporate wealth","Corporate wealth","Corporate wealth","Corporate wealth","Corporate wealth","Corporate wealth","Corporate wealth","Corporate wealth","Corporate wealth","Corporate wealth","Corporate wealth","Corporate wealth","Corporate wealth","Corporate wealth","Public wealth","Public wealth","Public wealth","Public wealth","Public wealth","Public wealth","Public wealth","Public wealth","Public wealth","Public wealth","Public wealth","Public wealth","Public wealth","National wealth","National wealth","National wealth","National wealth","National wealth","National wealth","National wealth","National wealth","National wealth","National wealth","Private wealth","Private wealth","Private wealth","Private wealth","Private wealth","Private wealth","Private wealth","Private wealth","Private wealth","Private wealth","Private wealth","Private wealth","Private wealth","Private wealth","Private wealth","Private wealth","Private wealth","Private wealth","Private wealth","Private wealth","Private wealth","Private wealth","Private wealth","Private wealth","Private wealth","Private wealth","Private wealth","Private wealth","Private wealth","Private wealth","Private wealth","Private wealth","Private wealth","Private wealth","Private wealth","Private wealth","Private wealth","Private wealth","Private wealth","Corporate wealth","Corporate wealth","Corporate wealth","Corporate wealth","Corporate wealth","Corporate wealth","Corporate wealth","Corporate wealth","Corporate wealth","Corporate wealth","Corporate wealth","Corporate wealth","Corporate wealth","Corporate wealth","Public wealth","Public wealth","Public wealth","Public wealth","Public wealth","Public wealth","Public wealth","Public wealth","Public wealth","Public wealth","Public wealth","Public wealth","Public wealth","National wealth","National wealth","National wealth","National wealth","National wealth","National wealth","National wealth","National wealth","National wealth","National wealth","Private saving","Private saving","Private saving","Private saving","Private saving","Private saving","Private saving","Private saving","Private saving","Private saving","Private saving","Private saving","Private saving","Private saving","Private saving","Public saving","Public saving","Public saving","National saving","National saving","National saving","National saving","National saving","Private saving","Private saving","Private saving","Private saving","Private saving","Private saving","Private saving","Private saving","Private saving","Private saving","Private saving","Private saving","Private saving","Private saving","Private saving","Public saving","Public saving","Public saving","National saving","National saving","National saving","National saving","National saving",,,
"Subcategory",,,,,,,"Net private wealth","Net private wealth","Net private wealth","Net private wealth","Net private wealth","Net private wealth",,,,,"Net private wealth","Non-financial assets","Non-financial assets","Non-financial assets","Non-financial assets","Non-financial assets","Non-financial assets","Non-financial assets","Financial assets","Financial assets","Financial assets","Financial assets","Liabilities","Personal wealth","Personal wealth","Personal wealth","Personal wealth","Personal wealth","Personal wealth","Personal wealth","Personal wealth","Personal wealth","Personal wealth","Personal wealth","Personal wealth","Personal wealth","Non-profit wealth","Non-profit wealth","Non-profit wealth","Non-profit wealth","Non-profit wealth","Non-profit wealth","Non-profit wealth","Non-profit wealth","Non-profit wealth","Non-profit wealth","Non-profit wealth","Non-profit wealth","Non-profit wealth","Net corporate wealth","Non-financial assets","Non-financial assets","Non-financial assets","Non-financial assets","Non-financial assets","Non-financial assets","Non-financial assets","Financial assets","Financial assets","Financial assets","Financial assets","Liabilities","Liabilities","Tobin's q","Net public wealth","Non-financial assets","Non-financial assets","Non-financial assets","Non-financial assets","Non-financial assets","Non-financial assets","Non-financial assets","Financial assets","Financial assets","Financial assets","Financial assets","Liabilities","National wealth","National wealth","National wealth","National wealth","National wealth","National wealth","National wealth","National wealth","National wealth","National wealth","Net private wealth","Non-financial assets","Non-financial assets","Non-financial assets","Non-financial assets","Non-financial assets","Non-financial assets","Non-financial assets","Financial assets","Financial assets","Financial assets","Financial assets","Liabilities","Personal wealth","Personal wealth","Personal wealth","Personal wealth","Personal wealth","Personal wealth","Personal wealth","Personal wealth","Personal wealth","Personal wealth","Personal wealth","Personal wealth","Personal wealth","Non-profit wealth","Non-profit wealth","Non-profit wealth","Non-profit wealth","Non-profit wealth","Non-profit wealth","Non-profit wealth","Non-profit wealth","Non-profit wealth","Non-profit wealth","Non-profit wealth","Non-profit wealth","Non-profit wealth","Net corporate wealth","Non-financial assets","Non-financial assets","Non-financial assets","Non-financial assets","Non-financial assets","Non-financial assets","Non-financial assets","Financial assets","Financial assets","Financial assets","Financial assets","Liabilities","Liabilities","Net public wealth","Non-financial assets","Non-financial assets","Non-financial assets","Non-financial assets","Non-financial assets","Non-financial assets","Non-financial assets","Financial assets","Financial assets","Financial assets","Financial assets","Liabilities","National wealth","National wealth","National wealth","National wealth","National wealth","National wealth","National wealth","National wealth","National wealth","National wealth",,,,,,,,,,,,,,,,,,,,,,,,,,,,,,,,,,,,,,,,,,,,,,,,,
,,,,,,,,,,,,,,,,,,,,,,,,,,,,,,,,,,,,,,,,,,,,,,,,,,,,,,,,,,,,,,,,,,,,,,,,,,,,,,,,,,,,,,,,,,,,,,,,,,,,,,,,,,,,,,,,,,,,,,,,,,,,,,,,,,,,,,,,,,,,,,,,,,,,,,,,,,,,,,,,,,,,,,,,,,,,,,,,,,,,,,,,,,,,,,,,,,,,,,,,,,,,,,,,,,,,,,,,,,
"Variable","National income","National income","National income","National income","National income","National income","Private wealth. Net private wealth","Private wealth. Net private wealth","Private wealth. Net private wealth","Private wealth. Net private wealth","Private wealth. Net private wealth","Private wealth. Net private wealth","National income price index","Total population","Number of adults","Employed population ","Private wealth. Net private wealth","Private wealth. Non-financial assets","Private wealth. Non-financial assets. Housing assets","Private wealth. Non-financial assets. Housing assets. Dwellings","Private wealth. Non-financial assets. Land underlying dwellings","Private wealth. Non-financial assets. Business assets and other non-financial assets","Private wealth. Non-financial assets. Agricultural land","Private wealth. Non-financial assets. Other domestic capital","Private wealth. Financial assets","Private wealth. Financial assets. Currency, deposits, bonds & loans","Private wealth. Financial assets. Equities & fund shares","Private wealth. Financial assets. Life insurance & pension funds","Private wealth. Liabilities","Private wealth. Personal wealth. Net personal wealth","Private wealth. Personal wealth. Non-financial assets","Private wealth. Personal wealth. Non-financial assets. Housing assets","Private wealth. Personal wealth. Non-financial assets. Housing assets. Dwellings","Private wealth. Personal wealth. Non-financial assets. Housing assets. Land underlying dwellings","Private wealth. Personal wealth. Non-financial assets. Business assets and other non-financial assets","Private wealth. Personal wealth. Non-financial assets. Agricultural land","Private wealth. Personal wealth. Non-financial assets. Other domestic capital","Private wealth. Personal wealth. Financial assets","Private wealth. Personal wealth. Financial assets. Currency, deposits, bonds & loans","Private wealth. Personal wealth. Financial assets. Equities & fund shares","Private wealth. Personal wealth. Financial assets. Life insurance & pension funds","Private wealth. Personal wealth. Liabilities","Private wealth. Non-profit wealth. Net non-profit wealth","Private wealth. Non-profit wealth. Non-financial assets","Private wealth. Non-profit wealth. Non-financial assets. Housing assets","Private wealth. Non-profit wealth. Non-financial assets. Housing assets. Dwellings","Private wealth. Non-profit wealth. Non-financial assets. Housing assets. Land underlying dwellings","Private wealth. Non-profit wealth. Non-financial assets. Business assets and other non-financial assets","Private wealth. Non-profit wealth. Non-financial assets. Agricultural land","Private wealth. Non-profit wealth. Non-financial assets. Other domestic capital","Private wealth. Non-profit wealth. Financial assets","Private wealth. Non-profit wealth. Financial assets. Currency, deposits, bonds & loans","Private wealth. Non-profit wealth. Financial assets. Equities & fund shares","Private wealth. Non-profit wealth. Financial assets. Life insurance & pension funds","Private wealth. Non-profit wealth. Liabilities","Corporate wealth. Net corporate wealth","Corporate wealth. Non-financial assets","Corporate wealth. Non-financial assets. Housing assets","Corporate wealth. Non-financial assets. Housing assets. Dwellings","Corporate wealth. Non-financial assets. Housing assets. Land underlying dwellings","Corporate wealth. Non-financial assets. Business assets and other non-financial assets","Corporate wealth. Non-financial assets. Agricultural land","Corporate wealth. Non-financial assets. Other domestic capital","Corporate wealth. Financial assets","Corporate wealth. Financial assets. Currency, deposits, bonds & loans","Corporate wealth. Financial assets. Equities & fund shares","Corporate wealth. Financial assets. Life insurance & pension funds","Corporate wealth. Liabilities","Corporate wealth. Liabilities. Equity liabilities","Corporate wealth. Tobin's q","Public wealth. Net public wealth","Public wealth. Non-financial assets","Public wealth. Non-financial assets. Housing assets","Public wealth. Non-financial assets. Housing assets. Dwellings","Public wealth. Non-financial assets. Housing assets. Land underlying dwellings","Public wealth. Non-financial assets. Business assets and other non-financial assets","Public wealth. Non-financial assets. Agricultural land","Public wealth. Non-financial assets. Other domestic capital","Public wealth. Financial assets","Public wealth. Financial assets. Currency, deposits, bonds & loans","Public wealth. Financial assets. Equities & fund shares","Public wealth. Financial assets. Life insurance & pension funds","Public wealth. Liabilities","National wealth. Net national wealth","National wealth. Agricultural land","National wealth. Housing","National wealth. Housing. Dwellings","National wealth. Housing. Land underlying dwellings","National wealth. Other domestic capital","National wealth. Residual wealth","National wealth. Net foreign assets","National wealth. Gross foreign assets","National wealth. Gross foreign liabilities","Private wealth. Net private wealth","Private wealth. Non-financial assets","Private wealth. Non-financial assets. Housing assets","Private wealth. Non-financial assets. Housing assets. Dwellings","Private wealth. Non-financial assets. Land underlying dwellings","Private wealth. Non-financial assets. Business assets and other non-financial assets","Private wealth. Non-financial assets. Agricultural land","Private wealth. Non-financial assets. Other domestic capital","Private wealth. Financial assets","Private wealth. Financial assets. Currency, deposits, bonds & loans","Private wealth. Financial assets. Equities & fund shares","Private wealth. Financial assets. Life insurance & pension funds","Private wealth. Liabilities","Private wealth. Personal wealth. Net personal wealth","Private wealth. Personal wealth. Non-financial assets","Private wealth. Personal wealth. Non-financial assets. Housing assets","Private wealth. Personal wealth. Non-financial assets. Housing assets. Dwellings","Private wealth. Personal wealth. Non-financial assets. Housing assets. Land underlying dwellings","Private wealth. Personal wealth. Non-financial assets. Business assets and other non-financial assets","Private wealth. Personal wealth. Non-financial assets. Agricultural land","Private wealth. Personal wealth. Non-financial assets. Other domestic capital","Private wealth. Personal wealth. Financial assets","Private wealth. Personal wealth. Financial assets. Currency, deposits, bonds & loans","Private wealth. Personal wealth. Financial assets. Equities & fund shares","Private wealth. Personal wealth. Financial assets. Life insurance & pension funds","Private wealth. Personal wealth. Liabilities","Private wealth. Non-profit wealth. Net non-profit wealth","Private wealth. Non-profit wealth. Non-financial assets","Private wealth. Non-profit wealth. Non-financial assets. Housing assets","Private wealth. Non-profit wealth. Non-financial assets. Housing assets. Dwellings","Private wealth. Non-profit wealth. Non-financial assets. Housing assets. Land underlying dwellings","Private wealth. Non-profit wealth. Non-financial assets. Business assets and other non-financial assets","Private wealth. Non-profit wealth. Non-financial assets. Agricultural land","Private wealth. Non-profit wealth. Non-financial assets. Other domestic capital","Private wealth. Non-profit wealth. Financial assets","Private wealth. Non-profit wealth. Financial assets. Currency, deposits, bonds & loans","Private wealth. Non-profit wealth. Financial assets. Equities & fund shares","Private wealth. Non-profit wealth. Financial assets. Life insurance & pension funds","Private wealth. Non-profit wealth. Liabilities","Corporate wealth. Net corporate wealth","Corporate wealth. Non-financial assets","Corporate wealth. Non-financial assets. Housing assets","Corporate wealth. Non-financial assets. Housing assets. Dwellings","Corporate wealth. Non-financial assets. Housing assets. Land underlying dwellings","Corporate wealth. Non-financial assets. Business assets and other non-financial assets","Corporate wealth. Non-financial assets. Agricultural land","Corporate wealth. Non-financial assets. Other domestic capital","Corporate wealth. Financial assets","Corporate wealth. Financial assets. Currency, deposits, bonds & loans","Corporate wealth. Financial assets. Equities & fund shares","Corporate wealth. Financial assets. Life insurance & pension funds","Corporate wealth. Liabilities","Corporate wealth. Liabilities. Equity liabilities","Public wealth. Net public wealth","Public wealth. Non-financial assets","Public wealth. Non-financial assets. Housing assets","Public wealth. Non-financial assets. Housing assets. Dwellings","Public wealth. Non-financial assets. Housing assets. Land underlying dwellings","Public wealth. Non-financial assets. Business assets and other non-financial assets","Public wealth. Non-financial assets. Agricultural land","Public wealth. Non-financial assets. Other domestic capital","Public wealth. Financial assets","Public wealth. Financial assets. Currency, deposits, bonds & loans","Public wealth. Financial assets. Equities & fund shares","Public wealth. Financial assets. Life insurance & pension funds","Public wealth. Liabilities","National wealth. Net national wealth","National wealth. Agricultural land","National wealth. Housing","National wealth. Housing. Dwellings","National wealth. Housing. Land underlying dwellings","National wealth. Other domestic capital","National wealth. Residual wealth","National wealth. Net foreign assets","National wealth. Gross foreign assets","National wealth. Gross foreign liabilities","Private saving. Net private saving","Private saving. Gross private saving","Private saving. Private capital depreciation","Private saving. Personal and non profit saving. Net personal and non-profit saving","Private saving. Personal and non profit saving. Gross personal and non-profit saving","Private saving. Personal and non profit saving. Personal and non-profit capital depreciation","Private saving. Personal saving. Net personal saving","Private saving. Personal saving. Gross personal saving","Private saving. Personal saving. Personal capital depreciation","Private saving. Non-profit saving. Net non-profit saving","Private saving. Non-profit saving. Gross non-profit saving","Private saving. Non-profit saving. Non-profit capital depreciation","Private saving. Corporate saving. Net corporate saving","Private saving. Corporate saving. Gross corporate saving","Private saving. Corporate saving. Corporate capital depreciation","Public saving. Net public saving","Public saving. Gross public saving","Public saving. Public capital depreciation","National saving. Net national saving","National saving. Gross national saving","National saving. National capital depreciation","National saving. Domestic investment","National saving. Net foreign saving","Private saving. Net private saving","Private saving. Gross private saving","Private saving. Private capital depreciation","Private saving. Personal and non profit saving. Net personal and non-profit saving","Private saving. Personal and non profit saving. Gross personal and non-profit saving","Private saving. Personal and non profit saving. Personal and non-profit capital depreciation","Private saving. Personal saving. Net personal saving","Private saving. Personal saving. Gross personal saving","Private saving. Personal saving. Personal capital depreciation","Private saving. Non-profit saving. Net non-profit saving","Private saving. Non-profit saving. Gross non-profit saving","Private saving. Non-profit saving. Non-profit capital depreciation","Private saving. Corporate saving. Net corporate saving","Private saving. Corporate saving. Gross corporate saving","Private saving. Corporate saving. Corporate capital depreciation","Public saving. Net public saving","Public saving. Gross public saving","Public saving. Public capital depreciation","National saving. Net national saving","National saving. Gross national saving","National saving. National capital depreciation","National saving. Domestic investment","National saving. Net foreign saving",,,
"Subvariable",,,,,,,,,,,,,,,,,,,,,,,,,,,,,,,,,,,,,,,,,,,,,,,,,,,,,,,,,,,,,,,,,,,,,,,,,,,,,,,,,,,,,,,,,,,,,,,,,,,,,,,,,,,,,,,,,,,,,,,,,,,,,,,,,,,,,,,,,,,,,,,,,,,,,,,,,,,,,,,,,,,,,,,,,,,,,,,,,,,,,,,,,,,,,,,,,,,,,,,,,,,,,,,,,,,,,,,,,,
"1900",,,,,,,,,,,,,,,,,,,,,,,,,,,,,,,,,,,,,,,,,,,,,,,,,,,,,,,,,,,,,,,,,,,,,,,,,,,,,,,,,,,,,,,,,,,,,,,,,,,,,,,,,,,,,,,,,,,,,,,,,,,,,,,,,,,,,,,,,,,,,,,,,,,,,,,,,,,,,,,,,,,,,,,,,,,,,,,,,,,,,,,,,,,,,,,,,,,,,,,,,,,,,,,,,,,,,,,,,,
"1901",,,,,,,,,,,,,,,,,,,,,,,,,,,,,,,,,,,,,,,,,,,,,,,,,,,,,,,,,,,,,,,,,,,,,,,,,,,,,,,,,,,,,,,,,,,,,,,,,,,,,,,,,,,,,,,,,,,,,,,,,,,,,,,,,,,,,,,,,,,,,,,,,,,,,,,,,,,,,,,,,,,,,,,,,,,,,,,,,,,,,,,,,,,,,,,,,,,,,,,,,,,,,,,,,,,,,,,,,,
"1902",,,,,,,,,,,,,,,,,,,,,,,,,,,,,,,,,,,,,,,,,,,,,,,,,,,,,,,,,,,,,,,,,,,,,,,,,,,,,,,,,,,,,,,,,,,,,,,,,,,,,,,,,,,,,,,,,,,,,,,,,,,,,,,,,,,,,,,,,,,,,,,,,,,,,,,,,,,,,,,,,,,,,,,,,,,,,,,,,,,,,,,,,,,,,,,,,,,,,,,,,,,,,,,,,,,,,,,,,,
"1903",,,,,,,,,,,,,,,,,,,,,,,,,,,,,,,,,,,,,,,,,,,,,,,,,,,,,,,,,,,,,,,,,,,,,,,,,,,,,,,,,,,,,,,,,,,,,,,,,,,,,,,,,,,,,,,,,,,,,,,,,,,,,,,,,,,,,,,,,,,,,,,,,,,,,,,,,,,,,,,,,,,,,,,,,,,,,,,,,,,,,,,,,,,,,,,,,,,,,,,,,,,,,,,,,,,,,,,,,,
"1904",,,,,,,,,,,,,,,,,,,,,,,,,,,,,,,,,,,,,,,,,,,,,,,,,,,,,,,,,,,,,,,,,,,,,,,,,,,,,,,,,,,,,,,,,,,,,,,,,,,,,,,,,,,,,,,,,,,,,,,,,,,,,,,,,,,,,,,,,,,,,,,,,,,,,,,,,,,,,,,,,,,,,,,,,,,,,,,,,,,,,,,,,,,,,,,,,,,,,,,,,,,,,,,,,,,,,,,,,,
"1905",,,,,,,,,,,,,,,,,,,,,,,,,,,,,,,,,,,,,,,,,,,,,,,,,,,,,,,,,,,,,,,,,,,,,,,,,,,,,,,,,,,,,,,,,,,,,,,,,,,,,,,,,,,,,,,,,,,,,,,,,,,,,,,,,,,,,,,,,,,,,,,,,,,,,,,,,,,,,,,,,,,,,,,,,,,,,,,,,,,,,,,,,,,,,,,,,,,,,,,,,,,,,,,,,,,,,,,,,,
"1906",,,,,,,,,,,,,,,,,,,,,,,,,,,,,,,,,,,,,,,,,,,,,,,,,,,,,,,,,,,,,,,,,,,,,,,,,,,,,,,,,,,,,,,,,,,,,,,,,,,,,,,,,,,,,,,,,,,,,,,,,,,,,,,,,,,,,,,,,,,,,,,,,,,,,,,,,,,,,,,,,,,,,,,,,,,,,,,,,,,,,,,,,,,,,,,,,,,,,,,,,,,,,,,,,,,,,,,,,,
"1907",,,,,,,,,,,,,,,,,,,,,,,,,,,,,,,,,,,,,,,,,,,,,,,,,,,,,,,,,,,,,,,,,,,,,,,,,,,,,,,,,,,,,,,,,,,,,,,,,,,,,,,,,,,,,,,,,,,,,,,,,,,,,,,,,,,,,,,,,,,,,,,,,,,,,,,,,,,,,,,,,,,,,,,,,,,,,,,,,,,,,,,,,,,,,,,,,,,,,,,,,,,,,,,,,,,,,,,,,,
"1908",,,,,,,,,,,,,,,,,,,,,,,,,,,,,,,,,,,,,,,,,,,,,,,,,,,,,,,,,,,,,,,,,,,,,,,,,,,,,,,,,,,,,,,,,,,,,,,,,,,,,,,,,,,,,,,,,,,,,,,,,,,,,,,,,,,,,,,,,,,,,,,,,,,,,,,,,,,,,,,,,,,,,,,,,,,,,,,,,,,,,,,,,,,,,,,,,,,,,,,,,,,,,,,,,,,,,,,,,,
"1909",,,,,,,,,,,,,,,,,,,,,,,,,,,,,,,,,,,,,,,,,,,,,,,,,,,,,,,,,,,,,,,,,,,,,,,,,,,,,,,,,,,,,,,,,,,,,,,,,,,,,,,,,,,,,,,,,,,,,,,,,,,,,,,,,,,,,,,,,,,,,,,,,,,,,,,,,,,,,,,,,,,,,,,,,,,,,,,,,,,,,,,,,,,,,,,,,,,,,,,,,,,,,,,,,,,,,,,,,,
"1910",,,,,,,,,,,,,,,,,,,,,,,,,,,,,,,,,,,,,,,,,,,,,,,,,,,,,,,,,,,,,,,,,,,,,,,,,,,,,,,,,,,,,,,,,,,,,,,,,,,,,,,,,,,,,,,,,,,,,,,,,,,,,,,,,,,,,,,,,,,,,,,,,,,,,,,,,,,,,,,,,,,,,,,,,,,,,,,,,,,,,,,,,,,,,,,,,,,,,,,,,,,,,,,,,,,,,,,,,,
"1911",,,,,,,,,,,,,,,,,,,,,,,,,,,,,,,,,,,,,,,,,,,,,,,,,,,,,,,,,,,,,,,,,,,,,,,,,,,,,,,,,,,,,,,,,,,,,,,,,,,,,,,,,,,,,,,,,,,,,,,,,,,,,,,,,,,,,,,,,,,,,,,,,,,,,,,,,,,,,,,,,,,,,,,,,,,,,,,,,,,,,,,,,,,,,,,,,,,,,,,,,,,,,,,,,,,,,,,,,,
"1912",,,,,,,,,,,,,,,,,,,,,,,,,,,,,,,,,,,,,,,,,,,,,,,,,,,,,,,,,,,,,,,,,,,,,,,,,,,,,,,,,,,,,,,,,,,,,,,,,,,,,,,,,,,,,,,,,,,,,,,,,,,,,,,,,,,,,,,,,,,,,,,,,,,,,,,,,,,,,,,,,,,,,,,,,,,,,,,,,,,,,,,,,,,,,,,,,,,,,,,,,,,,,,,,,,,,,,,,,,
"1913",,,,,,,,,,,,,,,,,,,,,,,,,,,,,,,,,,,,,,,,,,,,,,,,,,,,,,,,,,,,,,,,,,,,,,,,,,,,,,,,,,,,,,,,,,,,,,,,,,,,,,,,,,,,,,,,,,,,,,,,,,,,,,,,,,,,,,,,,,,,,,,,,,,,,,,,,,,,,,,,,,,,,,,,,,,,,,,,,,,,,,,,,,,,,,,,,,,,,,,,,,,,,,,,,,,,,,,,,,
"1914",,,,,,,,,,,,,,,,,,,,,,,,,,,,,,,,,,,,,,,,,,,,,,,,,,,,,,,,,,,,,,,,,,,,,,,,,,,,,,,,,,,,,,,,,,,,,,,,,,,,,,,,,,,,,,,,,,,,,,,,,,,,,,,,,,,,,,,,,,,,,,,,,,,,,,,,,,,,,,,,,,,,,,,,,,,,,,,,,,,,,,,,,,,,,,,,,,,,,,,,,,,,,,,,,,,,,,,,,,
"1915",,,,,,,,,,,,,,,,,,,,,,,,,,,,,,,,,,,,,,,,,,,,,,,,,,,,,,,,,,,,,,,,,,,,,,,,,,,,,,,,,,,,,,,,,,,,,,,,,,,,,,,,,,,,,,,,,,,,,,,,,,,,,,,,,,,,,,,,,,,,,,,,,,,,,,,,,,,,,,,,,,,,,,,,,,,,,,,,,,,,,,,,,,,,,,,,,,,,,,,,,,,,,,,,,,,,,,,,,,
"1916",,,,,,,,,,,,,,,,,,,,,,,,,,,,,,,,,,,,,,,,,,,,,,,,,,,,,,,,,,,,,,,,,,,,,,,,,,,,,,,,,,,,,,,,,,,,,,,,,,,,,,,,,,,,,,,,,,,,,,,,,,,,,,,,,,,,,,,,,,,,,,,,,,,,,,,,,,,,,,,,,,,,,,,,,,,,,,,,,,,,,,,,,,,,,,,,,,,,,,,,,,,,,,,,,,,,,,,,,,
"1917",,,,,,,,,,,,,,,,,,,,,,,,,,,,,,,,,,,,,,,,,,,,,,,,,,,,,,,,,,,,,,,,,,,,,,,,,,,,,,,,,,,,,,,,,,,,,,,,,,,,,,,,,,,,,,,,,,,,,,,,,,,,,,,,,,,,,,,,,,,,,,,,,,,,,,,,,,,,,,,,,,,,,,,,,,,,,,,,,,,,,,,,,,,,,,,,,,,,,,,,,,,,,,,,,,,,,,,,,,
"1918",,,,,,,,,,,,,,,,,,,,,,,,,,,,,,,,,,,,,,,,,,,,,,,,,,,,,,,,,,,,,,,,,,,,,,,,,,,,,,,,,,,,,,,,,,,,,,,,,,,,,,,,,,,,,,,,,,,,,,,,,,,,,,,,,,,,,,,,,,,,,,,,,,,,,,,,,,,,,,,,,,,,,,,,,,,,,,,,,,,,,,,,,,,,,,,,,,,,,,,,,,,,,,,,,,,,,,,,,,
"1919",,,,,,,,,,,,,,,,,,,,,,,,,,,,,,,,,,,,,,,,,,,,,,,,,,,,,,,,,,,,,,,,,,,,,,,,,,,,,,,,,,,,,,,,,,,,,,,,,,,,,,,,,,,,,,,,,,,,,,,,,,,,,,,,,,,,,,,,,,,,,,,,,,,,,,,,,,,,,,,,,,,,,,,,,,,,,,,,,,,,,,,,,,,,,,,,,,,,,,,,,,,,,,,,,,,,,,,,,,
"1920",,,,,,,,,,,,,,,,,,,,,,,,,,,,,,,,,,,,,,,,,,,,,,,,,,,,,,,,,,,,,,,,,,,,,,,,,,,,,,,,,,,,,,,,,,,,,,,,,,,,,,,,,,,,,,,,,,,,,,,,,,,,,,,,,,,,,,,,,,,,,,,,,,,,,,,,,,,,,,,,,,,,,,,,,,,,,,,,,,,,,,,,,,,,,,,,,,,,,,,,,,,,,,,,,,,,,,,,,,
"1921",,,,,,,,,,,,,,,,,,,,,,,,,,,,,,,,,,,,,,,,,,,,,,,,,,,,,,,,,,,,,,,,,,,,,,,,,,,,,,,,,,,,,,,,,,,,,,,,,,,,,,,,,,,,,,,,,,,,,,,,,,,,,,,,,,,,,,,,,,,,,,,,,,,,,,,,,,,,,,,,,,,,,,,,,,,,,,,,,,,,,,,,,,,,,,,,,,,,,,,,,,,,,,,,,,,,,,,,,,
"1922",,,,,,,,,,,,,,,,,,,,,,,,,,,,,,,,,,,,,,,,,,,,,,,,,,,,,,,,,,,,,,,,,,,,,,,,,,,,,,,,,,,,,,,,,,,,,,,,,,,,,,,,,,,,,,,,,,,,,,,,,,,,,,,,,,,,,,,,,,,,,,,,,,,,,,,,,,,,,,,,,,,,,,,,,,,,,,,,,,,,,,,,,,,,,,,,,,,,,,,,,,,,,,,,,,,,,,,,,,
"1923",,,,,,,,,,,,,,,,,,,,,,,,,,,,,,,,,,,,,,,,,,,,,,,,,,,,,,,,,,,,,,,,,,,,,,,,,,,,,,,,,,,,,,,,,,,,,,,,,,,,,,,,,,,,,,,,,,,,,,,,,,,,,,,,,,,,,,,,,,,,,,,,,,,,,,,,,,,,,,,,,,,,,,,,,,,,,,,,,,,,,,,,,,,,,,,,,,,,,,,,,,,,,,,,,,,,,,,,,,
"1924",,,,,,,,,,,,,,,,,,,,,,,,,,,,,,,,,,,,,,,,,,,,,,,,,,,,,,,,,,,,,,,,,,,,,,,,,,,,,,,,,,,,,,,,,,,,,,,,,,,,,,,,,,,,,,,,,,,,,,,,,,,,,,,,,,,,,,,,,,,,,,,,,,,,,,,,,,,,,,,,,,,,,,,,,,,,,,,,,,,,,,,,,,,,,,,,,,,,,,,,,,,,,,,,,,,,,,,,,,
"1925",,,,,,,,,,,,,,,,,,,,,,,,,,,,,,,,,,,,,,,,,,,,,,,,,,,,,,,,,,,,,,,,,,,,,,,,,,,,,,,,,,,,,,,,,,,,,,,,,,,,,,,,,,,,,,,,,,,,,,,,,,,,,,,,,,,,,,,,,,,,,,,,,,,,,,,,,,,,,,,,,,,,,,,,,,,,,,,,,,,,,,,,,,,,,,,,,,,,,,,,,,,,,,,,,,,,,,,,,,
"1926",,,,,,,,,,,,,,,,,,,,,,,,,,,,,,,,,,,,,,,,,,,,,,,,,,,,,,,,,,,,,,,,,,,,,,,,,,,,,,,,,,,,,,,,,,,,,,,,,,,,,,,,,,,,,,,,,,,,,,,,,,,,,,,,,,,,,,,,,,,,,,,,,,,,,,,,,,,,,,,,,,,,,,,,,,,,,,,,,,,,,,,,,,,,,,,,,,,,,,,,,,,,,,,,,,,,,,,,,,
"1927",,,,,,,,,,,,,,,,,,,,,,,,,,,,,,,,,,,,,,,,,,,,,,,,,,,,,,,,,,,,,,,,,,,,,,,,,,,,,,,,,,,,,,,,,,,,,,,,,,,,,,,,,,,,,,,,,,,,,,,,,,,,,,,,,,,,,,,,,,,,,,,,,,,,,,,,,,,,,,,,,,,,,,,,,,,,,,,,,,,,,,,,,,,,,,,,,,,,,,,,,,,,,,,,,,,,,,,,,,
"1928",,,,,,,,,,,,,,,,,,,,,,,,,,,,,,,,,,,,,,,,,,,,,,,,,,,,,,,,,,,,,,,,,,,,,,,,,,,,,,,,,,,,,,,,,,,,,,,,,,,,,,,,,,,,,,,,,,,,,,,,,,,,,,,,,,,,,,,,,,,,,,,,,,,,,,,,,,,,,,,,,,,,,,,,,,,,,,,,,,,,,,,,,,,,,,,,,,,,,,,,,,,,,,,,,,,,,,,,,,
"1929",,,,,,,,,,,,,,,,,,,,,,,,,,,,,,,,,,,,,,,,,,,,,,,,,,,,,,,,,,,,,,,,,,,,,,,,,,,,,,,,,,,,,,,,,,,,,,,,,,,,,,,,,,,,,,,,,,,,,,,,,,,,,,,,,,,,,,,,,,,,,,,,,,,,,,,,,,,,,,,,,,,,,,,,,,,,,,,,,,,,,,,,,,,,,,,,,,,,,,,,,,,,,,,,,,,,,,,,,,
"1930",,,,,,,,,,,,,,,,,,,,,,,,,,,,,,,,,,,,,,,,,,,,,,,,,,,,,,,,,,,,,,,,,,,,,,,,,,,,,,,,,,,,,,,,,,,,,,,,,,,,,,,,,,,,,,,,,,,,,,,,,,,,,,,,,,,,,,,,,,,,,,,,,,,,,,,,,,,,,,,,,,,,,,,,,,,,,,,,,,,,,,,,,,,,,,,,,,,,,,,,,,,,,,,,,,,,,,,,,,
"1931",,,,,,,,,,,,,,,,,,,,,,,,,,,,,,,,,,,,,,,,,,,,,,,,,,,,,,,,,,,,,,,,,,,,,,,,,,,,,,,,,,,,,,,,,,,,,,,,,,,,,,,,,,,,,,,,,,,,,,,,,,,,,,,,,,,,,,,,,,,,,,,,,,,,,,,,,,,,,,,,,,,,,,,,,,,,,,,,,,,,,,,,,,,,,,,,,,,,,,,,,,,,,,,,,,,,,,,,,,
"1932",,,,,,,,,,,,,,,,,,,,,,,,,,,,,,,,,,,,,,,,,,,,,,,,,,,,,,,,,,,,,,,,,,,,,,,,,,,,,,,,,,,,,,,,,,,,,,,,,,,,,,,,,,,,,,,,,,,,,,,,,,,,,,,,,,,,,,,,,,,,,,,,,,,,,,,,,,,,,,,,,,,,,,,,,,,,,,,,,,,,,,,,,,,,,,,,,,,,,,,,,,,,,,,,,,,,,,,,,,
"1933",,,,,,,,,,,,,,,,,,,,,,,,,,,,,,,,,,,,,,,,,,,,,,,,,,,,,,,,,,,,,,,,,,,,,,,,,,,,,,,,,,,,,,,,,,,,,,,,,,,,,,,,,,,,,,,,,,,,,,,,,,,,,,,,,,,,,,,,,,,,,,,,,,,,,,,,,,,,,,,,,,,,,,,,,,,,,,,,,,,,,,,,,,,,,,,,,,,,,,,,,,,,,,,,,,,,,,,,,,
"1934",,,,,,,,,,,,,,,,,,,,,,,,,,,,,,,,,,,,,,,,,,,,,,,,,,,,,,,,,,,,,,,,,,,,,,,,,,,,,,,,,,,,,,,,,,,,,,,,,,,,,,,,,,,,,,,,,,,,,,,,,,,,,,,,,,,,,,,,,,,,,,,,,,,,,,,,,,,,,,,,,,,,,,,,,,,,,,,,,,,,,,,,,,,,,,,,,,,,,,,,,,,,,,,,,,,,,,,,,,
"1935",,,,,,,,,,,,,,,,,,,,,,,,,,,,,,,,,,,,,,,,,,,,,,,,,,,,,,,,,,,,,,,,,,,,,,,,,,,,,,,,,,,,,,,,,,,,,,,,,,,,,,,,,,,,,,,,,,,,,,,,,,,,,,,,,,,,,,,,,,,,,,,,,,,,,,,,,,,,,,,,,,,,,,,,,,,,,,,,,,,,,,,,,,,,,,,,,,,,,,,,,,,,,,,,,,,,,,,,,,
"1936",,,,,,,,,,,,,,,,,,,,,,,,,,,,,,,,,,,,,,,,,,,,,,,,,,,,,,,,,,,,,,,,,,,,,,,,,,,,,,,,,,,,,,,,,,,,,,,,,,,,,,,,,,,,,,,,,,,,,,,,,,,,,,,,,,,,,,,,,,,,,,,,,,,,,,,,,,,,,,,,,,,,,,,,,,,,,,,,,,,,,,,,,,,,,,,,,,,,,,,,,,,,,,,,,,,,,,,,,,
"1937",,,,,,,,,,,,,,,,,,,,,,,,,,,,,,,,,,,,,,,,,,,,,,,,,,,,,,,,,,,,,,,,,,,,,,,,,,,,,,,,,,,,,,,,,,,,,,,,,,,,,,,,,,,,,,,,,,,,,,,,,,,,,,,,,,,,,,,,,,,,,,,,,,,,,,,,,,,,,,,,,,,,,,,,,,,,,,,,,,,,,,,,,,,,,,,,,,,,,,,,,,,,,,,,,,,,,,,,,,
"1938",,,,,,,,,,,,,,,,,,,,,,,,,,,,,,,,,,,,,,,,,,,,,,,,,,,,,,,,,,,,,,,,,,,,,,,,,,,,,,,,,,,,,,,,,,,,,,,,,,,,,,,,,,,,,,,,,,,,,,,,,,,,,,,,,,,,,,,,,,,,,,,,,,,,,,,,,,,,,,,,,,,,,,,,,,,,,,,,,,,,,,,,,,,,,,,,,,,,,,,,,,,,,,,,,,,,,,,,,,
"1939",,,,,,,,,,,,,,,,,,,,,,,,,,,,,,,,,,,,,,,,,,,,,,,,,,,,,,,,,,,,,,,,,,,,,,,,,,,,,,,,,,,,,,,,,,,,,,,,,,,,,,,,,,,,,,,,,,,,,,,,,,,,,,,,,,,,,,,,,,,,,,,,,,,,,,,,,,,,,,,,,,,,,,,,,,,,,,,,,,,,,,,,,,,,,,,,,,,,,,,,,,,,,,,,,,,,,,,,,,
"1940",,,,,,,,,,,,,,,,,,,,,,,,,,,,,,,,,,,,,,,,,,,,,,,,,,,,,,,,,,,,,,,,,,,,,,,,,,,,,,,,,,,,,,,,,,,,,,,,,,,,,,,,,,,,,,,,,,,,,,,,,,,,,,,,,,,,,,,,,,,,,,,,,,,,,,,,,,,,,,,,,,,,,,,,,,,,,,,,,,,,,,,,,,,,,,,,,,,,,,,,,,,,,,,,,,,,,,,,,,
"1941",,,,,,,,,,,,,,,,,,,,,,,,,,,,,,,,,,,,,,,,,,,,,,,,,,,,,,,,,,,,,,,,,,,,,,,,,,,,,,,,,,,,,,,,,,,,,,,,,,,,,,,,,,,,,,,,,,,,,,,,,,,,,,,,,,,,,,,,,,,,,,,,,,,,,,,,,,,,,,,,,,,,,,,,,,,,,,,,,,,,,,,,,,,,,,,,,,,,,,,,,,,,,,,,,,,,,,,,,,
"1942",,,,,,,,,,,,,,,,,,,,,,,,,,,,,,,,,,,,,,,,,,,,,,,,,,,,,,,,,,,,,,,,,,,,,,,,,,,,,,,,,,,,,,,,,,,,,,,,,,,,,,,,,,,,,,,,,,,,,,,,,,,,,,,,,,,,,,,,,,,,,,,,,,,,,,,,,,,,,,,,,,,,,,,,,,,,,,,,,,,,,,,,,,,,,,,,,,,,,,,,,,,,,,,,,,,,,,,,,,
"1943",,,,,,,,,,,,,,,,,,,,,,,,,,,,,,,,,,,,,,,,,,,,,,,,,,,,,,,,,,,,,,,,,,,,,,,,,,,,,,,,,,,,,,,,,,,,,,,,,,,,,,,,,,,,,,,,,,,,,,,,,,,,,,,,,,,,,,,,,,,,,,,,,,,,,,,,,,,,,,,,,,,,,,,,,,,,,,,,,,,,,,,,,,,,,,,,,,,,,,,,,,,,,,,,,,,,,,,,,,
"1944",,,,,,,,,,,,,,,,,,,,,,,,,,,,,,,,,,,,,,,,,,,,,,,,,,,,,,,,,,,,,,,,,,,,,,,,,,,,,,,,,,,,,,,,,,,,,,,,,,,,,,,,,,,,,,,,,,,,,,,,,,,,,,,,,,,,,,,,,,,,,,,,,,,,,,,,,,,,,,,,,,,,,,,,,,,,,,,,,,,,,,,,,,,,,,,,,,,,,,,,,,,,,,,,,,,,,,,,,,
"1945",,,,,,,,,,,,,,,,,,,,,,,,,,,,,,,,,,,,,,,,,,,,,,,,,,,,,,,,,,,,,,,,,,,,,,,,,,,,,,,,,,,,,,,,,,,,,,,,,,,,,,,,,,,,,,,,,,,,,,,,,,,,,,,,,,,,,,,,,,,,,,,,,,,,,,,,,,,,,,,,,,,,,,,,,,,,,,,,,,,,,,,,,,,,,,,,,,,,,,,,,,,,,,,,,,,,,,,,,,
"1946",,,,,,,,,,,,,,,,,,,,,,,,,,,,,,,,,,,,,,,,,,,,,,,,,,,,,,,,,,,,,,,,,,,,,,,,,,,,,,,,,,,,,,,,,,,,,,,,,,,,,,,,,,,,,,,,,,,,,,,,,,,,,,,,,,,,,,,,,,,,,,,,,,,,,,,,,,,,,,,,,,,,,,,,,,,,,,,,,,,,,,,,,,,,,,,,,,,,,,,,,,,,,,,,,,,,,,,,,,
"1947",,,,,,,,,,,,,,,,,,,,,,,,,,,,,,,,,,,,,,,,,,,,,,,,,,,,,,,,,,,,,,,,,,,,,,,,,,,,,,,,,,,,,,,,,,,,,,,,,,,,,,,,,,,,,,,,,,,,,,,,,,,,,,,,,,,,,,,,,,,,,,,,,,,,,,,,,,,,,,,,,,,,,,,,,,,,,,,,,,,,,,,,,,,,,,,,,,,,,,,,,,,,,,,,,,,,,,,,,,
"1948","5.2889214966984593E-2",,,,,,,,,,,,,,,,,,,,,,,,,,,,,,,,,,,,,,,,,,,,,,,,,,,,,,,,,,,,,,,,,,,,,,,,,,,,,,,,,,,,,,,,,,,,,,,,,,,,,,,,,,,,,,,,,,,,,,,,,,,,,,,,,,,,,,,,,,,,,,,,,,,,,,,,,,,,,,,,,,,,,,,,,,,,,,,,,,,,,,,,,,,"6.1628760088041094E-4",,,,,,,,,,,,,,,,,,,,,,,,,,,,,,
"1949","7.0347762289068222E-2",,,,,,,,,,,,,,,,,,,,,,,,,,,,,,,,,,,,,,,,,,,,,,,,,,,,,,,,,,,,,,,,,,,,,,,,,,,,,,,,,,,,,,,,,,,,,,,,,,,,,,,,,,,,,,,,,,,,,,,,,,,,,,,,,,,,,,,,,,,,,,,,,,,,,,,,,,,,,,,,,,,,,,,,,,,,,,,,,,,,,,,,,,,"1.1433602347762289E-2",,,,,,,,,,,,,,,,,,,,,,,,,,,,,,
"1950","8.3069699192956717E-2",,,,,,,,,,,,,,,,,,,,,,,,,,,,,,,,,,,,,,,,,,,,,,,,,,,,,,,,,,,,,,,,,,,,,,,,,,,,,,,,,,,,,,,,,,,,,,,,,,,,,,,,,,,,,,,,,,,,,,,,,,,,,,,,,,,,,,,,,,,,,,,,,,,,,,,,,,,,,,,,,,,,,,,,,,,,,,,,,,,,,,,,,,,"1.3232575201760821E-2",,,,,,,,,,,,,,,,,,,,,,,,,,,,,,
"1951","0.1005810711665444",,,,,,,,,,,,,,,,,,,,,,,,,,,,,,,,,,,,,,,,,,,,,,,,,,,,,,,,,,,,,,,,,,,,,,,,,,,,,,,,,,,,,,,,,,,,,,,,,,,,,,,,,,,,,,,,,,,,,,,,,,,,,,,,,,,,,,,,,,,,,,,,,,,,,,,,,,,,,,,,,,,,,,,,,,,,,,,,,,,,,,,,,,,"1.6161408657373443E-2",,,,,,,,,,,,,,,,,,,,,,,,,,,,,,
"1952","0.1046338958180484",,,,,,,,,,,,,,,,,,,,,,,,,,,,,,,,,,,,,,,,,,,,,,,,,,,,,,,,,,,,,,,,,,,,,,,,,,,,,,,,,,,,,,,,,,,,,,,,,,,,,,,,,,,,,,,,,,,,,,,,,,,,,,,,,,,,,,,,,,,,,,,,,,,,,,,,,,,,,,,,,,,,,,,,,,,,,,,,,,,,,,,,,,,"7.0110051357300078E-3",,,,,,,,,,,,,,,,,,,,,,,,,,,,,,
"1953","0.13777256052824649",,,,,,,,,,,,,,,,,,,,,,,,,,,,,,,,,,,,,,,,,,,,,,,,,,,,,,,,,,,,,,,,,,,,,,,,,,,,,,,,,,,,,,,,,,,,,,,,,,,,,,,,,,,,,,,,,,,,,,,,,,,,,,,,,,,,,,,,,,,,,,,,,,,,,,,,,,,,,,,,,,,,,,,,,,,,,,,,,,,,,,,,,,,"1.8394717534849597E-2",,,,,,,,,,,,,,,,,,,,,,,,,,,,,,
"1954","0.15781951577402789",,,,,,,,,,,,,,,,,,,,,,,,,,,,,,,,,,,,,,,,,,,,,,,,,,,,,,,,,,,,,,,,,,,,,,,,,,,,,,,,,,,,,,,,,,,,,,,,,,,,,,,,,,,,,,,,,,,,,,,,,,,,,,,,,,,,,,,,,,,,,,,,,,,,,,,,,,,,,,,,,,,,,,,,,,,,,,,,,,,,,,,,,,,"1.0975788701393985E-2",,,,,,,,,,,,,,,,,,,,,,,,,,,,,,
"1955","0.18182538517975061",,,,,,,,,,,,,,,,,,,,,,,,,,,,,,,,,,,,,,,,,,,,,,,,,,,,,,,,,,,,,,,,,,,,,,,,,,,,,,,,,,,,,,,,,,,,,,,,,,,,,,,,,,,,,,,,,,,,,,,,,,,,,,,,,,,,,,,,,,,,,,,,,,,,,,,,,,,,,,,,,,,,,,,,,,,,,,,,,,,,,,,,,,,"2.409097578870139E-2",,,,,,,,,,,,,,,,,,,,,,,,,,,,,,
"1956","0.2124137931034483",,"40.906492386946496","26.449190544635936",,,,,,,,,,"8031.0129999999999","5192.6670000000004",,,,,,,,,,,,,,,,,,,,,,,,,,,,,,,,,,,,,,,,,,,,,,,,,,,,,,,,,,,,,,,,,,,,,,,,,,,,,,,,,,,,,,,,,,,,,,,,,,,,,,,,,,,,,,,,,,,,,,,,,,,,,,,,,,,,,,,,,,,,,,,,,,,,,,,,,,,,,,,,,,,,,,,,,,,,,"3.011592076302274E-2",,,,,,,,,,,,,,,,,,,,,,,,,,,,,,
"1957","0.22746001467351429",,"43.142120650275395","28.094601043785417",,,,,,,,,,"8096.2179999999998","5272.3419999999996",,,,,,,,,,,,,,,,,,,,,,,,,,,,,,,,,,,,,,,,,,,,,,,,,,,,,,,,,,,,,,,,,,,,,,,,,,,,,,,,,,,,,,,,,,,,,,,,,,,,,,,,,,,,,,,,,,,,,,,,,,,,,,,,,,,,,,,,,,,,,,,,,,,,,,,,,,,,,,,,,,,,,,,,,,,,,"3.0541452677916366E-2",,,,,,,,,,,,,,,,,,,,,,,,,,,,,,
"1958","0.2372472487160675",,"44.266527086216989","29.027713708674796",,,,,,,,,,"8173.1289999999999","5359.518",,,,,,,,,,,,,,,,,,,,,,,,,,,,,,,,,,,,,,,,,,,,,,,,,,,,,,,,,,,,,,,,,,,,,,,,,,,,,,,,,,,,,,,,,,,,,,,,,,,,,,,,,,,,,,,,,,,,,,,,,,,,,,,,,,,,,,,,,,,,,,,,,,,,,,,,,,,,,,,,,,,,,,,,,,,,,"3.0873074101247247E-2",,,,,,,,,,,,,,,,,,,,,,,,,,,,,,
"1959","0.24589875275128389","23.159920423535024","45.124120910371168","29.776450589281719","4250.0054911755242","2804.4885076770138",,,,,,,"1.0617426496051454","8258.1620000000003","5449.3860000000004",,,,,,,,,,,,,,,,,,,,,,,,,,,,,,,,,,,,,,,,,,,,,,,,,,,,,,,,,,,,,,,,,,,,,,,,,,,,,,,,,,,,,,,,,,,,,,,,,,,,,,,,,,,,,,,,,,,,,,,,,,,,,,,,,,,,,,,,,,,,,,,,,,,,,,,,,,,,,,,,,,,,,,,,,,,,,"3.1504035216434342E-2",,,,,,,,,,,,,,,,,,,,,,,,,,,,,,
"1960","0.26369185619955982","24.427500924650353","47.767572551539182","31.665549615943963","4425.0225983011378","2933.3869224146483",,,,,,,"1.0794876521055101","8327.4050000000007","5520.3109999999997",,,,,,,,,,,,,,,,,,,,,,,,,,,,,,,,,,,,,,,,,,,,,,,,,,,,,,,,,,,,,,,,,,,,,,,,,,,,,,,,,,,,,,,,,,,,,,,,,,,,,,,,,,,,,,,,,,,,,,,,,,,,,,,,,,,,,,,,,,,,,,,,,,,,,,,,,,,,,,,,,,,,,,,,,,,,,"3.7250183418928835E-2",,,,,,,,,,,,,,,,,,,,,,,,,,,,,,
"1961","0.29804842259721198","27.116355129184299","53.716907532934918","35.490193866101293","4887.1479621051485","3228.8870784508667",,,,,,,"1.0991463313461098","8398.0499999999993","5548.5029999999997",,,,,,,,,,,,,,,,,,,,,,,,,,,,,,,,,,,,,,,,,,,,,,,,,,,,,,,,,,,,,,,,,,,,,,,,,,,,,,,,,,,,,,,,,,,,,,,,,,,,,,,,,,,,,,,,,,,,,,,,,,,,,,,,,,,,,,,,,,,,,,,,,,,,,,,,,,,,,,,,,,,,,,,,,,,,,"4.9212032281731467E-2",,,,,,,,,,,,,,,,,,,,,,,,,,,,,,
"1962","0.31337931034482758","28.601694993655354","56.258974669910465","37.094065746627443","5134.6785861325134","3385.5239307030661",,,,,,,"1.0956669190911366","8448.2330000000002","5570.299",,,,,,,,,,,,,,,,,,,,,,,,,,,,,,,,,,,,,,,,,,,,,,,,,,,,,,,,,,,,,,,,,,,,,,,,,,,,,,,,,,,,,,,,,,,,,,,,,,,,,,,,,,,,,,,,,,,,,,,,,,,,,,,,,,,,,,,,,,,,,,,,,,,,,,,,,,,,,,,,,,,,,,,,,,,,,"5.8705796038151133E-2",,,,,,,,,,,,,,,,,,,,,,,,,,,,,,
"1963","0.34949082905355833","30.972976748899761","62.641880691878164","41.215363775350724","5551.5205346906696","3652.6351989503983",,,,,,,"1.1283733942878871","8479.625","5579.1880000000001",,,,,,,,,,,,,,,,,,,,,,,,,,,,,,,,,,,,,,,,,,,,,,,,,,,,,,,,,,,,,,,,,,,,,,,,,,,,,,,,,,,,,,,,,,,,,,,,,,,,,,,,,,,,,,,,,,,,,,,,,,,,,,,,,,,,,,,,,,,,,,,,,,,,,,,,,,,,,,,,,,,,,,,,,,,,,"6.220102714600146E-2",,,,,,,,,,,,,,,,,,,,,,,,,,,,,,
"1964","0.39291856199559788","34.523602935668222","70.208548669986612","46.169066447249357","6168.840801670528","4056.6231074447865",,,,,,,"1.1381157486018125","8510.4290000000001","5596.4489999999996",,,,,,,,,,,,,,,,,,,,,,,,,,,,,,,,,,,,,,,,,,,,,,,,,,,,,,,,,,,,,,,,,,,,,,,,,,,,,,,,,,,,,,,,,,,,,,,,,,,,,,,,,,,,,,,,,,,,,,,,,,,,,,,,,,,,,,,,,,,,,,,,,,,,,,,,,,,,,,,,,,,,,,,,,,,,,"7.9210564930300806E-2",,,,,,,,,,,,,,,,,,,,,,,,,,,,,,
"1965","0.4474159941305943","38.157131210870162","79.367029611605815","52.327318027332304","6768.6855240653485","4462.6485554270412",,,,,,,"1.1725619299260497","8550.3330000000005","5637.3029999999999",,,,,,,,,,,,,,,,,,,,,,,,,,,,,,,,,,,,,,,,,,,,,,,,,,,,,,,,,,,,,,,,,,,,,,,,,,,,,,,,,,,,,,,,,,,,,,,,,,,,,,,,,,,,,,,,,,,,,,,,,,,,,,,,,,,,,,,,,,,,,,,,,,,,,,,,,,,,,,,,,,,,,,,,,,,,,"8.2585473220836397E-2",,,,,,,,,,,,,,,,,,,,,,,,,,,,,,
"1966","0.49368745414526782","40.121073031027748","86.497884479072709","57.314541086615634","7029.5242689985671","4657.8475295815615",,,,,,,"1.2304941439713575","8613.6509999999998","5707.509",,,,,,,,,,,,,,,,,,,,,,,,,,,,,,,,,,,,,,,,,,,,,,,,,,,,,,,,,,,,,,,,,,,,,,,,,,,,,,,,,,,,,,,,,,,,,,,,,,,,,,,,,,,,,,,,,,,,,,,,,,,,,,,,,,,,,,,,,,,,,,,,,,,,,,,,,,,,,,,,,,,,,,,,,,,,,"8.8410858400586947E-2",,,,,,,,,,,,,,,,,,,,,,,,,,,,,,
"1967","0.5313308877476155","42.454011850134769","91.469046895193813","60.95732051047159","7308.4928626502906","4870.5672246430358",,,,,,,"1.2515445881139466","8716.4410000000007","5808.86",,,,,,,,,,,,,,,,,,,,,,,,,,,,,,,,,,,,,,,,,,,,,,,,,,,,,,,,,,,,,,,,,,,,,,,,,,,,,,,,,,,,,,,,,,,,,,,,,,,,,,,,,,,,,,,,,,,,,,,,,,,,,,,,,,,,,,,,,,,,,,,,,,,,,,,,,,,,,,,,,,,,,,,,,,,,,"9.3705062362435795E-2",,,,,,,,,,,,,,,,,,,,,,,,,,,,,,
"1968","0.57160088041085844","45.513470652677725","97.057953223242535","64.933542100051397","7728.1971687304285","5170.3049523311429",,,,,,,"1.2558938534326634","8802.86","5889.2740000000003",,,,,,,,,,,,,,,,,,,,,,,,,,,,,,,,,,,,,,,,,,,,,,,,,,,,,,,,,,,,,,,,,,,,,,,,,,,,,,,,,,,,,,,,,,,,,,,,,,,,,,,,,,,,,,,,,,,,,,,,,,,,,,,,,,,,,,,,,,,,,,,,,,,,,,,,,,,,,,,,,,,,,,,,,,,,,"9.6443140132061622E-2",,,,,,,,,,,,,,,,,,,,,,,,,,,,,,
"1969","0.64468672046955244","50.097633667284512","108.95715201222542","72.970807280609662","8466.8961119029227","5670.451485160771",,,,,,,"1.2868606225019272","8834.8580000000002","5916.8829999999998",,,,,,,,,,,,,,,,,,,,,,,,,,,,,,,,,,,,,,,,,,,,,,,,,,,,,,,,,,,,,,,,,,,,,,,,,,,,,,,,,,,,,,,,,,,,,,,,,,,,,,,,,,,,,,,,,,,,,,,,,,,,,,,,,,,,,,,,,,,,,,,,,,,,,,,,,,,,,,,,,,,,,,,,,,,,,"0.12942626559060894",,,,,,,,,,,,,,,,,,,,,,,,,,,,,,
"1970","0.7238239178283199","54.622689622574384","121.323830533125","82.320014546928462","9155.5885012969866","6212.202296124171",,,,,,,"1.3251341573066349","8792.8060000000005","5966.049",,,,,,,,,,,,,,,,,,,,,,,,,,,,,,,,,,,,,,,,,,,,,,,,,,,,,,,,,,,,,,,,,,,,,,,,,,,,,,,,,,,,,,,,,,,,,,,,,,,,,,,,,,,,,,,,,,,,,,,,,,,,,,,,,,,,,,,,,,,,,,,,,,,,,,,,,,,,,,,,,,,,,,,,,,,,,"0.16992223037417462",,,,,,,,,,,,,,,,,,,,,,,,,,,,,,
"1971","0.8089919295671314","59.245308730566045","135.89582608640163","91.607816972678108","9952.126686841164","6708.7608668525463",,,,,,,"1.365495339464327","8831.0360000000001","5953.03",,,,,,,,,,,,,,,,,,,,,,,,,,,,,,,,,,,,,,,,,,,,,,,,,,,,,,,,,,,,,,,,,,,,,,,,,,,,,,,,,,,,,,,,,,,,,,,,,,,,,,,,,,,,,,,,,,,,,,,,,,,,,,,,,,,,,,,,,,,,,,,,,,,,,,,,,,,,,,,,,,,,,,,,,,,,,"0.19862949376375641",,,,,,,,,,,,,,,,,,,,,,,,,,,,,,
"1972","0.92682611885546584","65.072513267103034","154.27889116344878","104.27099872505248","10831.929514961208","7320.8726101601997",,,,,,,"1.424297406573378","8888.6280000000006","6007.4719999999998",,,,,,,,,,,,,,,,,,,,,,,,,,,,,,,,,,,,,,,,,,,,,,,,,,,,,,,,,,,,,,,,,,,,,,,,,,,,,,,,,,,,,,,,,,,,,,,,,,,,,,,,,,,,,,,,,,,,,,,,,,,,,,,,,,,,,,,,,,,,,,,,,,,,,,,,,,,,,,,,,,,,,,,,,,,,,"0.24429053558327224",,,,,,,,,,,,,,,,,,,,,,,,,,,,,,
"1973","1.2053851797505499","73.257255571116005","198.92929040428328","134.99536007946949","12089.922883192547","8204.3397914541329",,,,,,,"1.6454140553769405","8929.0859999999993","6059.3649999999998",,,,,,,,,,,,,,,,,,,,,,,,,,,,,,,,,,,,,,,,,,,,,,,,,,,,,,,,,,,,,,,,,,,,,,,,,,,,,,,,,,,,,,,,,,,,,,,,,,,,,,,,,,,,,,,,,,,,,,,,,,,,,,,,,,,,,,,,,,,,,,,,,,,,,,,,,,,,,,,,,,,,,,,,,,,,,"0.34437857666911226",,,,,,,,,,,,,,,,,,,,,,,,,,,,,,
"1974","1.4260073367571531","68.312599758146121","233.55781685118401","159.11667898611208","11188.541076670794","7622.4530731673112",,,,,,,"2.0874733823713165","8962.0229999999992","6105.5860000000002",,,,,,,,,,,,,,,,,,,,,,,,,,,,,,,,,,,,,,,,,,,,,,,,,,,,,,,,,,,,,,,,,,,,,"4.0140954761606844",,,,,,,,,,,,,,,,,,,,,,,,,,,,,,,,,,,,,,,,,,,,,,,,,,,,,,,,,,,,,,,,,,,,,,,,,,,,,,,,,,,,,,"0.27564196625091703",,,,,,,,,,,,,,,"3.3097578870139401E-2",,,"0.3087395451210565","0.424026412325752","0.1152868672046955","0.47872046955245778","5.4694057226705721E-2",,,,,,,,,,,,,,,,,,,,,,,,,,
"1975","1.6579046221570071","70.056583051588944","268.2070784788657","183.26390593853509","11333.385055668941","7744.0178856837174",,,,,,,"2.3665222452201857","9046.5419999999995","6181.4350000000004",,,,,,,,,,,,,,,,,,,,,,,,,,,,,,,,,,,,,,,,,,,,,,,,,,,,,,,,,,,,,,,,,,,,,"4.7124678495486974",,,,,,,,,,,,,,,,,,,,,,,,,,,,,,,,,,,,,,,,,,,,,,,,,,,,,,,,,,,,,,,,,,,,,,,,,,,,,,,,,,,,,,"0.32024358033749079",,,,,,,,,,,,,,,"1.3344093910491562E-2",,,"0.33358767424798241","0.4728598679383712","0.1392721936903889","0.55561261922230365","8.2752751283932377E-2",,,,,,,,,,,,,,,,,,,,,,,,,,
"1976","2.038083639031548","75.998072996012269","324.29394003060588","222.32370432286751","12092.592303190024","8290.2255757775583",,,,,,,"2.6817569955207796","9167.19","6284.68",,,,,,,,,,,,,,,,,,,,,,,,,,,,,,,,,,,,,,,,,,,,,,,,,,,,,,,,,,,,,,,,,,,,,"5.527658474841922",,,,,,,,,,,,,,,,,,,,,,,,,,,,,,,,,,,,,,,,,,,,,,,,,,,,,,,,,,,,,,,,,,,,,,,,,,,,,,,,,,,,,,"0.40051650770359498",,,,,,,,,,,,,,,"5.1216434336023478E-2",,,"0.4517329420396185","0.62546735143066767","0.17373440939104909","0.6876449009537785","6.2177549523110713E-2",,,,,,,,,,,,,,,,,,,,,,,,,,
"1977","2.3550315480557589","78.28899632916675","369.56685901499725","254.09042866107669","12285.618208678779","8446.8017649895428",,,,,,,"3.0081258650372886","9268.4779999999992","6372.41",,,,,,,,,,,,,,,,,,,,,,,,,,,,,,,,,,,,,,,,,,,,,,,,,,,,,,,,,,,,,,,,,,,,,"6.6181587061575726",,,,,,,,,,,,,,,,,,,,,,,,,,,,,,,,,,,,,,,,,,,,,,,,,,,,,,,,,,,,,,,,,,,,,,,,,,,,,,,,,,,,,,"0.46776228906823192",,,,,,,,,,,,,,,"2.3254585473220835E-2",,,"0.49101687454145271","0.70357740278796765","0.21256052824651511","0.77922817314746884","7.5650770359500838E-2",,,,,,,,,,,,,,,,,,,,,,,,,,
"1978","2.8163756419662511","83.198689849283966","436.23157987800948","300.89611942425512","12886.738322802385","8888.7869017906014",,,,,,,"3.3851201828636608","9359.9599999999991","6456.1480000000001",,,,,,,,,,,,,,,,,,,,,,,,,,,,,,,,,,,,,,,,,,,,,,,,,,,,,,,,,,,,,,,,,,,,,"7.6079207795984791",,,,,,,,,,,,,,,,,,,,,,,,,,,,,,,,,,,,,,,,,,,,,,,,,,,,,,,,,,,,,,,,,,,,,,,,,,,,,,,,,,,,,,"0.56877182685253114",,,,,,,,,,,,,,,"6.5942773294203954E-3",,,"0.57536610418195155","0.83793396918561991","0.26256786500366841","0.88369479090242109","4.5760821716801237E-2",,,,,,,,,,,,,,,,,,,,,,,,,,
"1979","3.452082171680118","85.662683575775844","522.19663649234371","361.54052097043439","12958.198273248743","8971.5509966085792",,,,,,,"4.0298552737102398","9548.2579999999998","6610.6940000000004",,,,,,,,,,,,,,,,,,,,,,,,,,,,,,,,,,,,,,,,,,,,,,,,,,,,,,,,,,,,,,,,,,,,,"9.0075781069992633",,,,,,,,,,,,,,,,,,,,,,,,,,,,,,,,,,,,,,,,,,,,,,,,,,,,,,,,,,,,,,,,,,,,,,,,,,,,,,,,,,,,,,"0.73337637564196623",,,,,,,,,,,,,,,"3.7168011738811443E-2",,,"0.77054438738077768","1.1002611885546589","0.32971680117388108","1.178491562729274","7.8230374174614842E-2",,,,,,,,,,,,,,,,,,,,,,,,,,
"1980","4.2208686720469553","83.875971751712271","628.29740574716584","437.7356995974547","12485.357766548661","8698.5665811645704",,,,,,,"5.0322739443680886","9642.5049999999992","6717.9470000000001",,,,,,,,,,,,,,,,,,,,,,,,,,,,,,,,,,,,,,,,,,,,,,,,,,,,,,,,,,,,,,,,,,,,,"11.441719199247753",,,,,,,,,,,,,,,,,,,,,,,,,,,,,,,,,,,,,,,,,,,,,,,,,,,,,,,,,,,,,,,,,,,,,,,,,,,,,,,,,,,,,,"0.83850917094644173",,,,,,,,,,,,,,,"-3.1049156272927366E-3",,,"0.83540425531914886","1.2523727072633899","0.41696845194424059","1.2252501834189291","-2.7122523844460879E-2",,,,,,,,,,,,,,,,,,,,,,,,,,
"1981","5.1071195891415986","81.542790601890815","749.04616391474281","524.91888863506801","11959.640542804604","8381.1139081121364",,,,,,,"6.2631160295649426","9729.35","6818.1639999999998",,,,,,,,,,,,,,,,,,,,,,,,,,,,,,,,,,,,,,,,,,,,,,,,,,,,,,,,,,,,,,,,,,,,,"14.045868264018864",,,,,,,,,,,,,,,,,,,,,,,,,,,,,,,,,,,,,,,,,,,,,,,,,,,,,,,,,,,,,,,,,,,,,,,,,,,,,,,,,,,,,,"1.168918561995598",,,,,,,,,,,,,,,"-0.40956713132795308",,,"0.75935143066764488","1.2743859134262661","0.51503448275862074","1.3192692589875279","4.4883345561261764E-2",,,,,,,,,,,,,,,,,,,,,,,,,,
"1982","6.2529772560528247","82.425028115517733","908.6391152256565","638.74242324953502","11977.431158387246","8419.7271218208443",,,,,,,"7.5862603859708111","9789.5130000000008","6881.6949999999997",,,,,,,,,,,,,,,,,,,,,,,,,,,,,,,,,,,,,,,,,,,,,,,,,,,,,,,,,,,,,,,,,,,,,"17.183081185948392",,,,,,,,,,,,,,,,,,,,,,,,,,,,,,,,,,,,,,,,,,,,,,,,,,,,,,,,,,,,,,,,,,,,,,,,,,,,,,,,,,,,,,"1.2982861335289799",,,,,,,,,,,,,,,"-0.35163609684519442",,,"0.94665003668378578","1.578782098312546","0.63213206162876012","1.9115832721936901","0.33280117388114444",,,,,,,,,,,,,,,,,,,,,,,,,,
"1983","7.3105033015407193","80.184279034240234","1052.1998100040357","742.43731396961812","11540.913078769398","8143.3245145002675",,,,,,,"9.1171279327946486","9846.6270000000004","6947.8280000000004",,,,,,,,,,,,,,,,,,,,,,,,,,,,,,,,,,,,,,,,,,,,,,,,,,,,,,,,,,,,,,,,,,,,,"19.586982923139903",,,,,,,,,,,,,,,,,,,,,,,,,,,,,,,,,,,,,,,,,,,,,,,,,,,,,,,,,,,,,,,,,,,,,,,,,,,,,,,,,,,,,,"1.3979662509170949",,,,,,,,,,,,,,,"-0.41716801173881146",,,"0.98079823917828324","1.7807923697725609","0.79999413059427726","2.236554658840793","0.45576228906823268",,,,,,,,,,,,,,,,,,,,,,,,,,
"1984","8.9070638297872335","82.473879800298775","1269.4785355033464","900.08518055155253","11754.582895883805","8334.2298213453141",,,,,,,"10.799860333180257","9895.8009999999995","7016.317",,,,,,,,,,,,,,,,,,,,,,,,,,,,,,,,,,,,,,,,,,,,,,,,,,,,,,,,,,,,,,,,,,,,,"23.268911010226152",,,,,,,,,,,,,,,,,,,,,,,,,,,,,,,,,,,,,,,,,,,,,,,,,,,,,,,,,,,,,,,,,,,,,,,,,,,,,,,,,,,,,,"1.872942039618489",,,,,,,,,,,,,,,"-0.60140865737344096",,,"1.2715216434336023","2.2381276595744679","0.96660601614086583","2.6879882611885551","0.44986060161408647",,,,,,,,,,,,,,,,,,,,,,,,,,
"1985","10.858468085106381","84.266798682595578","1531.9952234942434","1093.0286626413897","11889.000554135042","8482.4144204505701",,,,,,,"12.885820103367815","9934.2939999999999","7087.7950000000001",,,,,,,,,,,,,,,,,,,,,,,,,,,,,,,,,,,,,,,,,,,,,,,,,,,,,,,,,,,,,,,,,,,,,"28.785638171163708",,,,,,,,,,,,,,,,,,,,,,,,,,,,,,,,,,,,,,,,,,,,,,,,,,,,,,,,,,,,,,,,,,,,,,,,,,,,,,,,,,,,,,"2.4236478356566402",,,,,,,,,,,,,,,"-1.232463683052091",,,"1.1911841526045488","2.3740014673514311","1.1828173147468819","3.4810858400586939","1.1070843727072626",,,,,,,,,,,,,,,,,,,,,,,,,,
"1986","12.618476889214969","79.604063575318449","1779.6889412569658","1265.9920404651637","11227.22440021241","7986.5511313153183",,,,,,,"15.851548680395977","9967.2639999999992","7090.2709999999997",,,,,,,,,,,,,,,,,,,,,,,,,,,,,,,,,,,,,,,,,,,,,,,,,,,,,,,,,,,,,,,,,,,,,"37.283647665277485",,,,,,,,,,,,,,,,,,,,,,,,,,,,,,,,,,,,,,,,,,,,,,,,,,,,,,,,,,,,,,,,,,,,,,,,,,,,,,,,,,,,,,"2.3769156272927372",,,,,,,,,,,,,,,"-1.1944798239178283",,,"1.1824358033749083","2.664865737344094","1.482429933969186","3.518183418928833","0.85331768158473986",,,,,,,,,,,,,,,,,,,,,,,,,,
"1987","14.19433308877476","76.931107026767478","1983.0007275453572","1419.3419032589063","10747.559624734575","7692.6152982515414",,,,,,,"18.450706921240553","10000.644","7158.0069999999996",,,,,,,,,,,,,,,,,,,,,,,,,,,,,,,,,,,,,,,,,,,,,,,,,,,,,,,,,,,,,,,,,,,,,"53.644268570319255",,,,,,,,,,,,,,,,,,,,,,,,,,,,,,,,,,,,,,,,,,,,,,,,,,,,,,,,,,,,,,,,,,,,,,,,,,,,,,,,,,,,,,"2.5528716067498172",,,,,,,,,,,,,,,"-1.4455377842993395",,,"1.107333822450477","2.803744680851064","1.696410858400587","3.3678415260454879","0.56409684519442516",,,,,,,,,,,,,,,,,,,,,,,,,,
"1988","24.475366104181951","116.85448620354065","3383.2249986082957","2438.5051190089216","16152.772434149483","11642.328926708213",,,,,,,"20.945165991787448","10037.037","7234.33",,,,,,,,,,,,,,,,,,,,,,,,,,,,,,,,,,,,,,,,,,,,,,,,,,,,,,,,,,,,,,,,,,,,,"90.004278320782376",,,,,,,,,,,,,,,,,,,,,,,,,,,,,,,,,,,,,,,,,,,,,,,,,,,,,,,,,,,,,,,,,,,,,,,,,,,,,,,,,,,,,,"5.1699721203228171",,,,,,,,,,,,,,,"-2.1021364636830522",,,"3.0678356566397653","5.4500249449743219","2.3821892883345561","5.9286867204695524","0.47866177549523231",,,,,,,,,,,,,,,,,,,,,,,,,,
"1989","29.071747615553921","122.07474980698632","3966.0540932830131","2881.3720746271065","16653.799680741104","12099.127295765058",,,,,,,"23.81470997197993","10089.549999999999","7330.1440000000002",,,,,,,,,,,,,,,,,,,,,,,,,,,,,,,,,,,,,,,,,,,,,,,,,,,,,,,,,,,,,,,,,,,,,"112.22684695447336",,,,,,,,,,,,,,,,,,,,,,,,,,,,,,,,,,,,,,,,,,,,,,,,,,,,,,,,,,,,,,,,,,,,,,,,,,,,,,,,,,,,,,"6.2389816581071162",,,,,,,,,,,,,,,"-3.3103859134262659",,,"2.9285957446808513","5.7452472487160673","2.816651504035216","7.1115509904622156","1.3663037417461505",,,,,,,,,,,,,,,,,,,,,,,,,,
"1990","35.557100513572998","123.97462286290751","4779.7435952561882","3499.5248302550713","16665.220196373622","12201.5649410064",,,,,,,"28.680950740130442","10160.550999999999","7439.1229999999996",,,,,,,,,,,,,,,,,,,,,,,,,,,,,,,,,,,,,,,,,,,,,,,,,,,,,,,,,,,,,,,,,,,,,"150.87668782492747",,,,,,,,,,,,,,,,,,,,,,,,,,,,,,,,,,,,,,,,,,,,,,,,,,,,,,,,,,,,,,,,,,,,,,,,,,,,,,,,,,,,,,"7.331586206896552",,,,,,,,,,,,,,,"-3.7151753484959649",,,"3.6164108584005872","6.9386177549523111","3.322206896551724","8.7676889214966973","1.8290711665443855",,,,,,,,,,,,,,,,,,,,,,,,,,
"1991","44.112360968451952","128.75350415232802","5792.5966105671414","4324.7412714168577","16907.213655709955","12622.892563953726",,,,,,,"34.261095462118611","10200","7615.3",,,,,,,,,,,,,,,,,,,,,,,,,,,,,,,,,,,,,,,,,,,,,,,,,,,,,,,,,,,,,,,,,,,,,"172.50969130102732",,,,,,,,,,,,,,,,,,,,,,,,,,,,,,,,,,,,,,,,,,,,,,,,,,,,,,,,,,,,,,,,,,,,,,,,,,,,,,,,,,,,,,"8.3767953044754204",,,,,,,,,,,,,,,"-3.1340601614086574",,,"5.2427351430667644","9.3387351430667636","4.0960000000000001","11.161276595744679","1.8225414526779191",,,,,,,,,,,,,,,,,,,,,,,,,,
"1992","50.993074101247252","128.4436487224759","6655.4371279542247","4940.2879398310606","16764.014400468699","12443.819477751869",,,,,,,"39.700736165963612","10321.883","7661.8670000000002",,,,,,,,,,,,,,,,,,,,,,,,,,,,,,,,,,,,,,,,,,,,,,,,,,,,,,,,,,,,,,,,,,,,,"192.60958352342348",,,,,,,,,,,,,,,,,,,,,,,,,,,,,,,,,,,,,,,,,,,,,,,,,,,,,,,,,,,,,,,,,,,,,,,,,,,,,,,,,,,,,,"9.5354071900220116",,,,,,,,,,,,,,,"-3.9399442406456346",,,"5.5954629493763761","10.40844607483492","4.8129831254585467","11.51332648569332","1.1048804108584003",,,,,,,,,,,,,,,,,,,,,,,,,,
"1993","57.008965517241379","125.50924819694718","7349.1290933517957","5492.4826498314869","16179.624714115134","12092.086952650316",,,,,,,"45.422123338499951","10379.453","7757.241",,,,,,,,,,,,,,,,,,,,,,,,,,,,,,,,,,,,,,,,,,,,,,,,,,,,,,,,,,,,,,,,,,,,,"232.7788467736903",,,,,,,,,,,,,,,,,,,,,,,,,,,,,,,,,,,,,,,,,,,,,,,,,,,,,,,,,,,,,,,,,,,,,,,,,,,,,,,,,,,,,,"10.33739398385914",,,,,,,,,,,,,,,"-5.0439735876742482",,,"5.293420396184886","10.71590608950844","5.4224856933235506","12.301044754218641","1.5851386647102008",,,,,,,,,,,,,,,,,,,,,,,,,,
"1994","64.793916360968453","128.6583261045632","8255.9235583833906","6214.4753863017277","16393.411065806427","12339.800489374811",,,,,,,"50.361230650792962","10426.289000000001","7848.1729999999998",,,,,,,,,,,,,,,,,,,,,,,,,,,,,,,,,,,,,,,,,,,,,,,,,,,,,,,,,,,,,,,,,,,,,"252.85754680895283",,,,,,,,,,,,,,,,,,,,,,,,,,,,,,,,,,,,,,,,,,,,,,,,,,,,,,,,,,,,,,,,,,,,,,,,,,,,,,,,,,,,,,"11.70010564930301",,,,,,,,,,,,,,,"-5.1037916360968447",,,"6.5963140132061628","12.80968158473955","6.2133675715333823","13.145396918562","0.33571533382245244",,,,,,,,,,,,,,,,,,,,,,,,,,
"1995","75.209999999999994","137.09221170833155","9486.6129146593321","7194.3622830607055","17292.12533029477","13113.828443236191",,,,,,,"54.860884555580647","10454.019","7928.0140000000001",,,,,,,,,,,,,,,,,,,,,,,,,,,,,,,,,,,,,,,,,,,,,,,,,,,,,,,,,,,,,,,,,,,,,"289.65779482134724",,,,,,,,,,,,,,,,,,,,,,,,,,,,,,,,,,,,,,,,,,,,,,,,,,,,,,,,,,,,,,,,,,,,,,,,,,,,,,,,,,,,,,"12.670999999999999",,,,,,,,,,,,,,,"-5.5140000000000002",,,"7.1559999999999997","14.401999999999999","7.2460000000000004","15.119","0.71699999999999864",,,,,,,,,,,,,,,,,,,,,,,,,,
"1996","82.268000000000001","138.60004505451025","10279.024769590938","7853.0887816753884","17317.466040036601","13230.398927374896",,,,,,,"59.356402061517855","10475.878000000001","8003.4830000000002",,,,,,,,,,,,,,,,,,,,,,,,,,,,,,,,,,,,,,,,,,,,,,,,,,,,,,,,,,,,,,,,,,,,,"319.17518775755656",,,,,,,,,,,,,,,,,,,,,,,,,,,,,,,,,,,,,,,,,,,,,,,,,,,,,,,,,,,,,,,,,,,,,,,,,,,,,,,,,,,,,,"11.96",,,,,,,,,,,,,,,"-4.6929999999999996",,,"7.2670000000000003","15.301","8.0340000000000007","17.387","2.0860000000000016",,,,,,,,,,,,,,,,,,,,,,,,,,
"1997","91.222999999999999","145.62503873276944","11291.9569300652","8688.867984984241","18026.064318313463","13870.588961744852","410.31301203465358","655.0085863225911","50790.226803992773","39081.762210082488","81079.648176201095","62388.686357477265","62.64238677209871","10498.835999999999","8078.5820000000003",,"410.31301203465358","283.79152203465355",,,,,,,"143.07781","97.289339999999996","42.8825","2.90598","16.556319999999999",,,,,,,,,"143.07781","97.289339999999996","42.8825","2.90598","16.556319999999999",,,,,,,,,,,,,,,,,,,,,,"221.58661000000001","187.16583","34.22401","0.19678000000000001","274.23304000000002","100.23178",,"-3162.219189505297","5050.2958104947011",,,,,,,"37.163499999999999","23.344280000000001","13.81648","2.7299999999999998E-3","119.28865","378.69082013960053",,,,,,,"-8.2500900000000001","83.631280000000004","91.881379999999993",,,,,,,,,,,,,,,,,,,,,,,,,,,,,,,,,,,,,,,,,,,,,,,,,,,,,,,,,,,,,,,,,,,,,,,,,,,,,"10.217000000000001",,,,,,,,,,,,,,,"-1.5049999999999999",,,"8.7119999999999997","17.448","8.7360000000000007","19.521000000000001","2.0729999999999986",,,,,,,,,,,,,,,,,,,,,,,,,,
"1998","99.072000000000003","150.95953777530246","12159.021622911272","9420.7447705794966","18527.134649493233","14354.724604992112","505.23357837144357","769.84241218018383","62006.883923199486","48042.601253269771","94482.099240280077","73204.223985755525","65.628181869147554","10516.366","8148.0240000000003",,"505.23357837144357","347.22088837144355",,,,,,,"177.35718","96.302320000000009","77.443420000000003","3.61144","19.34449",,,,,,,,,"177.35718","96.302320000000009","77.443420000000003","3.61144","19.34449",,,,,,,,,,,,,,,,,,,,,,"263.90343000000001","202.53890000000001","61.138620000000003","0.22589000000000001","361.78059000000002","172.24794",,"-2984.3216927643493","5462.3453072356488",,,,,,,"43.031080000000003","26.683499999999999","16.344000000000001","3.5799999999999998E-3","127.49775","475.39036144380009",,,,,,,"-24.331119999999999","89.891620000000003","114.22275999999999",,,,,,,,,,,,,,,,,,,,,,,,,,,,,,,,,,,,,,,,,,,,,,,,,,,,,,,,,,,,,,,,,,,,,,,,,,,,,"9.2899999999999991",,,,,,,,,,,,,,,"-8.9999999999999993E-3",,,"9.2810000000000006","18.847999999999999","9.5670000000000002","22.582000000000001","3.7339999999999938",,,,,,,,,,,,,,,,,,,,,,,,,,
"1999","103.985","154.37563486087831","12651.848646975521","9867.5414112202161","18782.874136082995","14649.304898525055","655.38136864698788","972.97605290061142","79740.211397503095","62191.689140417708","118381.93737972","92329.484965354379","67.358427444661316","10538.085999999999","8218.9570000000003",,"655.38136864698788","403.71491864698788",,,,,,,"274.71044000000001","107.69991","161.96252999999999","5.048","23.043990000000001",,,,,,,,,"274.71044000000001","107.69991","161.96252999999999","5.048","23.043990000000001",,,,,,,,,,,,,,,,,,,,,,"382.58684","240.26873000000001","141.98283000000001","0.33528000000000002","581.63592999999992","353.59875",,"-2965.2877612253587","5790.0412387746392",,,,,,,"50.725670000000001","26.53659","24.184069999999998","5.0000000000000001E-3","138.27896000000001","625.72849103473425",,,,,,,"-34.935929999999999","120.03434","154.97013999999999",,,,,,,,,,,,,,,,,,,,,,,,,,,,,,,,,,,,,,,,,,,,,,,,,,,,,,,,,,,,,,,,,,,,,,,,,,,,,"6.9690000000000003",,,,,,,,,,,,,,,"1.76",,,"8.7289999999999992","18.928999999999998","10.199999999999999","25.388000000000002","6.4589999999999996",,,,,,,,,,,,,,,,,,,,,,,,,,
"2000","121.10720191926811","174.30389972910439","14265.360195918312","11092.986390444963","20531.461992214521","15965.613579160823","688.50961090800251","990.93950054459674","81100.359370053062","63065.016963932394","116723.93287605974","90766.512800975237","69.480489023761194","10917.457","8489.6",,"688.50961090800251","486.8415009080025",,,,,,,"230.95855","125.80265","99.83589000000002","5.32","29.29044",,,,,,,,,"230.95855","125.80265","99.83589000000002","5.32","29.29044",,,,,,,,,,,,,,,,,,,,,,"362.06175000000002","267.01862","94.671880000000002","0.37126999999999999","490.81083999999998","232.27243000000001",,"-5032.8616168035387","6950.5503831964606",,,,,,,"50.201279999999997","29.467569999999998","20.72871","5.0000000000000001E-3","170.03540000000001","638.1809947399671",,,,,,,"-46.915100000000002","125.0318","171.94689",,,,,,,,,,,,,,,,,,,,,,,,,,,,,,,,,,,,,,,,,,,,,,,,,,,,,,,,,,,,,,,,,,,,,,,,,,,,,"2.8420000000000001",,,,,,,,,,,,,,,"-3.016",,,"-0.17360924823863025","15.36719075176137","15.540800000000001","31.777609013199601","16.410418261438242",,,,,,,,,,,,,,,,,,,,,,,,,,
"2001","130.41927152405739","181.57894652922539","15290.681861770783","12006.768416117533","21288.770223361673","16716.673346981839","710.86998741519653","989.72354258461667","83344.176789407444","65444.709306540033","116037.66562961179","91116.759301947954","71.825106388678279","10862.146000000001","8529.33",,"710.86998741519653","521.0966774151965",,,,,,,"225.96386000000001","150.82214999999999","69.676709999999986","5.4649999999999999","36.190550000000002",,,,,,,,,"225.96386000000001","150.82214999999999","69.676709999999986","5.4649999999999999","36.190550000000002",,,,,,,,,,,,,,,,,,,,,,"351.16665","273.32952999999998","77.364570000000001","0.47254000000000002","466.58762000000002","181.30710999999999",,"-6088.7676965420287","7416.4353034579735",,,,,,,"51.730739999999997","31.714220000000001","20.009509999999999","7.0000000000000001E-3","186.78277","649.98231044977626",,,,,,,"-60.6997","126.35039","187.05010999999999",,,,,,,,,,,,,,,,,,,,,,,,,,,,,,,,,,,,,,,,,,,,,,,,,,,,,,,,,,,,,,,,,,,,,,,,,,,,,"3.3940000000000001",,,,,,,,,,,,,,,"-3.1019999999999999",,,"0.29050708117021712","17.222880354007739","16.93237327283752","33.979037418809597","16.756157064801851",,,,,,,,,,,,,,,,,,,,,,,,,,
"2002","139.0793881550851","186.85462135719663","16330.457700439412","12757.2302668257","21940.141746976435","17139.473092994969","725.71239683084127","975.00224097076239","85211.876154613667","66566.874334660577","114483.05219930975","89433.296074507627","74.431869624041553","10902.004999999999","8516.5640000000003",,"725.71239683084127","560.78594683084134",,,,,,,"209.27448999999999","150.44827000000001","53.086019999999998","5.7402100000000003","44.348039999999997",,,,,,,,,"209.27448999999999","150.44827000000001","53.086019999999998","5.7402100000000003","44.348039999999997",,,,,,,,,,,,,,,,,,,,,,"338.58152000000001","281.39326","56.567699999999988","0.62056999999999995","443.83012000000002","139.82065",,"-6750.5560034040591","7987.3449965959408",,,,,,,"54.025190000000002","35.786020000000001","18.229959999999998","9.2100000000000012E-3","201.4042","658.20683679680064",,,,,,,"-87.701149999999998","124.04487","211.74601999999999",,,,,,,,,,,,,,,,,,,,,,,,,,,,,,,,,,,,,,,,,,,,,,,,,,,,,,,,,,,,,,,,,,,,,,,,,,,,,"1.3979999999999999",,,,,,,,,,,,,,,"-4.2329999999999997",,,"-2.8391741347724748","15.10853448653339","17.947708621305861","34.937396632701052","19.828862146167651",,,,,,,,,,,,,,,,,,,,,,,,,,
"2003","149.97314606884899","194.61863391687356","17470.090633451822","13723.636275434474","22670.75981673081","17809.023910660479","777.82467968689923","1009.3752152001906","90607.338762017695","71176.629082508487","117580.22656010689","92365.191248882416","77.060013756394071","10928.091","8584.5660000000007",,"777.82467968689923","610.1754196868992",,,,,,,"221.57915","149.27636999999999","65.877780000000001","6.4250100000000003","53.92989",,,,,,,,,"221.57915","149.27636999999999","65.877780000000001","6.4250100000000003","53.92989",,,,,,,,,,,,,,,,,,,,,,"366.15311000000003","302.43844999999988","63.104109999999999","0.61054999999999993","493.33208000000002","171.63176999999999",,"-6156.0001275973291","8793.9878724026712",,,,,,,"64.517120000000006","40.934609999999999","23.563490000000002","1.9009999999999999E-2","214.017","716.26467841092585",,,,,,,"-109.02959","133.08078","242.11036999999999",,,,,,,,,,,,,,,,,,,,,,,,,,,,,,,,,,,,,,,,,,,,,,,,,,,,,,,,,,,,,,,,,,,,,,,,,,,,,"5.721281620572845",,,,,,,,,,,,,,,"-6.1210000000000004",,,"-0.39971837942715499","21.07600902053121","21.47572739995837","42.204841694548811","21.128832674017573",,,,,,,,,,,,,,,,,,,,,,,,,,
"2004","161.1708485827354","203.25764891977164","18640.743241246451","14711.862213527576","23508.430207140707","18553.594220348128","828.18364759735368","1044.4485622846735","95786.296760336802","75597.565056526655","120799.12496237329","95338.477600440398","79.293866400251218","10955.163","8646.16",,"828.18364759735368","644.52040759735371",,,,,,,"250.24549999999999","168.47792999999999","74.693749999999994","7.0738200000000004","66.582259999999991",,,,,,,,,"250.24549999999999","168.47792999999999","74.693749999999994","7.0738200000000004","66.582259999999991",,,,,,,,,,,,,,,,,,,,,,"387.65476999999998","320.57071000000002","66.427240000000012","0.65680999999999989","543.47415000000001","196.93077",,"-6650.057789963812","9448.5472100361894",,,,,,,"76.024259999999998","49.097389999999997","26.90558","2.129E-2","237.01031","761.68306969771561",,,,,,,"-133.1422","147.24487999999999","280.38708000000003",,,,,,,,,,,,,,,,,,,,,,,,,,,,,,,,,,,,,,,,,,,,,,,,,,,,,,,,,,,,,,,,,,,,,,,,,,,,,"8.2631453661272243",,,,,,,,,,,,,,,"-8.7690000000000001",,,"-0.50585463387277563","22.273501035592691","22.77935566946547","41.69732723046144","19.423826194868742",,,,,,,,,,,,,,,,,,,,,,,,,,
"2005","166.60434623176201","202.91646746200945","19140.436038060903","15163.284677851589","23312.174948443313","18468.186644244171","892.10911122363086","1086.5480615274678","102490.46779724384","81194.186845350079","124828.69831627927","98890.802945738673","82.104891887571469","10987.352000000001","8704.3130000000001",,"892.10911122363086","683.28229122363075",,,,,,,"292.26062999999999","189.39001999999999","94.55167999999999","8.3189299999999999","83.433809999999994",,,,,,,,,"292.26062999999999","189.39001999999999","94.55167999999999","8.3189299999999999","83.433809999999994",,,,,,,,,,,,,,,,,,,,,,"451.08652999999998","369.03653000000003","81.390419999999992","0.6595899999999999","646.24089000000004","248.72140999999999",,"-6531.9051295846521","9845.532870415349",,,,,,,"84.037399999999991","50.128010000000003","33.877420000000001","3.1980000000000001E-2","247.81178","826.79005992778423",,,,,,,"-150.10192000000001","183.15835999999999","333.26042999999999",,,,,,,,,,,,,,,,,,,,,,,,,,,,,,,,,,,,,,,,,,,,,,,,,,,,,,,,,,,,,,,,,,,,,,,,,,,,,"5.225735045340989",,,,,,,,,,,,,,,"-8.4740000000000002",,,"-3.2482649546590108","20.387858246394568","23.636123201053579","41.321734884800989","20.933876638406421",,,,,,,,,,,,,,,,,,,,,,,,,,
"2006","183.99206337095501","217.15379312098804","21007.559550546142","16695.599092605411","24793.847935814123","19704.723154699481","1043.2186203415831","1231.2426759674036","119110.99255884519","94662.560613000198","140578.91064795858","111724.02617287819","84.728919871292845","11020.393","8758.3739999999998",,"1043.2186203415831","822.77156034158315",,,,,,,"321.20931999999999","209.38833","102.32482","9.4961800000000007","100.76226",,,,,,,,,"321.20931999999999","209.38833","102.32482","9.4961800000000007","100.76226",,,,,,,,,,,,,,,,,,,,,,"496.14488","406.70695999999998","88.699789999999993","0.73813000000000006","730.16918999999996","279.58659999999998",,"-8356.7350847131747","11109.356915286826",,,,,,,"89.760960000000011","55.052849999999992","34.665469999999992","4.2639999999999997E-2","284.42187999999999","959.6512694944513",,,,,,,"-208.23817","210.84141","419.07956000000007",,,,,,,,,,,,,,,,,,,,,,,,,,,,,,,,,,,,,,,,,,,,,,,,,,,,,,,,,,,,,,,,,,,,,,,,,,,,,"10.33521025684095",,,,,,,,,,,,,,,"-12.355",,,"-2.0197897431590537","27.47455442377402","29.494344166933079","55.14382096830898","27.669266544534953",,,,,,,,,,,,,,,,,,,,,,,,,,
"2007","194.82526113028749","223.47004742841878","22131.988508113136","17633.640653837909","25386.012537079485","20226.281183391409","1102.8491057835079","1264.9989048956861","125282.74615816206","99818.908051085295","143702.82920962878","114495.09158625857","87.181822965645225","11048.499","8802.8809999999994",,"1102.8491057835079","881.5444657835078",,,,,,,"341.10570000000001","221.76855","108.63872000000001","10.69842","119.80106000000001",,,,,,,,,"341.10570000000001","221.76855","108.63872000000001","10.69842","119.80106000000001",,,,,,,,,,,,,,,,,,,,,,"592.69051999999999","491.03361000000001","100.85878","0.79812000000000005","867.53428000000008","320.30435",,"-7222.3171493302616","11874.385850669738",,,,,,,"100.61564","57.581600000000002","42.995440000000002","3.8609999999999998E-2","291.58267000000001","1030.6259342902054",,,,,,,"-244.50613999999999","257.17522000000002","501.68090999999998",,,,,,,,,,,,,,,,,,,,,,,,,,,,,,,,,,,,,,,,,,,,,,,,,,,,,,,,,,,,,,,,,,,,,,,,,,,,,"6.9143398633238391",,,,,,,,,,,,,,,"-13.65",,,"-6.7356601366761604","25.02284594719562","31.758506083871779","61.943383720052637","36.920537772856989",,,,,,,,,,,,,,,,,,,,,,,,,,
"2008","199.7609844510616","219.9954957891392","22582.053918012447","18032.447634626064","24869.471690290422","19859.019360425307","1002.9588064287609","1104.5521250443855","113379.84695338902","90537.20978755207","124864.50100128641","99708.050645181793","90.802306535642927","11077.862999999999","8846.0059999999994",,"1002.9588064287609","856.8412864287609",,,,,,,"279.12383","242.75814","25.19603","11.169650000000001","133.00631000000001",,,,,,,,,"279.12383","242.75814","25.19603","11.169650000000001","133.00631000000001",,,,,,,,,,,,,,,,,,,,,,"651.71491000000003","595.97584999999981","54.845539999999993","0.89351000000000003","797.13355999999999","113.86945",,"-9660.1095327391322","12346.901467260872",,,,,,,"91.784059999999997","62.490169999999999","29.256150000000002","3.7740000000000003E-2","311.85417000000001","906.35771110136955",,,,,,,"-219.37124","306.6703","526.04178999999988",,,,,,,,,,,,,,,,,,,,,,,,,,,,,,,,,,,,,,,,,,,,,,,,,,,,,,,,,,,,,,,,,,,,,,,,,,,,,"3.8321991603616619",,,,,,,,,,,,,,,"-18.606000000000002",,,"-14.773800839638337","19.898931179305659","34.672732018943989","59.837022686889611","39.938091507583977",,,,,,,,,,,,,,,,,,,,,,,,,,
"2009","195.16579354482209","212.36506704930619","21959.498950420002","17571.384877247234","23894.712194553205","19119.889094442056","1033.4286712162761","1124.5010975917633","116278.44925445867","93042.805274957194","126525.6591526697","101242.33976551805","91.901081593381434","11107.023999999999","8887.5339999999997",,"1033.4286712162761","872.58125121627609",,,,,,,"297.42176000000001","247.53863999999999","38.440190000000001","11.442920000000001","136.57434000000001",,,,,,,,,"297.42176000000001","247.53863999999999","38.440190000000001","11.442920000000001","136.57434000000001",,,,,,,,,,,,,,,,,,,,,,"704.16470000000004","638.75128999999981","64.526839999999993","0.88656999999999997","866.80317000000002","146.50766999999999",,"-12033.161037260264","12108.982962739734",,,,,,,"104.33426","64.534909999999996","39.756880000000002","4.2479999999999997E-2","345.75569999999999","913.09706084367349",,,,,,,"-243.21250000000001","341.21843000000001","584.43133",,,,,,,,,,,,,,,,,,,,,,,,,,,,,,,,,,,,,,,,,,,,,,,,,,,,,,,,,,,,,,,,,,,,,,,,,,,,,"5.6139054115625333",,,,,,,,,,,,,,,"-30.37",,,"-24.756094588437467","11.959186738303259","36.715281326740723","43.478191668280239","31.51900492997699",,,,,,,,,,,,,,,,,,,,,,,,,,
"2010","184.1156681698057","191.32406512638883","20653.898629488216","16555.105436959206","21462.528886230244","17203.26196178918","961.46544977350788","999.10822450800379","107856.16527248912","86451.968228547456","112078.89145993067","89836.688881949638","96.232362639889928","11121.383","8914.33",,"961.46544977350788","847.91887977350802",,,,,,,"265.05554999999998","231.82971000000001","21.59488","11.63097","151.50898000000001",,,,,,,,,"265.05554999999998","231.82971000000001","21.59488","11.63097","151.50898000000001",,,,,,,,,,,,,,,,,,,,,,"767.78444999999999","706.72460000000012","60.095270000000014","0.96457000000000004","893.93565999999998","108.74918",,"-9346.3359861587705","11536.687013841231",,,,,,,"102.18612","62.573","39.566029999999998","4.7090000000000007E-2","311.01634999999999","868.00208991192017",,,,,,,"-221.43487999999999","317.77238999999997","539.20687999999996",,,,,,,,,,,,,,,,,,,,,,,,,,,,,,,,,,,,,,,,,,,,,,,,,,,,,,,,,,,,,,,,,,,,,,,,,,,,,"0.64844387184031071",,,,,,,,,,,,,,,"-25.689",,,"-25.04055612815969","12.41391135925913","37.454467487418817","38.27006067516421","25.856149315905089",,,,,,,,,,,,,,,,,,,,,,,,,,
"2011","164.7156813128546","165.64865531089328","18479.869833419285","14832.575909566336","18584.542551306855","14916.589814843976",,,,,,,"99.436775386864667","11104.995000000001","8913.2489999999998",,,,,,,,,,"240.75935999999999","215.47058000000001","13.852600000000001","11.43618","149.44236000000001",,,,,,,,,"240.75935999999999","215.47058000000001","13.852600000000001","11.43618","149.44236000000001",,,,,,,,,,,,,,,,,,,,,,"750.54921999999999","689.43399999999997","60.130509999999987","0.98470999999999997","843.22262000000001","81.219139999999982",,,,,,,,,,"91.693600000000004","54.370820000000002","37.274500000000003","4.8280000000000003E-2","242.79701","802.90548048963376",,,,,,,"-152.4598","329.59102000000001","482.05106000000012",,,,,,,,,,,,,,,,,,,,,,,,,,,,,,,,,,,,,,,,,,,,,,,,,,,,,,,,,,,,,,,,,,,,,,,,,,,,,"-2.0554955709108622",,,,,,,,,,,,,,,"-24.231000000000002",,,"-26.286495570910862","11.139402252056319","37.425897822967187","32.832792433585887","21.693390181529583",,,,,,,,,,,,,,,,,,,,,,,,,,
"2012","158.4031953114887","156.94387117166332","17853.648716427302","14341.569578114546","17689.168066244642","14209.444726420914",,,,,,,"100.92983824658511","11045.039000000001","8872.3150000000005",,,,,,,,,,"233.98439999999999","203.22599","19.390239999999999","11.36816","135.65797000000001",,,,,,,,,"233.98439999999999","203.22599","19.390239999999999","11.36816","135.65797000000001",,,,,,,,,,,,,,,,,,,,,,"717.56353999999999","657.78333000000009","58.781270000000013","0.9989300000000001","845.87135999999998","136.01934",,,,,,,,,,"133.79728","63.105589999999999","70.64237","4.931E-2","330.43391000000003","753.45130747908729",,,,,,,"-226.61803","352.42845999999997","579.04671999999994",,,,,,,,,,,,,,,,,,,,,,,,,,,,,,,,,,,,,,,,,,,,,,,,,,,,,,,,,,,,,,,,,,,,,,,,,,,,,"-3.2057264831305661",,,,,,,,,,,,,,,"-15.173999999999999",,,"-18.379726483130565","18.647368578182071","37.027095061312643","27.120430804907091","8.4730622267250197",,,,,,,,,,,,,,,,,,,,,,,,,,
"2013","147.9093840022106","147.9093840022106","16784.432116466651","13488.931433628371","16784.432116466651","13488.931433628371",,,,,,,"100","10965.241","8812.2960000000003",,,,,,,,,,"267.77652999999998","192.67294999999999","63.125590000000003","11.977980000000001","125.4753",,,,,,,,,"267.77652999999998","192.67294999999999","63.125590000000003","11.977980000000001","125.4753",,,,,,,,,,,,,,,,,,,,,,"626.27807000000007","571.14981","54.17118","0.95706999999999998","772.97559000000001","176.53984",,,,,,,,,,"125.78137","63.319569999999992","62.413620000000002","4.8180000000000001E-2","339.88394","728.61352983453821",,,,,,,"-218.49886000000001","309.27620999999999","527.77521000000002",,,,,,,,,,,,,,,,,,,,,,,,,,,,,,,,,,,,,,,,,,,,,,,,,,,,,,,,,,,,,,,,,,,,,,,,,,,,,"-10.205656153776619",,,,,,,,,,,,,,,"-6.9939999999999998",,,"-17.199656153776626","17.269697775852311","34.46935392962893","21.46585541271083","4.1961576368585227",,,,,,,,,,,,,,,,,,,,,,,,,,
