"v1","v2","v3","v4","v5","v6","v7","v8","v9","v10","v11","v12","v13","v14","v15","v16","v17","v18","v19","v20","v21","v22","v23","v24","v25","v26","v27","v28","v29","v30","v31","v32","v33","v34","v35","v36","v37","v38","v39","v40","v41","v42","v43","v44","v45","v46","v47","v48","v49","v50","v51","v52","v53","v54","v55","v56","v57","v58","v59","v60","v61","v62","v63","v64","v65","v66","v67","v68","v69","v70","v71","v72","v73","v74","v75","v76","v77","v78","v79","v80","v81","v82","v83","v84","v85","v86","v87","v88","v89","v90","v91","v92","v93","v94","v95","v96","v97","v98","v99","v100","v101","v102","v103","v104","v105","v106","v107","v108","v109","v110","v111","v112","v113","v114","v115","v116","v117","v118","v119","v120","v121","v122","v123","v124","v125","v126","v127","v128","v129","v130","v131","v132","v133","v134","v135","v136","v137","v138","v139","v140","v141","v142"
,"10101101","10101102","10101103","10101104","10101105","10101106","10101107","10101201","10101202","10101203","10101204","10101205","10101206","10101207","10102101","10102102","10102103","10102104","10102105","10102106","10102107","10102201","10102202","10102203","10102204","10102205","10102206","10102207","10201101","10201101","10201101","10201101","10201101","10201101","10201102","10201102","10201102","10201102","10201102","10201102","10201103","10201103","10201103","10201103","10201103","10201103","10201104","10201104","10201104","10201104","10201104","10201104","10201105","10201105","10201105","10201105","10201105","10201105","10201106","10201106","10201106","10201106","10201106","10201106","10201201","10201201","10201201","10201201","10201201","10201201","10201202","10201202","10201202","10201202","10201202","10201202","10201203","10201203","10201203","10201203","10201203","10201203","10201204","10201204","10201204","10201204","10201204","10201204","10201205","10201205","10201205","10201205","10201205","10201205","50102002","50103003","50104004","10302002","10303003","40101001","10401001","10401002","10401003","10402101","10402102","10402103","10402104","10402105","10402107","10402108","10402201","10402202","10402203","10402204","10402207","10402301","10402302","10402303","10402304","10402305","10402307","10403101","10403102","10403103","10403104","10403105","10403107","10403108","10403201","10403202","10403203","10403204","10403207","10403301","10403302","10403303","10403304","10403305","10403307","10501001","10501002"
"Indonesia",,,,,,,,,,,,,,,,,,,,,,,,,,,,,,,,,,,,,,,,,,,,,,,,,,,,,,,,,,,,,,,,,,,,,,,,,,,,,,,,,,,,,,,,,,,,,,,,,,,,,,,,,,,,,,,,,,,,,,,,,,,,,,,,,,,,,,,,,,,,,
"Sources:","Income: Leigh, Andrew and van der Eng, Pierre (2010). Top Incomes in Indonesia 1920-2004; in Atkinson, A. B. and Piketty, T. (editors) Top Incomes: A Global Perspective, Oxford University Press, chapter 4.",,,,,,,,,,,,,,,,,,,,,,,,,,,,,,,,,,,,,,,,,,,,,,,,,,,,,,,,,,,,,,,,,,,,,,,,,,,,,,,,,,,,,,,,,,,,,,,,,,,,,,,,,,,,,,,,,,,,,,,,,,,,,,,,,,,,,,,,,,,,
"Notes:","Top 1% share from 1982 to 2004 is from survey data (not tax data), and hence not comparable to top 0.05% and top 0.01% shares during the same period. Break in the series between pre-independence income taxation data (up to 1939) and post-independence taxation data (from 1990).","Top 1% share from 1982 to 2004 is from survey data (not tax data), and hence not comparable to top 0.05% and top 0.01% shares during the same period. Break in the series between pre-independence income taxation data (up to 1939) and post-independence taxation data (from 1990).","Top 1% share from 1982 to 2004 is from survey data (not tax data), and hence not comparable to top 0.05% and top 0.01% shares during the same period. Break in the series between pre-independence income taxation data (up to 1939) and post-independence taxation data (from 1990).","Top 1% share from 1982 to 2004 is from survey data (not tax data), and hence not comparable to top 0.05% and top 0.01% shares during the same period. Break in the series between pre-independence income taxation data (up to 1939) and post-independence taxation data (from 1990).","Top 1% share from 1982 to 2004 is from survey data (not tax data), and hence not comparable to top 0.05% and top 0.01% shares during the same period. Break in the series between pre-independence income taxation data (up to 1939) and post-independence taxation data (from 1990).","Top 1% share from 1982 to 2004 is from survey data (not tax data), and hence not comparable to top 0.05% and top 0.01% shares during the same period. Break in the series between pre-independence income taxation data (up to 1939) and post-independence taxation data (from 1990).","Top 1% share from 1982 to 2004 is from survey data (not tax data), and hence not comparable to top 0.05% and top 0.01% shares during the same period. Break in the series between pre-independence income taxation data (up to 1939) and post-independence taxation data (from 1990).",,"Top 1% share from 1982 to 2004 is from survey data (not tax data), and hence not comparable to top 0.05% and top 0.01% shares during the same period. Break in the series between pre-independence income taxation data (up to 1939) and post-independence taxation data (from 1990).","Top 1% share from 1982 to 2004 is from survey data (not tax data), and hence not comparable to top 0.05% and top 0.01% shares during the same period. Break in the series between pre-independence income taxation data (up to 1939) and post-independence taxation data (from 1990).","Top 1% share from 1982 to 2004 is from survey data (not tax data), and hence not comparable to top 0.05% and top 0.01% shares during the same period. Break in the series between pre-independence income taxation data (up to 1939) and post-independence taxation data (from 1990).","Top 1% share from 1982 to 2004 is from survey data (not tax data), and hence not comparable to top 0.05% and top 0.01% shares during the same period. Break in the series between pre-independence income taxation data (up to 1939) and post-independence taxation data (from 1990).","Top 1% share from 1982 to 2004 is from survey data (not tax data), and hence not comparable to top 0.05% and top 0.01% shares during the same period. Break in the series between pre-independence income taxation data (up to 1939) and post-independence taxation data (from 1990).","Top 1% share from 1982 to 2004 is from survey data (not tax data), and hence not comparable to top 0.05% and top 0.01% shares during the same period. Break in the series between pre-independence income taxation data (up to 1939) and post-independence taxation data (from 1990).",,,,,,,,,,,,,,,,,,,,,,,,,,,,,,,,,,,,,,,,,,,,,,,,,,,,,,,,,,,,,,,,,,,,,,,,,,,,,,,,,,"Households.",,,,"Retail price index and CPI, linked","Tax units are households.",,,,,,,,,,,,,,,,,,,,,,,,,,,,,,,,,,,,,,,"The Pareto-Lorenz a coefficients were computed using the top shares estimates. As a rule they were estimated from the top 0.1% share within the top 1% share: a=1/[1-log(S1%/S0.1%)/log(10)]. When the top 0.1% and top 1% shares were not available, the closest substitutes were used.","The inverted Pareto-Lorenz b coefficients were computed from the Pareto-Lorenz coefficients using the formula b=a/(a-1). Alternatively they can be computed by using directly the top income shares series and the formula: b=1/[log(S1%/S0.1%)/log(10)]."
"Units","%","%","%","%","%","%","%","%","%","%","%","%","%","%","%","%","%","%","%","%","%","%","%","%","%","%","%","%","%","%","%","%","%","%","%","%","%","%","%","%","%","%","%","%","%","%","%","%","%","%","%","%","%","%","%","%","%","%","%","%","%","%","%","%","%","%","%","%","%","%","%","%","%","%","%","%","%","%","%","%","%","%","%","%","%","%","%","%","%","%","%","%","%","%",,"Thousand",,"Nominal million Guilders for 1920-1939; from 1980, nominal billion rupiah.",,"2015=1.00","Real 2015 thousand Rupiah","Real 2015 thousand Rupiah",,"Real 2015 thousand Rupiah","Real 2015 thousand Rupiah","Real 2015 thousand Rupiah","Real 2015 thousand Rupiah","Real 2015 thousand Rupiah","Real 2015 thousand Rupiah","Real 2015 thousand Rupiah","Real 2015 thousand Rupiah","Real 2015 thousand Rupiah","Real 2015 thousand Rupiah","Real 2015 thousand Rupiah","Real 2015 thousand Rupiah","Real 2015 thousand Rupiah","Real 2015 thousand Rupiah","Real 2015 thousand Rupiah","Real 2015 thousand Rupiah","Real 2015 thousand Rupiah","Real 2015 thousand Rupiah",,,,,,,,,,,,,,,,,,,,
"Data/No Data","0","1","1","1","1","1","1","0","1","1","1","1","1","1","0","0","0","0","0","0","0","0","0","0","0","0","0","0","0","0","0","0","0","0","0","0","0","0","0","0","0","0","0","0","0","0","0","0","0","0","0","0","0","0","0","0","0","0","0","0","0","0","0","0","0","0","0","0","0","0","0","0","0","0","0","0","0","0","0","0","0","0","0","0","0","0","0","0","0","0","0","0","0","0","0","1","0","1","0","1","1","0","0","0","0","0","0","1","1","0","0","0","0","0","1","0","0","0","0","0","0","0","0","0","0","0","0","0","0","0","0","0","0","0","0","0","0","0","0","1","1"
"Download/No Downloand","1","1","1","1","1","1","1","1","1","1","1","1","1","1","1","1","1","1","1","1","1","1","1","1","1","1","1","1","1","1","1","1","1","1","1","1","1","1","1","1","1","1","1","1","1","1","1","1","1","1","1","1","1","1","1","1","1","1","1","1","1","1","1","1","1","1","1","1","1","1","1","1","1","1","1","1","1","1","1","1","1","1","1","1","1","1","1","1","1","1","1","1","1","1","1","1","1","1","1","1","1","1","1","1","1","1","1","1","1","1","1","1","1","1","1","1","1","1","1","1","1","1","1","1","1","1","1","1","1","1","1","1","1","1","1","1","1","1","1","1","1"
"Keep decimals","2","2","2","2","2","2","2","2","2","2","2","2","2","2","2","2","2","2","2","2","2","2","2","2","2","2","2","2","2","2","2","2","2","2","2","2","2","2","2","2","2","2","2","2","2","2","2","2","2","2","2","2","2","2","2","2","2","2","2","2","2","2","2","2","2","2","2","2","2","2","2","2","2","2","2","2","2","2","2","2","2","2","2","2","2","2","2","2","2","2","2","2","2","2","3","3","3","5","5","15","2","2","2","2","2","2","2","2","2","2","2","2","2","2","2","2","2","2","2","2","2","2","2","2","2","2","2","2","2","2","2","2","2","2","2","2","2","2","2","3","3"
"Show decimals","2","2","2","2","2","2","2","2","2","2","2","2","2","2","2","2","2","2","2","2","2","2","2","2","2","2","2","2","2","2","2","2","2","2","2","2","2","2","2","2","2","2","2","2","2","2","2","2","2","2","2","2","2","2","2","2","2","2","2","2","2","2","2","2","2","2","2","2","2","2","2","2","2","2","2","2","2","2","2","2","2","2","2","2","2","2","2","2","2","2","2","2","2","2","0","0","0","0","0","10","0","0","0","0","0","0","0","0","0","0","0","0","0","0","0","0","0","0","0","0","0","0","0","0","0","0","0","0","0","0","0","0","0","0","0","0","0","0","0","2","2"
"Category","Top income shares","Top income shares","Top income shares","Top income shares","Top income shares","Top income shares","Top income shares","Top income shares","Top income shares","Top income shares","Top income shares","Top income shares","Top income shares","Top income shares","Top income shares","Top income shares","Top income shares","Top income shares","Top income shares","Top income shares","Top income shares","Top income shares","Top income shares","Top income shares","Top income shares","Top income shares","Top income shares","Top income shares","Top groups income composition","Top groups income composition","Top groups income composition","Top groups income composition","Top groups income composition","Top groups income composition","Top groups income composition","Top groups income composition","Top groups income composition","Top groups income composition","Top groups income composition","Top groups income composition","Top groups income composition","Top groups income composition","Top groups income composition","Top groups income composition","Top groups income composition","Top groups income composition","Top groups income composition","Top groups income composition","Top groups income composition","Top groups income composition","Top groups income composition","Top groups income composition","Top groups income composition","Top groups income composition","Top groups income composition","Top groups income composition","Top groups income composition","Top groups income composition","Top groups income composition","Top groups income composition","Top groups income composition","Top groups income composition","Top groups income composition","Top groups income composition","Top groups income composition","Top groups income composition","Top groups income composition","Top groups income composition","Top groups income composition","Top groups income composition","Top groups income composition","Top groups income composition","Top groups income composition","Top groups income composition","Top groups income composition","Top groups income composition","Top groups income composition","Top groups income composition","Top groups income composition","Top groups income composition","Top groups income composition","Top groups income composition","Top groups income composition","Top groups income composition","Top groups income composition","Top groups income composition","Top groups income composition","Top groups income composition","Top groups income composition","Top groups income composition","Top groups income composition","Top groups income composition","Top groups income composition","Top groups income composition","Population units","Population units","Population units","Income","Income","Price index","Average incomes","Average incomes","Average incomes","Average incomes","Average incomes","Average incomes","Average incomes","Average incomes","Average incomes","Average incomes","Average incomes","Average incomes","Average incomes","Average incomes","Average incomes","Average incomes","Average incomes","Average incomes","Average incomes","Average incomes","Average incomes","Average incomes","Average incomes","Average incomes","Average incomes","Average incomes","Average incomes","Average incomes","Average incomes","Average incomes","Average incomes","Average incomes","Average incomes","Average incomes","Average incomes","Average incomes","Average incomes","Average incomes","Average incomes","Pareto-Lorenz coefficients","Pareto-Lorenz coefficients"
"Subcategory","Top income shares","Top income shares","Top income shares","Top income shares","Top income shares","Top income shares","Top income shares","Top income shares","Top income shares","Top income shares","Top income shares","Top income shares","Top income shares","Top income shares","Top income shares including capital gains","Top income shares including capital gains","Top income shares including capital gains","Top income shares including capital gains","Top income shares including capital gains","Top income shares including capital gains","Top income shares including capital gains","Top income shares including capital gains","Top income shares including capital gains","Top income shares including capital gains","Top income shares including capital gains","Top income shares including capital gains","Top income shares including capital gains","Top income shares including capital gains","Top composition","Top composition","Top composition","Top composition","Top composition","Top composition","Top composition","Top composition","Top composition","Top composition","Top composition","Top composition","Top composition","Top composition","Top composition","Top composition","Top composition","Top composition","Top composition","Top composition","Top composition","Top composition","Top composition","Top composition","Top composition","Top composition","Top composition","Top composition","Top composition","Top composition","Top composition","Top composition","Top composition","Top composition","Top composition","Top composition","Top composition","Top composition","Top composition","Top composition","Top composition","Top composition","Top composition","Top composition","Top composition","Top composition","Top composition","Top composition","Top composition","Top composition","Top composition","Top composition","Top composition","Top composition","Top composition","Top composition","Top composition","Top composition","Top composition","Top composition","Top composition","Top composition","Top composition","Top composition","Top composition","Top composition","Number of adults","Number of tax units","Number of tax returns","Fiscal income control","Fiscal income control-incl. capital gains","Price index","Average income per tax unit","Average income per tax unit-including capital gains","Average income per adult","Fractiles income levels","Fractiles income levels","Fractiles income levels","Fractiles income levels","Fractiles income levels","Fractiles income levels","Fractiles income levels","Fractiles income levels","Fractiles income levels","Fractiles income levels","Fractiles income levels","Fractiles income levels","Fractiles income levels","Fractiles income levels","Fractiles income levels","Fractiles income levels","Fractiles income levels","Fractiles income levels","Fractiles income levels-including capital gains","Fractiles income levels-including capital gains","Fractiles income levels-including capital gains","Fractiles income levels-including capital gains","Fractiles income levels-including capital gains","Fractiles income levels-including capital gains","Fractiles income levels-including capital gains","Fractiles income levels-including capital gains","Fractiles income levels-including capital gains","Fractiles income levels-including capital gains","Fractiles income levels-including capital gains","Fractiles income levels-including capital gains","Fractiles income levels-including capital gains","Fractiles income levels-including capital gains","Fractiles income levels-including capital gains","Fractiles income levels-including capital gains","Fractiles income levels-including capital gains","Fractiles income levels-including capital gains","Pareto-Lorenz coefficient","Inverted Pareto-Lorenz coefficient"
,,,,,,,,,,,,,,,,,,,,,,,,,,,,,"Top 10% income composition",,,,,,"Top 5% income composition",,,,,,"Top 1% income composition",,,,,,"Top 0.5% income composition",,,,,,"Top 0.1% income composition",,,,,,"Top 0.01% income composition",,,,,,"Top 10-5% income composition",,,,,,"Top 5-1% income composition",,,,,,"Top 1-0.5% income composition",,,,,,"Top 0.5-0.1% income composition",,,,,,"Top 0.1-0.01% income composition",,,,,,,,,,,,,,,,,,,,,,,,,,,,,,,,,,,,,,,,,,,,,,,,,,,,
"Variable","Top 10% income share","Top 5% income share","Top 1% income share","Top 0.5% income share","Top 0.1% income share","Top 0.05% income share","Top 0.01% income share","Top 10-5% income share","Top 5-1% income share","Top 1-0.5% income share","Top 0.5-0.1% income share","Top 0.1-0.05% income share","Top 0.05-0.01% income share","Top 0.1-0.01% income share","Top 10% income share-including capital gains","Top 5% income share-including capital gains","Top 1% income share-including capital gains","Top 0.5% income share-including capital gains","Top 0.1% income share-including capital gains","Top 0.05% income share-including capital gains","Top 0.01% income share-including capital gains","Top 10-5% income share-including capital gains","Top 5-1% income share-including capital gains","Top 1-0.5% income share-including capital gains","Top 0.5-0.1% income share-including capital gains","Top 0.1-0.05% income share-including capital gains","Top 0.05-0.01% income share-including capital gains","Top 0.1-0.01% income share-including capital gains","Top 10% income composition","Top 10% income composition","Top 10% income composition","Top 10% income composition","Top 10% income composition","Top 10% income composition","Top 5% income composition","Top 5% income composition","Top 5% income composition","Top 5% income composition","Top 5% income composition","Top 5% income composition","Top 1% income composition","Top 1% income composition","Top 1% income composition","Top 1% income composition","Top 1% income composition","Top 1% income composition","Top 0.5% income composition","Top 0.5% income composition","Top 0.5% income composition","Top 0.5% income composition","Top 0.5% income composition","Top 0.5% income composition","Top 0.1% income composition","Top 0.1% income composition","Top 0.1% income composition","Top 0.1% income composition","Top 0.1% income composition","Top 0.1% income composition","Top 0.01% income composition","Top 0.01% income composition","Top 0.01% income composition","Top 0.01% income composition","Top 0.01% income composition","Top 0.01% income composition","Top 10-5% income composition","Top 10-5% income composition","Top 10-5% income composition","Top 10-5% income composition","Top 10-5% income composition","Top 10-5% income composition","Top 5-1% income composition","Top 5-1% income composition","Top 5-1% income composition","Top 5-1% income composition","Top 5-1% income composition","Top 5-1% income composition","Top 1-0.5% income composition","Top 1-0.5% income composition","Top 1-0.5% income composition","Top 1-0.5% income composition","Top 1-0.5% income composition","Top 1-0.5% income composition","Top 0.5-0.1% income composition","Top 0.5-0.1% income composition","Top 0.5-0.1% income composition","Top 0.5-0.1% income composition","Top 0.5-0.1% income composition","Top 0.5-0.1% income composition","Top 0.1-0.01% income composition","Top 0.1-0.01% income composition","Top 0.1-0.01% income composition","Top 0.1-0.01% income composition","Top 0.1-0.01% income composition","Top 0.1-0.01% income composition","Number of adults","Number of tax units","Number of tax returns","Fiscal income control","Fiscal income control-incl. capital gains","Price index","Average income per tax unit","Average income per tax unit-including capital gains","Average income per adult","Top 10% average income","Top 5% average income","Top 1% average income","Top 0.5% average income","Top 0.1% average income","Top 0.01% average income","Bottom 90% average income","Top 10-5% average income","Top 5-1% average income","Top 1-0.5% average income","Top 0.5-0.1% average income","Top 0.1-0.01% average income","P90 income threshold","P95 income threshold","P99 income threshold","P99.5 income threshold","P99.9 income threshold","P99.99 income threshold","Top 10% average income-including capital gains","Top 5% average income-including capital gains","Top 1% average income-including capital gains","Top 0.5% average income-including capital gains","Top 0.1% average income-including capital gains","Top 0.01% average income-including capital gains","Bottom 90% average income-including capital gains","Top 10-5% average income-including capital gains","Top 5-1% average income-including capital gains","Top 1-0.5% average income-including capital gains","Top 0.5-0.1% average income-including capital gains","Top 0.1-0.01% average income-including capital gains","P90 income-including capital gains threshold","P95 income-including capital gains threshold","P99 income-including capital gains threshold","P99.5 income-including capital gains threshold","P99.9 income-including capital gains threshold","P99.99 income-including capital gains threshold","Pareto-Lorenz coefficient","Inverted Pareto-Lorenz coefficient"
"Subvariable",,,,,,,,,,,,,,,,,,,,,,,,,,,,,,,,,,,,,,,,,,,,,,,,,,,,,,,,,,,,,,,,,,,,,,,,,,,,,,,,,,,,,,,,,,,,,,,,,,,,,,,,,,,,,,,,,,,,,,,,,,,,,,,,,,,,,,,,,,,,,
"1900",,,,,,,,,,,,,,,,,,,,,,,,,,,,,,,,,,,,,,,,,,,,,,,,,,,,,,,,,,,,,,,,,,,,,,,,,,,,,,,,,,,,,,,,,,,,,,,,,,,,,,,,,,,,,,,,,,,,,,,,,,,,,,,,,,,,,,,,,,,,,
"1901",,,,,,,,,,,,,,,,,,,,,,,,,,,,,,,,,,,,,,,,,,,,,,,,,,,,,,,,,,,,,,,,,,,,,,,,,,,,,,,,,,,,,,,,,,,,,,,,,,,,,,,,,,,,,,,,,,,,,,,,,,,,,,,,,,,,,,,,,,,,,
"1902",,,,,,,,,,,,,,,,,,,,,,,,,,,,,,,,,,,,,,,,,,,,,,,,,,,,,,,,,,,,,,,,,,,,,,,,,,,,,,,,,,,,,,,,,,,,,,,,,,,,,,,,,,,,,,,,,,,,,,,,,,,,,,,,,,,,,,,,,,,,,
"1903",,,,,,,,,,,,,,,,,,,,,,,,,,,,,,,,,,,,,,,,,,,,,,,,,,,,,,,,,,,,,,,,,,,,,,,,,,,,,,,,,,,,,,,,,,,,,,,,,,,,,,,,,,,,,,,,,,,,,,,,,,,,,,,,,,,,,,,,,,,,,
"1904",,,,,,,,,,,,,,,,,,,,,,,,,,,,,,,,,,,,,,,,,,,,,,,,,,,,,,,,,,,,,,,,,,,,,,,,,,,,,,,,,,,,,,,,,,,,,,,,,,,,,,,,,,,,,,,,,,,,,,,,,,,,,,,,,,,,,,,,,,,,,
"1905",,,,,,,,,,,,,,,,,,,,,,,,,,,,,,,,,,,,,,,,,,,,,,,,,,,,,,,,,,,,,,,,,,,,,,,,,,,,,,,,,,,,,,,,,,,,,,,,,,,,,,,,,,,,,,,,,,,,,,,,,,,,,,,,,,,,,,,,,,,,,
"1906",,,,,,,,,,,,,,,,,,,,,,,,,,,,,,,,,,,,,,,,,,,,,,,,,,,,,,,,,,,,,,,,,,,,,,,,,,,,,,,,,,,,,,,,,,,,,,,,,,,,,,,,,,,,,,,,,,,,,,,,,,,,,,,,,,,,,,,,,,,,,
"1907",,,,,,,,,,,,,,,,,,,,,,,,,,,,,,,,,,,,,,,,,,,,,,,,,,,,,,,,,,,,,,,,,,,,,,,,,,,,,,,,,,,,,,,,,,,,,,,,,,,,,,,,,,,,,,,,,,,,,,,,,,,,,,,,,,,,,,,,,,,,,
"1908",,,,,,,,,,,,,,,,,,,,,,,,,,,,,,,,,,,,,,,,,,,,,,,,,,,,,,,,,,,,,,,,,,,,,,,,,,,,,,,,,,,,,,,,,,,,,,,,,,,,,,,,,,,,,,,,,,,,,,,,,,,,,,,,,,,,,,,,,,,,,
"1909",,,,,,,,,,,,,,,,,,,,,,,,,,,,,,,,,,,,,,,,,,,,,,,,,,,,,,,,,,,,,,,,,,,,,,,,,,,,,,,,,,,,,,,,,,,,,,,,,,,,,,,,,,,,,,,,,,,,,,,,,,,,,,,,,,,,,,,,,,,,,
"1910",,,,,,,,,,,,,,,,,,,,,,,,,,,,,,,,,,,,,,,,,,,,,,,,,,,,,,,,,,,,,,,,,,,,,,,,,,,,,,,,,,,,,,,,,,,,,,,,,,,,,,,,,,,,,,,,,,,,,,,,,,,,,,,,,,,,,,,,,,,,,
"1911",,,,,,,,,,,,,,,,,,,,,,,,,,,,,,,,,,,,,,,,,,,,,,,,,,,,,,,,,,,,,,,,,,,,,,,,,,,,,,,,,,,,,,,,,,,,,,,,,,,,,,,,,,,,,,,,,,,,,,,,,,,,,,,,,,,,,,,,,,,,,
"1912",,,,,,,,,,,,,,,,,,,,,,,,,,,,,,,,,,,,,,,,,,,,,,,,,,,,,,,,,,,,,,,,,,,,,,,,,,,,,,,,,,,,,,,,,,,,,,,,,,,,,,,,,,,,,,,,,,,,,,,,,,,,,,,,,,,,,,,,,,,,,
"1913",,,,,,,,,,,,,,,,,,,,,,,,,,,,,,,,,,,,,,,,,,,,,,,,,,,,,,,,,,,,,,,,,,,,,,,,,,,,,,,,,,,,,,,,,,,,,,,,,,,,,,,,,,,,,,,,,,,,,,,,,,,,,,,,,,,,,,,,,,,,,
"1914",,,,,,,,,,,,,,,,,,,,,,,,,,,,,,,,,,,,,,,,,,,,,,,,,,,,,,,,,,,,,,,,,,,,,,,,,,,,,,,,,,,,,,,,,,,,,,,,,,,,,,,,,,,,,,,,,,,,,,,,,,,,,,,,,,,,,,,,,,,,,
"1915",,,,,,,,,,,,,,,,,,,,,,,,,,,,,,,,,,,,,,,,,,,,,,,,,,,,,,,,,,,,,,,,,,,,,,,,,,,,,,,,,,,,,,,,,,,,,,,,,,,,,,,,,,,,,,,,,,,,,,,,,,,,,,,,,,,,,,,,,,,,,
"1916",,,,,,,,,,,,,,,,,,,,,,,,,,,,,,,,,,,,,,,,,,,,,,,,,,,,,,,,,,,,,,,,,,,,,,,,,,,,,,,,,,,,,,,,,,,,,,,,,,,,,,,,,,,,,,,,,,,,,,,,,,,,,,,,,,,,,,,,,,,,,
"1917",,,,,,,,,,,,,,,,,,,,,,,,,,,,,,,,,,,,,,,,,,,,,,,,,,,,,,,,,,,,,,,,,,,,,,,,,,,,,,,,,,,,,,,,,,,,,,,,,,,,,,,,,,,,,,,,,,,,,,,,,,,,,,,,,,,,,,,,,,,,,
"1918",,,,,,,,,,,,,,,,,,,,,,,,,,,,,,,,,,,,,,,,,,,,,,,,,,,,,,,,,,,,,,,,,,,,,,,,,,,,,,,,,,,,,,,,,,,,,,,,,,,,,,,,,,,,,,,,,,,,,,,,,,,,,,,,,,,,,,,,,,,,,
"1919",,,,,,,,,,,,,,,,,,,,,,,,,,,,,,,,,,,,,,,,,,,,,,,,,,,,,,,,,,,,,,,,,,,,,,,,,,,,,,,,,,,,,,,,,,,,,,,,,,,,,,,,,,,,,,,,,,,,,,,,,,,,,,,,,,,,,,,,,,,,,
"1920",,,,"6.9162869999999996","3.6972529999999999","2.726696","1.38551",,,,"3.2190339999999997","0.97055699999999989","1.341186","2.3117429999999999",,,,,,,,,,,,,,,,,,,,,,,,,,,,,,,,,,,,,,,,,,,,,,,,,,,,,,,,,,,,,,,,,,,,,,,,,,,,,,,,,,"12132.16449171927",,"5870",,"3.2439496957730581E-8","14915.083887355973",,,,,,,,,,,,,,,,,,,,,,,,,,,,,,,,,,,,,,,,
"1921",,,"11.815759999999999","10.08113","5.5369590000000004","4.1489760000000002","2.2142469999999999",,,"1.7346299999999992","4.5441709999999995","1.3879830000000002","1.9347290000000004","3.3227120000000006",,,,,,,,,,,,,,,,,,,,,,,,,,,,,,,,,,,,,,,,,,,,,,,,,,,,,,,,,,,,,,,,,,,,,,,,,,,,,,,,,,"12265.76523835381",,"4587",,"3.1740082752276422E-8","11782.190415247233",,,,,,,,,,,,,,,,,,,,,,,,,,,,,,,,,,,,,,,"1.4907358668294508","3.0377560875279119"
"1922",,,"14.28482","11.52985","5.3492459999999999","3.7231640000000001","1.6911130000000001",,,"2.7549700000000001","6.1806039999999998","1.6260819999999998","2.0320510000000001","3.6581329999999999",,,,,,,,,,,,,,,,,,,,,,,,,,,,,,,,,,,,,,,,,,,,,,,,,,,,,,,,,,,,,,,,,,,,,,,,,,,,,,,,,,"12401.499101432111",,"4187",,"2.760465748986895E-8","12230.561952304075",,,,,,,,,,,,,,,,,,,,,,,,,,,,,,,,,,,,,,,"1.7439291263181282","2.3442140717748527"
"1923",,,"14.810919999999999","11.99485","5.692698","4.0354400000000004","1.9307570000000001",,,"2.8160699999999999","6.3021519999999995","1.6572579999999997","2.1046830000000005","3.7619410000000002",,,,,,,,,,,,,,,,,,,,,,,,,,,,,,,,,,,,,,,,,,,,,,,,,,,,,,,,,,,,,,,,,,,,,,,,,,,,,,,,,,"12539.414447991323",,"3927",,"2.4701533446594977E-8","12678.26221892124",,,,,,,,,,,,,,,,,,,,,,,,,,,,,,,,,,,,,,,"1.7101731618471441","2.4081072810454045"
"1924",,,"14.418419999999999","11.61598","5.6727129999999999","4.0599379999999998","1.9661679999999999",,,"2.8024399999999989","5.9432670000000005","1.6127750000000001","2.0937700000000001","3.7065450000000002",,,,,,,,,,,,,,,,,,,,,,,,,,,,,,,,,,,,,,,,,,,,,,,,,,,,,,,,,,,,,,,,,,,,,,,,,,,,,,,,,,"12679.561858292924",,"4272",,"2.2725410770867376E-8","14825.701616852368",,,,,,,,,,,,,,,,,,,,,,,,,,,,,,,,,,,,,,,"1.6810306824058594","2.4683626242320331"
"1925",,,"14.194050000000001","11.42399","5.6533090000000001","4.0057229999999997","1.911079",,,"2.7700600000000009","5.7706809999999997","1.6475860000000004","2.0946439999999997","3.7422300000000002",,,,,,,,,,,,,,,,,,,,,,,,,,,,,,,,,,,,,,,,,,,,,,,,,,,,,,,,,,,,,,,,,,,,,,,,,,,,,,,,,,"12821.99431227368",,"4452",,"2.1376540517491516E-8","16242.846999210607",,,,,,,,,,,,,,,,,,,,,,,,,,,,,,,,,,,,,,,"1.6661213086617275","2.5012280601097303"
"1926",,,"15.002969999999999","12.079420000000001","5.9718039999999997","4.3001610000000001","2.035406",,,"2.9235499999999988","6.107616000000001","1.6716429999999995","2.2647550000000001","3.9363979999999996",,,,,,,,,,,,,,,,,,,,,,,,,,,,,,,,,,,,,,,,,,,,,,,,,,,,,,,,,,,,,,,,,,,,,,,,,,,,,,,,,,"12969.624694366761",,"4721",,"2.1121198823436827E-8","17234.076907914365",,,,,,,,,,,,,,,,,,,,,,,,,,,,,,,,,,,,,,,"1.6668658446373912","2.4995519834184203"
"1927",,,"15.519489999999999","12.41154","5.981668","4.2390509999999999","1.9362649999999999",,,"3.1079499999999989","6.4298720000000005","1.7426170000000001","2.3027860000000002","4.0454030000000003",,,,,,,,,,,,,,,,,,,,,,,,,,,,,,,,,,,,,,,,,,,,,,,,,,,,,,,,,,,,,,,,,,,,,,,,,,,,,,,,,,"13122.109255346106",,"4585",,"2.0871408035774632E-8","16741.098126994686",,,,,,,,,,,,,,,,,,,,,,,,,,,,,,,,,,,,,,,"1.7066452312973976","2.415137265079967"
"1928",,,"16.37716","13.037570000000001","6.13788","4.3007819999999999","1.9277839999999999",,,"3.3395899999999994","6.8996900000000005","1.8370980000000001","2.3729979999999999","4.2100960000000001",,,,,,,,,,,,,,,,,,,,,,,,,,,,,,,,,,,,,,,,,,,,,,,,,,,,,,,,,,,,,,,,,,,,,,,,,,,,,,,,,,"13287.109171616134",,"4490",,"2.0516150026655066E-8","16471.000160934986",,,,,,,,,,,,,,,,,,,,,,,,,,,,,,,,,,,,,,,"1.74282886484265","2.3462050915480046"
"1929",,,"16.713609999999999","13.309609999999999","6.3158219999999998","4.4549529999999997","1.9240029999999999",,,"3.4039999999999999","6.9937879999999994","1.8608690000000001","2.5309499999999998","4.3918189999999999",,,,,,,,,,,,,,,,,,,,,,,,,,,,,,,,,,,,,,,,,,,,,,,,,,,,,,,,,,,,,,,,,,,,,,,,,,,,,,,,,,"13456.352743442829",,"4623",,"2.0416233711590186E-8","16827.550466514025",,,,,,,,,,,,,,,,,,,,,,,,,,,,,,,,,,,,,,,"1.7320227624803708","2.3660777386370073"
"1930",,,"16.63663","13.080209999999999","5.8739249999999998","4.0187010000000001","1.6716789999999999",,,"3.556420000000001","7.2062849999999994","1.8552239999999998","2.3470219999999999","4.2022459999999997",,,,,,,,,,,,,,,,,,,,,,,,,,,,,,,,,,,,,,,,,,,,,,,,,,,,,,,,,,,,,,,,,,,,,,,,,,,,,,,,,,"13629.447333333334",,"4503",,"1.9895558691974321E-8","16606.096678297949",,,,,,,,,,,,,,,,,,,,,,,,,,,,,,,,,,,,,,,"1.825273706614031","2.2117192053807746"
"1931",,"30.57367","20.025110000000002","15.65166","6.7650980000000001","4.5299459999999998","1.780761",,"10.548559999999998","4.3734500000000018","8.8865619999999996","2.2351520000000002","2.7491849999999998","4.984337",,,,,,,,,,,,,,,,,,,,,,,,,,,,,,,,,,,,,,,,,,,,,,,,,,,,,,,,,,,,,,,,,,,,,,,,,,,,,,,,,,"13834.123050789813",,"3417",,"1.779620589433337E-8","13879.247578855549",,,,,,,,,,,,,,,,,,,,,,,,,,,,,,,,,,,,,,,"1.8914347408936205","2.1217871080473576"
"1932",,"32.615250000000003","21.128260000000001","16.569710000000001","7.0154209999999999","4.6219419999999998","1.73682",,"11.486990000000002","4.5585500000000003","9.5542890000000007","2.3934790000000001","2.885122","5.2786010000000001",,,,,,,,,,,,,,,,,,,,,,,,,,,,,,,,,,,,,,,,,,,,,,,,,,,,,,,,,,,,,,,,,,,,,,,,,,,,,,,,,,"14041.88627070065",,"2686",,"1.4876429131881918E-8","12858.249821994739",,,,,,,,,,,,,,,,,,,,,,,,,,,,,,,,,,,,,,,"1.9186860621518294","2.0885111260507316"
"1933",,"32.834580000000003","21.550550000000001","17.005949999999999","7.1765189999999999","4.6839130000000004","1.715978",,"11.284030000000001","4.5446000000000026","9.8294309999999996","2.4926059999999994","2.9679350000000007","5.4605410000000001",,,,,,,,,,,,,,,,,,,,,,,,,,,,,,,,,,,,,,,,,,,,,,,,,,,,,,,,,,,,,,,,,,,,,,,,,,,,,,,,,,"14252.783785458167",,"2217",,"1.3177851775778983E-8","11803.787375992775",,,,,,,,,,,,,,,,,,,,,,,,,,,,,,,,,,,,,,,"1.9140386831303353","2.0940456005376822"
"1934",,"31.81907","21.51202","17.01632","7.2204740000000003","4.6900789999999999","1.6847540000000001",,"10.30705","4.4956999999999994","9.7958460000000009","2.5303950000000004","3.005325","5.5357200000000004",,,,,,,,,,,,,,,,,,,,,,,,,,,,,,,,,,,,,,,,,,,,,,,,,,,,,,,,,,,,,,,,,,,,,,,,,,,,,,,,,,"14466.863100024577",,"2077",,"1.206767049728033E-8","11897.033414045716",,,,,,,,,,,,,,,,,,,,,,,,,,,,,,,,,,,,,,,"1.9015581758354678","2.1091907619531116"
"1935",,,,"15.81969","6.8144770000000001","4.4453050000000003","1.599253",,,,"9.0052129999999995","2.3691719999999998","2.8460520000000002","5.2152240000000001",,,,,,,,,,,,,,,,,,,,,,,,,,,,,,,,,,,,,,,,,,,,,,,,,,,,,,,,,,,,,,,,,,,,,,,,,,,,,,,,,,"14684.172442836412",,"2130",,"1.1579190734740928E-8","12527.139673359314",,,,,,,,,,,,,,,,,,,,,,,,,,,,,,,,,,,,,,,,
"1936",,,,"15.98967","6.9295850000000003","4.5246089999999999","1.6278969999999999",,,,"9.0600850000000008","2.4049760000000004","2.896712","5.3016880000000004",,,,,,,,,,,,,,,,,,,,,,,,,,,,,,,,,,,,,,,,,,,,,,,,,,,,,,,,,,,,,,,,,,,,,,,,,,,,,,,,,,"14904.760776876628",,"2090",,"1.1201729100051386E-8","12518.03641484234",,,,,,,,,,,,,,,,,,,,,,,,,,,,,,,,,,,,,,,,
"1937",,,,"14.640280000000001","6.5587439999999999","4.3788049999999998","1.688968",,,,"8.0815359999999998","2.1799390000000001","2.6898369999999998","4.8697759999999999",,,,,,,,,,,,,,,,,,,,,,,,,,,,,,,,,,,,,,,,,,,,,,,,,,,,,,,,,,,,,,,,,,,,,,,,,,,,,,,,,,"15128.677810917003",,"2503",,"1.1967754182215456E-8","13824.429415030043",,,,,,,,,,,,,,,,,,,,,,,,,,,,,,,,,,,,,,,,
"1938",,,"19.799109999999999","15.83689","7.244237","4.8988129999999996","1.99854",,,"3.9622199999999985","8.5926530000000003","2.3454240000000004","2.9002729999999994","5.2456969999999998",,,,,,,,,,,,,,,,,,,,,,,,,,,,,,,,,,,,,,,,,,,,,,,,,,,,,,,,,,,,,,,,,,,,,,,,,,,,,,,,,,"15355.974010933458",,"2674",,"1.2267059054898692E-8","14195.267420290505",,,,,,,,,,,,,,,,,,,,,,,,,,,,,,,,,,,,,,,"1.7751049222975441","2.2901479157632338"
"1939",,,"19.867979999999999","15.830310000000001","7.0344759999999997","4.6783029999999997","1.8336110000000001",,,"4.0376699999999985","8.795834000000001","2.3561730000000001","2.8446919999999993","5.2008649999999994",,,,,,,,,,,,,,,,,,,,,,,,,,,,,,,,,,,,,,,,,,,,,,,,,,,,,,,,,,,,,,,,,,,,,,,,,,,,,,,,,,"15586.700611696959",,"2685",,"1.2439581225577382E-8","13847.913313248042",,,,,,,,,,,,,,,,,,,,,,,,,,,,,,,,,,,,,,,"1.8212347436501719","2.2176786329755895"
"1940",,,,,,,,,,,,,,,,,,,,,,,,,,,,,,,,,,,,,,,,,,,,,,,,,,,,,,,,,,,,,,,,,,,,,,,,,,,,,,,,,,,,,,,,,,,,,,,,,,,,"1.3292200447464347E-8",,,,,,,,,,,,,,,,,,,,,,,,,,,,,,,,,,,,,,,,,
"1941",,,,,,,,,,,,,,,,,,,,,,,,,,,,,,,,,,,,,,,,,,,,,,,,,,,,,,,,,,,,,,,,,,,,,,,,,,,,,,,,,,,,,,,,,,,,,,,,,,,,,,,,,,,,,,,,,,,,,,,,,,,,,,,,,,,,,,,,,,,,,
"1942",,,,,,,,,,,,,,,,,,,,,,,,,,,,,,,,,,,,,,,,,,,,,,,,,,,,,,,,,,,,,,,,,,,,,,,,,,,,,,,,,,,,,,,,,,,,,,,,,,,,,,,,,,,,,,,,,,,,,,,,,,,,,,,,,,,,,,,,,,,,,
"1943",,,,,,,,,,,,,,,,,,,,,,,,,,,,,,,,,,,,,,,,,,,,,,,,,,,,,,,,,,,,,,,,,,,,,,,,,,,,,,,,,,,,,,,,,,,,,,,,,,,,,,,,,,,,,,,,,,,,,,,,,,,,,,,,,,,,,,,,,,,,,
"1944",,,,,,,,,,,,,,,,,,,,,,,,,,,,,,,,,,,,,,,,,,,,,,,,,,,,,,,,,,,,,,,,,,,,,,,,,,,,,,,,,,,,,,,,,,,,,,,,,,,,,,,,,,,,,,,,,,,,,,,,,,,,,,,,,,,,,,,,,,,,,
"1945",,,,,,,,,,,,,,,,,,,,,,,,,,,,,,,,,,,,,,,,,,,,,,,,,,,,,,,,,,,,,,,,,,,,,,,,,,,,,,,,,,,,,,,,,,,,,,,,,,,,,,,,,,,,,,,,,,,,,,,,,,,,,,,,,,,,,,,,,,,,,
"1946",,,,,,,,,,,,,,,,,,,,,,,,,,,,,,,,,,,,,,,,,,,,,,,,,,,,,,,,,,,,,,,,,,,,,,,,,,,,,,,,,,,,,,,,,,,,,,,,,,,,"2.1309759412985566E-7",,,,,,,,,,,,,,,,,,,,,,,,,,,,,,,,,,,,,,,,,
"1947",,,,,,,,,,,,,,,,,,,,,,,,,,,,,,,,,,,,,,,,,,,,,,,,,,,,,,,,,,,,,,,,,,,,,,,,,,,,,,,,,,,,,,,,,,,,,,,,,,,,"2.8698797759074584E-7",,,,,,,,,,,,,,,,,,,,,,,,,,,,,,,,,,,,,,,,,
"1948",,,,,,,,,,,,,,,,,,,,,,,,,,,,,,,,,,,,,,,,,,,,,,,,,,,,,,,,,,,,,,,,,,,,,,,,,,,,,,,,,,,,,,,,,,,,,,,,,,,,"1.6040474185650765E-7",,,,,,,,,,,,,,,,,,,,,,,,,,,,,,,,,,,,,,,,,
"1949",,,,,,,,,,,,,,,,,,,,,,,,,,,,,,,,,,,,,,,,,,,,,,,,,,,,,,,,,,,,,,,,,,,,,,,,,,,,,,,,,,,,,,,,,,,,,,,,,,,,"1.5487495111193146E-7",,,,,,,,,,,,,,,,,,,,,,,,,,,,,,,,,,,,,,,,,
"1950",,,,,,,,,,,,,,,,,,,,,,,,,,,,,,,,,,,,,,,,,,,,,,,,,,,,,,,,,,,,,,,,,,,,,,,,,,,,,,,,,,,,,,,,,,,,,,,,,,,,"1.9422836811126166E-7",,,,,,,,,,,,,,,,,,,,,,,,,,,,,,,,,,,,,,,,,
"1951",,,,,,,,,,,,,,,,,,,,,,,,,,,,,,,,,,,,,,,,,,,,,,,,,,,,,,,,,,,,,,,,,,,,,,,,,,,,,,,,,,,,,,,,,,,,,,,,,,,,"2.9490996806836829E-7",,,,,,,,,,,,,,,,,,,,,,,,,,,,,,,,,,,,,,,,,
"1952",,,,,,,,,,,,,,,,,,,,,,,,,,,,,,,,,,,,,,,,,,,,,,,,,,,,,,,,,,,,,,,,,,,,,,,,,,,,,,,,,,,,,,,,,,,,,,,,,,,,"3.1764148685988982E-7",,,,,,,,,,,,,,,,,,,,,,,,,,,,,,,,,,,,,,,,,
"1953",,,,,,,,,,,,,,,,,,,,,,,,,,,,,,,,,,,,,,,,,,,,,,,,,,,,,,,,,,,,,,,,,,,,,,,,,,,,,,,,,,,,,,,,,,,,,,,,,,,,"3.4748035387514575E-7",,,,,,,,,,,,,,,,,,,,,,,,,,,,,,,,,,,,,,,,,
"1954",,,,,,,,,,,,,,,,,,,,,,,,,,,,,,,,,,,,,,,,,,,,,,,,,,,,,,,,,,,,,,,,,,,,,,,,,,,,,,,,,,,,,,,,,,,,,,,,,,,,"3.6820262232493651E-7",,,,,,,,,,,,,,,,,,,,,,,,,,,,,,,,,,,,,,,,,
"1955",,,,,,,,,,,,,,,,,,,,,,,,,,,,,,,,,,,,,,,,,,,,,,,,,,,,,,,,,,,,,,,,,,,,,,,,,,,,,,,,,,,,,,,,,,,,,,,,,,,,"4.5804910029248087E-7",,,,,,,,,,,,,,,,,,,,,,,,,,,,,,,,,,,,,,,,,
"1956",,,,,,,,,,,,,,,,,,,,,,,,,,,,,,,,,,,,,,,,,,,,,,,,,,,,,,,,,,,,,,,,,,,,,,,,,,,,,,,,,,,,,,,,,,,,,,,,,,,,"5.3056204546121348E-7",,,,,,,,,,,,,,,,,,,,,,,,,,,,,,,,,,,,,,,,,
"1957",,,,,,,,,,,,,,,,,,,,,,,,,,,,,,,,,,,,,,,,,,,,,,,,,,,,,,,,,,,,,,,,,,,,,,,,,,,,,,,,,,,,,,,,,,,,,,,,,,,,"6.0194280768734264E-7",,,,,,,,,,,,,,,,,,,,,,,,,,,,,,,,,,,,,,,,,
"1958",,,,,,,,,,,,,,,,,,,,,,,,,,,,,,,,,,,,,,,,,,,,,,,,,,,,,,,,,,,,,,,,,,,,,,,,,,,,,,,,,,,,,,,,,,,,,,,,,,,,"8.8226721070322831E-7",,,,,,,,,,,,,,,,,,,,,,,,,,,,,,,,,,,,,,,,,
"1959",,,,,,,,,,,,,,,,,,,,,,,,,,,,,,,,,,,,,,,,,,,,,,,,,,,,,,,,,,,,,,,,,,,,,,,,,,,,,,,,,,,,,,,,,,,,,,,,,,,,"1.1142267142032434E-6",,,,,,,,,,,,,,,,,,,,,,,,,,,,,,,,,,,,,,,,,
"1960",,,,,,,,,,,,,,,,,,,,,,,,,,,,,,,,,,,,,,,,,,,,,,,,,,,,,,,,,,,,,,,,,,,,,,,,,,,,,,,,,,,,,,,,,,,,,,,,,,,,"1.5131431967342922E-6",,,,,,,,,,,,,,,,,,,,,,,,,,,,,,,,,,,,,,,,,
"1961",,,,,,,,,,,,,,,,,,,,,,,,,,,,,,,,,,,,,,,,,,,,,,,,,,,,,,,,,,,,,,,,,,,,,,,,,,,,,,,,,,,,,,,,,,,,,,,,,,,,"1.8469165761688573E-6",,,,,,,,,,,,,,,,,,,,,,,,,,,,,,,,,,,,,,,,,
"1962",,,,,,,,,,,,,,,,,,,,,,,,,,,,,,,,,,,,,,,,,,,,,,,,,,,,,,,,,,,,,,,,,,,,,,,,,,,,,,,,,,,,,,,,,,,,,,,,,,,,"4.9340412612066178E-6",,,,,,,,,,,,,,,,,,,,,,,,,,,,,,,,,,,,,,,,,
"1963",,,,,,,,,,,,,,,,,,,,,,,,,,,,,,,,,,,,,,,,,,,,,,,,,,,,,,,,,,,,,,,,,,,,,,,,,,,,,,,,,,,,,,,,,,,,,,,,,,,,"1.0797959529332947E-5",,,,,,,,,,,,,,,,,,,,,,,,,,,,,,,,,,,,,,,,,
"1964",,,,,,,,,,,,,,,,,,,,,,,,,,,,,,,,,,,,,,,,,,,,,,,,,,,,,,,,,,,,,,,,,,,,,,,,,,,,,,,,,,,,,,,,,,,,,,,,,,,,"2.2103835070848925E-5",,,,,,,,,,,,,,,,,,,,,,,,,,,,,,,,,,,,,,,,,
"1965",,,,,,,,,,,,,,,,,,,,,,,,,,,,,,,,,,,,,,,,,,,,,,,,,,,,,,,,,,,,,,,,,,,,,,,,,,,,,,,,,,,,,,,,,,,,,,,,,,,,"8.9406613731348502E-5",,,,,,,,,,,,,,,,,,,,,,,,,,,,,,,,,,,,,,,,,
"1966",,,,,,,,,,,,,,,,,,,,,,,,,,,,,,,,,,,,,,,,,,,,,,,,,,,,,,,,,,,,,,,,,,,,,,,,,,,,,,,,,,,,,,,,,,,,,,,,,,,,"1.0215252539948509E-3",,,,,,,,,,,,,,,,,,,,,,,,,,,,,,,,,,,,,,,,,
"1967",,,,,,,,,,,,,,,,,,,,,,,,,,,,,,,,,,,,,,,,,,,,,,,,,,,,,,,,,,,,,,,,,,,,,,,,,,,,,,,,,,,,,,,,,,,,,,,,,,,,"2.7517127698164228E-3",,,,,,,,,,,,,,,,,,,,,,,,,,,,,,,,,,,,,,,,,
"1968",,,,,,,,,,,,,,,,,,,,,,,,,,,,,,,,,,,,,,,,,,,,,,,,,,,,,,,,,,,,,,,,,,,,,,,,,,,,,,,,,,,,,,,,,,,,,,,,,,,,"6.2037300578178037E-3",,,,,,,,,,,,,,,,,,,,,,,,,,,,,,,,,,,,,,,,,
"1969",,,,,,,,,,,,,,,,,,,,,,,,,,,,,,,,,,,,,,,,,,,,,,,,,,,,,,,,,,,,,,,,,,,,,,,,,,,,,,,,,,,,,,,,,,,,,,,,,,,,"7.2850630598094088E-3",,,,,,,,,,,,,,,,,,,,,,,,,,,,,,,,,,,,,,,,,
"1970",,,,,,,,,,,,,,,,,,,,,,,,,,,,,,,,,,,,,,,,,,,,,,,,,,,,,,,,,,,,,,,,,,,,,,,,,,,,,,,,,,,,,,,,,,,,,,,,,,,,"8.1846875264147932E-3",,,,,,,,,,,,,,,,,,,,,,,,,,,,,,,,,,,,,,,,,
"1971",,,,,,,,,,,,,,,,,,,,,,,,,,,,,,,,,,,,,,,,,,,,,,,,,,,,,,,,,,,,,,,,,,,,,,,,,,,,,,,,,,,,,,,,,,,,,,,,"24322.589",,,,"8.5403011631522367E-3",,,,,,,,,,,,,,,,,,,,,,,,,,,,,,,,,,,,,,,,,
"1972",,,,,,,,,,,,,,,,,,,,,,,,,,,,,,,,,,,,,,,,,,,,,,,,,,,,,,,,,,,,,,,,,,,,,,,,,,,,,,,,,,,,,,,,,,,,,,,,"24917.894",,,,"9.097689308508735E-3",,,,,,,,,,,,,,,,,,,,,,,,,,,,,,,,,,,,,,,,,
"1973",,,,,,,,,,,,,,,,,,,,,,,,,,,,,,,,,,,,,,,,,,,,,,,,,,,,,,,,,,,,,,,,,,,,,,,,,,,,,,,,,,,,,,,,,,,,,,,,"25528.405999999999",,,,"1.1921417652884745E-2",,,,,,,,,,,,,,,,,,,,,,,,,,,,,,,,,,,,,,,,,
"1974",,,,,,,,,,,,,,,,,,,,,,,,,,,,,,,,,,,,,,,,,,,,,,,,,,,,,,,,,,,,,,,,,,,,,,,,,,,,,,,,,,,,,,,,,,,,,,,,"26154.530999999999",,,,"1.676177630716056E-2",,,,,,,,,,,,,,,,,,,,,,,,,,,,,,,,,,,,,,,,,
"1975",,,,,,,,,,,,,,,,,,,,,,,,,,,,,,,,,,,,,,,,,,,,,,,,,,,,,,,,,,,,,,,,,,,,,,,,,,,,,,,,,,,,,,,,,,,,,,,,"26796.684000000001",,,,"1.9955610380053283E-2",,,,,,,,,,,,,,,,,,,,,,,,,,,,,,,,,,,,,,,,,
"1976",,,,,,,,,,,,,,,,,,,,,,,,,,,,,,,,,,,,,,,,,,,,,,,,,,,,,,,,,,,,,,,,,,,,,,,,,,,,,,,,,,,,,,,,,,,,,,,,"27455.293000000001",,,,"2.391864009353797E-2",,,,,,,,,,,,,,,,,,,,,,,,,,,,,,,,,,,,,,,,,
"1977",,,,,,,,,,,,,,,,,,,,,,,,,,,,,,,,,,,,,,,,,,,,,,,,,,,,,,,,,,,,,,,,,,,,,,,,,,,,,,,,,,,,,,,,,,,,,,,,"28130.797999999999",,,,"2.6558430349946337E-2",,,,,,,,,,,,,,,,,,,,,,,,,,,,,,,,,,,,,,,,,
"1978",,,,,,,,,,,,,,,,,,,,,,,,,,,,,,,,,,,,,,,,,,,,,,,,,,,,,,,,,,,,,,,,,,,,,,,,,,,,,,,,,,,,,,,,,,,,,,,,"28823.651999999998",,,,"2.8712178143603842E-2",,,,,,,,,,,,,,,,,,,,,,,,,,,,,,,,,,,,,,,,,
"1979",,,,,,,,,,,,,,,,,,,,,,,,,,,,,,,,,,,,,,,,,,,,,,,,,,,,,,,,,,,,,,,,,,,,,,,,,,,,,,,,,,,,,,,,,,,,,,,,"29534.316999999999",,,,"3.4521674279813071E-2",,,,,,,,,,,,,,,,,,,,,,,,,,,,,,,,,,,,,,,,,
"1980",,,,,,,,,,,,,,,,,,,,,,,,,,,,,,,,,,,,,,,,,,,,,,,,,,,,,,,,,,,,,,,,,,,,,,,,,,,,,,,,,,,,,,,,,,,,,,,,"30263.273000000001",,"31172",,"4.0772022247313612E-2","25263.092922228534",,,,,,,,,,,,,,,,,,,,,,,,,,,,,,,,,,,,,,,,
"1981",,,,,,,,,,,,,,,,,,,,,,,,,,,,,,,,,,,,,,,,,,,,,,,,,,,,,,,,,,,,,,,,,,,,,,,,,,,,,,,,,,,,,,,,,,,,,,,,"31140.668000000001",,"37710",,"4.5764301845225432E-2","26460.726664342907",,,,,,,,,,,,,,,,,,,,,,,,,,,,,,,,,,,,,,,,
"1982",,,"7.1712569999999998",,,,,,,,,,,,,,,,,,,,,,,,,,,,,,,,,,,,,,,,,,,,,,,,,,,,,,,,,,,,,,,,,,,,,,,,,,,,,,,,,,,,,,,,,,,,,"32045.817999999999",,"42314",,"5.010342051524954E-2","26353.927333395004",,,,,,,,,,,,,,,,,,,,,,,,,,,,,,,,,,,,,,,,
"1983",,,,,,,,,,,,,,,,,,,,,,,,,,,,,,,,,,,,,,,,,,,,,,,,,,,,,,,,,,,,,,,,,,,,,,,,,,,,,,,,,,,,,,,,,,,,,,,,"32979.690999999999",,"55982",,"5.6009255980020614E-2","30306.935456261606",,,,,,,,,,,,,,,,,,,,,,,,,,,,,,,,,,,,,,,,
"1984",,,,,,,,,,,,,,,,,,,,,,,,,,,,,,,,,,,,,,,,,,,,,,,,,,,,,,,,,,,,,,,,,,,,,,,,,,,,,,,,,,,,,,,,,,,,,,,,"33943.294000000002",,"65740",,"6.1800109038517938E-2","31339.096566386597",,,,,,,,,,,,,,,,,,,,,,,,,,,,,,,,,,,,,,,,
"1985",,,,,,,,,,,,,,,,,,,,,,,,,,,,,,,,,,,,,,,,,,,,,,,,,,,,,,,,,,,,,,,,,,,,,,,,,,,,,,,,,,,,,,,,,,,,,,,,"34937.671999999999",,"71932",,"6.4791173107956485E-2","31776.958659273467",,,,,,,,,,,,,,,,,,,,,,,,,,,,,,,,,,,,,,,,
"1986",,,,,,,,,,,,,,,,,,,,,,,,,,,,,,,,,,,,,,,,,,,,,,,,,,,,,,,,,,,,,,,,,,,,,,,,,,,,,,,,,,,,,,,,,,,,,,,,"35835.94",,"76365",,"6.8566682364997938E-2","31078.669559706399",,,,,,,,,,,,,,,,,,,,,,,,,,,,,,,,,,,,,,,,
"1987",,,"7.9905059999999999",,,,,,,,,,,,,,,,,,,,,,,,,,,,,,,,,,,,,,,,,,,,,,,,,,,,,,,,,,,,,,,,,,,,,,,,,,,,,,,,,,,,,,,,,,,,,"36759.99",,"93085",,"7.4926578787625084E-2","33796.242348902895",,,,,,,,,,,,,,,,,,,,,,,,,,,,,,,,,,,,,,,,
"1988",,,,,,,,,,,,,,,,,,,,,,,,,,,,,,,,,,,,,,,,,,,,,,,,,,,,,,,,,,,,,,,,,,,,,,,,,,,,,,,,,,,,,,,,,,,,,,,,"37710.661",,"111928",,"8.0953047967862929E-2","36664.130806117631",,,,,,,,,,,,,,,,,,,,,,,,,,,,,,,,,,,,,,,,
"1989",,,,,,,,,,,,,,,,,,,,,,,,,,,,,,,,,,,,,,,,,,,,,,,,,,,,,,,,,,,,,,,,,,,,,,,,,,,,,,,,,,,,,,,,,,,,,,,,"38688.822",,"134662",,"8.6148081359421189E-2","40403.030773851264",,,,,,,,,,,,,,,,,,,,,,,,,,,,,,,,,,,,,,,,
"1990",,,"8.0509889999999995",,,"1.010885","0.69194429999999996",,,,,,"0.31894070000000008",,,,,,,,,,,,,,,,,,,,,,,,,,,,,,,,,,,,,,,,,,,,,,,,,,,,,,,,,,,,,,,,,,,,,,,,,,,,,,,,,,,"39695.375",,"158545",,"9.2577712414107921E-2","43142.588242063168",,,,,,,,"2985226.8021342624",,,,,,,,,,,,,,,,,,,,,,,,,,,,,,,"1.3081012178214753","4.2456866190624254"
"1991",,,,,,"0.90386710000000003","0.58152970000000004",,,,,,"0.3223374",,,,,,,,,,,,,,,,,,,,,,,,,,,,,,,,,,,,,,,,,,,,,,,,,,,,,,,,,,,,,,,,,,,,,,,,,,,,,,,,,,,"40809.866000000002",,"187085",,"0.10112376931745062","45333.635692026633",,,,,,,,"2636285.5563893542",,,,,,,,,,,,,,,,,,,,,,,,,,,,,,,"1.3774509068522807","3.6493511655314697"
"1992",,,,,,"1.037523","0.69129470000000004",,,,,,"0.34622829999999993",,,,,,,,,,,,,,,,,,,,,,,,,,,,,,,,,,,,,,,,,,,,,,,,,,,,,,,,,,,,,,,,,,,,,,,,,,,,,,,,,,,"41961.383000000002",,"210384",,"0.10872024583734827","46116.09112400408",,,,,,,,"3187980.9378741067",,,,,,,,,,,,,,,,,,,,,,,,,,,,,,,"1.3373948119307315","3.9638867126543249"
"1993",,,"9.1008519999999997",,,"1.0235890000000001","0.66199490000000005",,,,,,"0.36159410000000003",,,,,,,,,,,,,,,,,,,,,,,,,,,,,,,,,,,,,,,,,,,,,,,,,,,,,,,,,,,,,,,,,,,,,,,,,,,,,,,,,,,"43151.39",,"244548",,"0.11932133467722704","47495.364278790512",,,,,,,,"3144168.8926201495",,,,,,,,,,,,,,,,,,,,,,,,,,,,,,,"1.3713386770791984","3.6929594511016202"
"1994",,,,,,"1.0245850000000001","0.6672245",,,,,,"0.35736050000000008",,,,,,,,,,,,,,,,,,,,,,,,,,,,,,,,,,,,,,,,,,,,,,,,,,,,,,,,,,,,,,,,,,,,,,,,,,,,,,,,,,,"44381.421000000002",,"310805",,"0.12940247350550854","54118.308698869667",,,,,,,,"3610906.1462448956",,,,,,,,,,,,,,,,,,,,,,,,,,,,,,,"1.3633278527258825","3.7523350948666825"
"1995",,,,,,"0.88624440000000004","0.5527067",,,,,,"0.33353770000000005",,,,,,,,,,,,,,,,,,,,,,,,,,,,,,,,,,,,,,,,,,,,,,,,,,,,,,,,,,,,,,,,,,,,,,,,,,,,,,,,,,,"45653.084000000003",,"402104",,"0.14161753102433755","62194.395929087434",,,,,,,,"3437525.9332459345",,,,,,,,,,,,,,,,,,,,,,,,,,,,,,,"1.4151733398783939","3.4086325010486087"
"1996",,,"9.6875219999999995",,,"0.90676279999999998","0.56175489999999995",,,,,,"0.34500790000000003",,,,,,,,,,,,,,,,,,,,,,,,,,,,,,,,,,,,,,,,,,,,,,,,,,,,,,,,,,,,,,,,,,,,,,,,,,,,,,,,,,,"46838.934000000001",,"438717",,"0.1528379015644587","61283.899910978202",,,,,,,,"3442653.1066101566",,,,,,,,,,,,,,,,,,,,,,,,,,,,,,,"1.4234969641605089","3.3612920153566712"
"1997",,,,,,"0.93839329999999999","0.59470619999999996",,,,,,"0.34368710000000002",,,,,,,,,,,,,,,,,,,,,,,,,,,,,,,,,,,,,,,,,,,,,,,,,,,,,,,,,,,,,,,,,,,,,,,,,,,,,,,,,,,"48065.457000000002",,"479912",,"0.16294507214562651","61275.561930115633",,,,,,,,"3644095.6588323726",,,,,,,,,,,,,,,,,,,,,,,,,,,,,,,"1.3954628605874053","3.528682462152422"
"1998",,,"12.42205",,,"0.79762940000000004","0.54078970000000004",,,,,,"0.2568397",,,,,,,,,,,,,,,,,,,,,,,,,,,,,,,,,,,,,,,,,,,,,,,,,,,,,,,,,,,,,,,,,,,,,,,,,,,,,,,,,,,"49334.52",,"671984",,"0.2464872853633937","55260.333763973358",,,,,,,,"2988421.9318119027",,,,,,,,,,,,,,,,,,,,,,,,,,,,,,,"1.3183206591302761","4.1414863324681024"
"1999",,,"13.65053",,,"0.83522050000000003","0.58110300000000004",,,,,,"0.2541175",,,,,,,,,,,,,,,,,,,,,,,,,,,,,,,,,,,,,,,,,,,,,,,,,,,,,,,,,,,,,,,,,,,,,,,,,,,,,,,,,,,"50648.103000000003",,"787491",,"0.31460289477924658","49421.929965747935",,,,,,,,"2871923.1768886019",,,,,,,,,,,,,,,,,,,,,,,,,,,,,,,"1.2909893476420047","4.4365519153995612"
"2000",,,"13.8157",,,"1.0496509999999999","0.77532420000000002",,,,,,"0.27432679999999987",,,,,,,,,,,,,,,,,,,,,,,,,,,,,,,,,,,,,,,,,,,,,,,,,,,,,,,,,,,,,,,,,,,,,,,,,,,,,,,,,,,"52008.307999999997",,"988484",,"0.32621233473814337","58263.496045466622",,,,,,,,"4517309.846065457",,,,,,,,,,,,,,,,,,,,,,,,,,,,,,,"1.2318639968605303","5.3128731219168763"
"2001",,,"15.51557",,,"1.203794","0.80883740000000004",,,,,,"0.39495659999999999",,,,,,,,,,,,,,,,,,,,,,,,,,,,,,,,,,,,,,,,,,,,,,,,,,,,,,,,,,,,,,,,,,,,,,,,,,,,,,,,,,,"53416.089",,"1248222",,"0.36373357927345118","64244.558617445669",,,,,,,,"5196340.1756282346",,,,,,,,,,,,,,,,,,,,,,,,,,,,,,,"1.3281357075217908","4.0475195995961277"
"2002",,,"10.4735",,"1.4748019999999999","1.256799","0.7549302",,,,,"0.21800299999999995","0.5018688","0.71987179999999995",,,,,,,,,,,,,,,,,,,,,,,,,,,,,,,,,,,,,,,,,,,,,,,,,,,,,,,,,,,,,,,,,,,,,,,,,,,,,,,,,,"54976.292999999998",,"1461546",,"0.40694189801579533","65328.792335028105",,,,,,,"963470.33593284106","4931867.826324123",,,,,,"522537.28144492093",,,,,,,,,,,,,,,,,,,,,,,,,"1.4634713983720919","3.1576304460478553"
"2003",,,"9.7631739999999994",,"1.3360510000000001","1.098185","0.61061880000000002",,,,,"0.23786600000000013","0.48756619999999995","0.72543220000000008",,,,,,,,,,,,,,,,,,,,,,,,,,,,,,,,,,,,,,,,,,,,,,,,,,,,,,,,,,,,,,,,,,,,,,,,,,,,,,,,,,"56590.33",,"1638095",,"0.43374057072269656","66737.020214606237",,,,,,,"891640.62594744877","4075087.9199018604",,,,,,"537924.2599525142",,,,,,,,,,,,,,,,,,,,,,,,,"1.5740275103895642","2.7420767853466628"
"2004",,,"8.4646830000000008",,,,,,,,,,,,,,,,,,,,,,,,,,,,,,,,,,,,,,,,,,,,,,,,,,,,,,,,,,,,,,,,,,,,,,,,,,,,,,,,,,,,,,,,,,,,,"58259.807000000001",,"1881756",,"0.46071052745050234","70107.766522716222",,,,,,,,,,,,,,,,,,,,,,,,,,,,,,,,,,,,,,,,
"2005",,,,,,,,,,,,,,,,,,,,,,,,,,,,,,,,,,,,,,,,,,,,,,,,,,,,,,,,,,,,,,,,,,,,,,,,,,,,,,,,,,,,,,,,,,,,,,,,,,,,"0.50889430297813321",,,,,,,,,,,,,,,,,,,,,,,,,,,,,,,,,,,,,,,,,
"2006",,,,,,,,,,,,,,,,,,,,,,,,,,,,,,,,,,,,,,,,,,,,,,,,,,,,,,,,,,,,,,,,,,,,,,,,,,,,,,,,,,,,,,,,,,,,,,,,,,,,"0.57557796333333633",,,,,,,,,,,,,,,,,,,,,,,,,,,,,,,,,,,,,,,,,
"2007",,,,,,,,,,,,,,,,,,,,,,,,,,,,,,,,,,,,,,,,,,,,,,,,,,,,,,,,,,,,,,,,,,,,,,,,,,,,,,,,,,,,,,,,,,,,,,,,,,,,"0.61245568866856248",,,,,,,,,,,,,,,,,,,,,,,,,,,,,,,,,,,,,,,,,
"2008",,,,,,,,,,,,,,,,,,,,,,,,,,,,,,,,,,,,,,,,,,,,,,,,,,,,,,,,,,,,,,,,,,,,,,,,,,,,,,,,,,,,,,,,,,,,,,,,,,,,"0.68071976037390303",,,,,,,,,,,,,,,,,,,,,,,,,,,,,,,,,,,,,,,,,
"2009",,,,,,,,,,,,,,,,,,,,,,,,,,,,,,,,,,,,,,,,,,,,,,,,,,,,,,,,,,,,,,,,,,,,,,,,,,,,,,,,,,,,,,,,,,,,,,,,,,,,"0.71456746212161681",,,,,,,,,,,,,,,,,,,,,,,,,,,,,,,,,,,,,,,,,
"2010",,,,,,,,,,,,,,,,,,,,,,,,,,,,,,,,,,,,,,,,,,,,,,,,,,,,,,,,,,,,,,,,,,,,,,,,,,,,,,,,,,,,,,,,,,,,,,,,,,,,"0.75124445854422983",,,,,,,,,,,,,,,,,,,,,,,,,,,,,,,,,,,,,,,,,
"2011",,,,,,,,,,,,,,,,,,,,,,,,,,,,,,,,,,,,,,,,,,,,,,,,,,,,,,,,,,,,,,,,,,,,,,,,,,,,,,,,,,,,,,,,,,,,,,,,,,,,"0.79149237743496859",,,,,,,,,,,,,,,,,,,,,,,,,,,,,,,,,,,,,,,,,
"2012",,,,,,,,,,,,,,,,,,,,,,,,,,,,,,,,,,,,,,,,,,,,,,,,,,,,,,,,,,,,,,,,,,,,,,,,,,,,,,,,,,,,,,,,,,,,,,,,,,,,"0.8253643883826195",,,,,,,,,,,,,,,,,,,,,,,,,,,,,,,,,,,,,,,,,
"2013",,,,,,,,,,,,,,,,,,,,,,,,,,,,,,,,,,,,,,,,,,,,,,,,,,,,,,,,,,,,,,,,,,,,,,,,,,,,,,,,,,,,,,,,,,,,,,,,,,,,"0.88300632236809518",,,,,,,,,,,,,,,,,,,,,,,,,,,,,,,,,,,,,,,,,
"2014",,,,,,,,,,,,,,,,,,,,,,,,,,,,,,,,,,,,,,,,,,,,,,,,,,,,,,,,,,,,,,,,,,,,,,,,,,,,,,,,,,,,,,,,,,,,,,,,,,,,"0.94017549444313719",,,,,,,,,,,,,,,,,,,,,,,,,,,,,,,,,,,,,,,,,
"2015",,,,,,,,,,,,,,,,,,,,,,,,,,,,,,,,,,,,,,,,,,,,,,,,,,,,,,,,,,,,,,,,,,,,,,,,,,,,,,,,,,,,,,,,,,,,,,,,,,,,"1",,,,,,,,,,,,,,,,,,,,,,,,,,,,,,,,,,,,,,,,,
