v1,v2,v3,v4,v5,v6,v7,v8,v9,v10,v11,v12,v13,v14,v15,v16,v17,v18,v19,v20,v21,v22,v23,v24,v25,v26,v27,v28,v29,v30,v31,v32,v33,v34,v35,v36,v37,v38,v39,v40,v41,v42,v43,v44,v45,v46,v47,v48,v49,v50,v51,v52,v53,v54,v55,v56,v57,v58,v59,v60,v61,v62,v63,v64,v65,v66,v67,v68,v69,v70,v71,v72,v73,v74,v75,v76,v77,v78,v79,v80,v81,v82,v83,v84,v85,v86,v87,v88,v89,v90,v91,v92,v93,v94,v95,v96,v97,v98,v99,v100,v101,v102,v103,v104,v105,v106,v107,v108,v109,v110,v111,v112,v113,v114,v115,v116,v117,v118,v119,v120,v121,v122,v123,v124,v125,v126,v127,v128,v129,v130,v131,v132,v133,v134,v135,v136,v137,v138,v139,v140,v141,v142,v143,v144
,10101101,10101102,10101103,10101104,10101105,10101106,10101107,10101201,10101202,10101203,10101204,10101205,10101206,10101207,10102101,10102102,10102103,10102104,10102105,10102106,10102107,10102201,10102202,10102203,10102204,10102205,10102206,10102207,10201101,10201101,10201101,10201101,10201101,10201101,10201102,10201102,10201102,10201102,10201102,10201102,10201103,10201103,10201103,10201103,10201103,10201103,10201104,10201104,10201104,10201104,10201104,10201104,10201105,10201105,10201105,10201105,10201105,10201105,10201106,10201106,10201106,10201106,10201106,10201106,10201201,10201201,10201201,10201201,10201201,10201201,10201202,10201202,10201202,10201202,10201202,10201202,10201203,10201203,10201203,10201203,10201203,10201203,10201204,10201204,10201204,10201204,10201204,10201204,10201205,10201205,10201205,10201205,10201205,10201205,50102002,50103003,50104004,10302002,10302002,10303003,40101001,10401001,10401001,10401002,10401003,10402101,10402102,10402103,10402104,10402105,10402107,10402108,10402201,10402202,10402203,10402204,10402207,10402301,10402302,10402303,10402304,10402305,10402307,10403101,10403102,10403103,10403104,10403105,10403107,10403108,10403201,10403202,10403203,10403204,10403207,10403301,10403302,10403303,10403304,10403305,10403307,10501001,10501002
Ireland,,,,,,,,,,,,,,,,,,,,,,,,,,,,,,,,,,,,,,,,,,,,,,,,,,,,,,,,,,,,,,,,,,,,,,,,,,,,,,,,,,,,,,,,,,,,,,,,,,,,,,,,,,,,,,,,,,,,,,,,,,,,,,,,,,,,,,,,,,,,,,,
Sources:,"Income: Nolan, Brian (2007). Long Term Trends in Top Income Shares in Ireland",,,,,,,,,,,,,,,,,,,,,,,,,,,,,,,,,,,,,,,,,,,,,,,,,,,,,,,,,,,,,,,,,,,,,,,,,,,,,,,,,,,,,,,,,,,,,,,,,,,,,,,,,,,,,,,,,,,,,,,,,,,,,,,,,,,,,,,,,,,,,,
Notes:,"Up to 1973, estimates based on surtax returns, with the exception of 1938 and 1943, which are based on National Income and Expenditure 1938-1944 (see Table 12.2 in chapter)",,,,,,,,,,,,,,,,,,,,,,,,,,,,,,,,,,,,,,,,,,,,,,,,,,,,,,,,,,,,,,,,,,,,,,,,,,,,,,,,,,,,,,,,,,,,,,,,,,,,,,,,,,,,,,,,,,,,,,,,,,,,,,,,,,,,,,,,,,,,,,
Units,%,%,%,%,%,%,%,%,%,%,%,%,%,%,%,%,%,%,%,%,%,%,%,%,%,%,%,%,%,%,%,%,%,%,%,%,%,%,%,%,%,%,%,%,%,%,%,%,%,%,%,%,%,%,%,%,%,%,%,%,%,%,%,%,%,%,%,%,%,%,%,%,%,%,%,%,%,%,%,%,%,%,%,%,%,%,%,%,%,%,%,%,%,%,,Thousand,,Nominal million Euros,Nominal million Euros,,2010=1.00,Real 2010 Euros,Real 2010 Euros,Real 2010 Euros,Real 2010 Euros,Real 2010 Euros,Real 2010 Euros,Real 2010 Euros,Real 2010 Euros,Real 2010 Euros,Real 2010 Euros,Real 2010 Euros,Real 2010 Euros,Real 2010 Euros,Real 2010 Euros,Real 2010 Euros,Real 2010 Euros,Real 2010 Euros,Real 2010 Euros,Real 2010 Euros,Real 2010 Euros,Real 2010 Euros,Real 2010 Euros,,,,,,,,,,,,,,,,,,,,
Data/No Data,1,0,1,1,1,0,0,0,0,1,1,0,0,0,0,0,0,0,0,0,0,0,0,0,0,0,0,0,0,0,0,0,0,0,0,0,0,0,0,0,0,0,0,0,0,0,0,0,0,0,0,0,0,0,0,0,0,0,0,0,0,0,0,0,0,0,0,0,0,0,0,0,0,0,0,0,0,0,0,0,0,0,0,0,0,0,0,0,0,0,0,0,0,0,0,1,0,1,1,0,1,1,1,0,0,1,0,1,1,1,0,0,0,0,1,1,0,0,0,0,0,0,0,0,0,0,0,0,0,0,0,0,0,0,0,0,0,0,0,0,0,1,1
Download/No Downloand,1,1,1,1,1,1,1,1,1,1,1,1,1,1,1,1,1,1,1,1,1,1,1,1,1,1,1,1,1,1,1,1,1,1,1,1,1,1,1,1,1,1,1,1,1,1,1,1,1,1,1,1,1,1,1,1,1,1,1,1,1,1,1,1,1,1,1,1,1,1,1,1,1,1,1,1,1,1,1,1,1,1,1,1,1,1,1,1,1,1,1,1,1,1,1,1,1,1,1,1,1,1,1,1,1,1,1,1,1,1,1,1,1,1,1,1,1,1,1,1,1,1,1,1,1,1,1,1,1,1,1,1,1,1,1,1,1,1,1,1,1,1,1
Keep decimals,2,2,2,2,2,2,2,2,2,2,2,2,2,2,2,2,2,2,2,2,2,2,2,2,2,2,2,2,2,2,2,2,2,2,2,2,2,2,2,2,2,2,2,2,2,2,2,2,2,2,2,2,2,2,2,2,2,2,2,2,2,2,2,2,2,2,2,2,2,2,2,2,2,2,2,2,2,2,2,2,2,2,2,2,2,2,2,2,2,2,2,2,2,2,3,3,3,5,5,5,7,2,2,2,2,2,2,2,2,2,2,2,2,2,2,2,2,2,2,2,2,2,2,2,2,2,2,2,2,2,2,2,2,2,2,2,2,2,2,2,2,3,3
Show decimals,2,2,2,2,2,2,2,2,2,2,2,2,2,2,2,2,2,2,2,2,2,2,2,2,2,2,2,2,2,2,2,2,2,2,2,2,2,2,2,2,2,2,2,2,2,2,2,2,2,2,2,2,2,2,2,2,2,2,2,2,2,2,2,2,2,2,2,2,2,2,2,2,2,2,2,2,2,2,2,2,2,2,2,2,2,2,2,2,2,2,2,2,2,2,0,0,0,0,0,0,5,0,0,0,0,0,0,0,0,0,0,0,0,0,0,0,0,0,0,0,0,0,0,0,0,0,0,0,0,0,0,0,0,0,0,0,0,0,0,0,0,2,2
Category,Top income shares,Top income shares,Top income shares,Top income shares,Top income shares,Top income shares,Top income shares,Top income shares,Top income shares,Top income shares,Top income shares,Top income shares,Top income shares,Top income shares,Top income shares,Top income shares,Top income shares,Top income shares,Top income shares,Top income shares,Top income shares,Top income shares,Top income shares,Top income shares,Top income shares,Top income shares,Top income shares,Top income shares,Top groups income composition,Top groups income composition,Top groups income composition,Top groups income composition,Top groups income composition,Top groups income composition,Top groups income composition,Top groups income composition,Top groups income composition,Top groups income composition,Top groups income composition,Top groups income composition,Top groups income composition,Top groups income composition,Top groups income composition,Top groups income composition,Top groups income composition,Top groups income composition,Top groups income composition,Top groups income composition,Top groups income composition,Top groups income composition,Top groups income composition,Top groups income composition,Top groups income composition,Top groups income composition,Top groups income composition,Top groups income composition,Top groups income composition,Top groups income composition,Top groups income composition,Top groups income composition,Top groups income composition,Top groups income composition,Top groups income composition,Top groups income composition,Top groups income composition,Top groups income composition,Top groups income composition,Top groups income composition,Top groups income composition,Top groups income composition,Top groups income composition,Top groups income composition,Top groups income composition,Top groups income composition,Top groups income composition,Top groups income composition,Top groups income composition,Top groups income composition,Top groups income composition,Top groups income composition,Top groups income composition,Top groups income composition,Top groups income composition,Top groups income composition,Top groups income composition,Top groups income composition,Top groups income composition,Top groups income composition,Top groups income composition,Top groups income composition,Top groups income composition,Top groups income composition,Top groups income composition,Top groups income composition,Population units,Population units,Population units,Income,Income,Income,Price index,Average incomes,Average incomes,Average incomes,Average incomes,Average incomes,Average incomes,Average incomes,Average incomes,Average incomes,Average incomes,Average incomes,Average incomes,Average incomes,Average incomes,Average incomes,Average incomes,Average incomes,Average incomes,Average incomes,Average incomes,Average incomes,Average incomes,Average incomes,Average incomes,Average incomes,Average incomes,Average incomes,Average incomes,Average incomes,Average incomes,Average incomes,Average incomes,Average incomes,Average incomes,Average incomes,Average incomes,Average incomes,Average incomes,Average incomes,Average incomes,Pareto-Lorenz coefficients,Pareto-Lorenz coefficients
Subcategory,Top income shares,Top income shares,Top income shares,Top income shares,Top income shares,Top income shares,Top income shares,Top income shares,Top income shares,Top income shares,Top income shares,Top income shares,Top income shares,Top income shares,Top income shares including capital gains,Top income shares including capital gains,Top income shares including capital gains,Top income shares including capital gains,Top income shares including capital gains,Top income shares including capital gains,Top income shares including capital gains,Top income shares including capital gains,Top income shares including capital gains,Top income shares including capital gains,Top income shares including capital gains,Top income shares including capital gains,Top income shares including capital gains,Top income shares including capital gains,Top composition,Top composition,Top composition,Top composition,Top composition,Top composition,Top composition,Top composition,Top composition,Top composition,Top composition,Top composition,Top composition,Top composition,Top composition,Top composition,Top composition,Top composition,Top composition,Top composition,Top composition,Top composition,Top composition,Top composition,Top composition,Top composition,Top composition,Top composition,Top composition,Top composition,Top composition,Top composition,Top composition,Top composition,Top composition,Top composition,Top composition,Top composition,Top composition,Top composition,Top composition,Top composition,Top composition,Top composition,Top composition,Top composition,Top composition,Top composition,Top composition,Top composition,Top composition,Top composition,Top composition,Top composition,Top composition,Top composition,Top composition,Top composition,Top composition,Top composition,Top composition,Top composition,Top composition,Top composition,Top composition,Top composition,Number of adults,Number of tax units,Number of tax returns,Fiscal income control,Fiscal income control,Fiscal income control-incl. capital gains,Price index,Average income per tax unit,Average income per tax unit,Average income per tax unit-including capital gains,Average income per adult,Fractiles income levels,Fractiles income levels,Fractiles income levels,Fractiles income levels,Fractiles income levels,Fractiles income levels,Fractiles income levels,Fractiles income levels,Fractiles income levels,Fractiles income levels,Fractiles income levels,Fractiles income levels,Fractiles income levels,Fractiles income levels,Fractiles income levels,Fractiles income levels,Fractiles income levels,Fractiles income levels,Fractiles income levels-including capital gains,Fractiles income levels-including capital gains,Fractiles income levels-including capital gains,Fractiles income levels-including capital gains,Fractiles income levels-including capital gains,Fractiles income levels-including capital gains,Fractiles income levels-including capital gains,Fractiles income levels-including capital gains,Fractiles income levels-including capital gains,Fractiles income levels-including capital gains,Fractiles income levels-including capital gains,Fractiles income levels-including capital gains,Fractiles income levels-including capital gains,Fractiles income levels-including capital gains,Fractiles income levels-including capital gains,Fractiles income levels-including capital gains,Fractiles income levels-including capital gains,Fractiles income levels-including capital gains,Pareto-Lorenz coefficient,Inverted Pareto-Lorenz coefficient
,,,,,,,,,,,,,,,,,,,,,,,,,,,,,Top 10% income composition,,,,,,Top 5% income composition,,,,,,Top 1% income composition,,,,,,Top 0.5% income composition,,,,,,Top 0.1% income composition,,,,,,Top 0.01% income composition,,,,,,Top 10-5% income composition,,,,,,Top 5-1% income composition,,,,,,Top 1-0.5% income composition,,,,,,Top 0.5-0.1% income composition,,,,,,Top 0.1-0.01% income composition,,,,,,,,,,,,,,,,,,,,,,,,,,,,,,,,,,,,,,,,,,,,,,,,,,,,,,
Variable,Top 10% income share,Top 5% income share,Top 1% income share,Top 0.5% income share,Top 0.1% income share,Top 0.05% income share,Top 0.01% income share,Top 10-5% income share,Top 5-1% income share,Top 1-0.5% income share,Top 0.5-0.1% income share,Top 0.1-0.05% income share,Top 0.05-0.01% income share,Top 0.1-0.01% income share,Top 10% income share-including capital gains,Top 5% income share-including capital gains,Top 1% income share-including capital gains,Top 0.5% income share-including capital gains,Top 0.1% income share-including capital gains,Top 0.05% income share-including capital gains,Top 0.01% income share-including capital gains,Top 10-5% income share-including capital gains,Top 5-1% income share-including capital gains,Top 1-0.5% income share-including capital gains,Top 0.5-0.1% income share-including capital gains,Top 0.1-0.05% income share-including capital gains,Top 0.05-0.01% income share-including capital gains,Top 0.1-0.01% income share-including capital gains,Top 10% income composition,Top 10% income composition,Top 10% income composition,Top 10% income composition,Top 10% income composition,Top 10% income composition,Top 5% income composition,Top 5% income composition,Top 5% income composition,Top 5% income composition,Top 5% income composition,Top 5% income composition,Top 1% income composition,Top 1% income composition,Top 1% income composition,Top 1% income composition,Top 1% income composition,Top 1% income composition,Top 0.5% income composition,Top 0.5% income composition,Top 0.5% income composition,Top 0.5% income composition,Top 0.5% income composition,Top 0.5% income composition,Top 0.1% income composition,Top 0.1% income composition,Top 0.1% income composition,Top 0.1% income composition,Top 0.1% income composition,Top 0.1% income composition,Top 0.01% income composition,Top 0.01% income composition,Top 0.01% income composition,Top 0.01% income composition,Top 0.01% income composition,Top 0.01% income composition,Top 10-5% income composition,Top 10-5% income composition,Top 10-5% income composition,Top 10-5% income composition,Top 10-5% income composition,Top 10-5% income composition,Top 5-1% income composition,Top 5-1% income composition,Top 5-1% income composition,Top 5-1% income composition,Top 5-1% income composition,Top 5-1% income composition,Top 1-0.5% income composition,Top 1-0.5% income composition,Top 1-0.5% income composition,Top 1-0.5% income composition,Top 1-0.5% income composition,Top 1-0.5% income composition,Top 0.5-0.1% income composition,Top 0.5-0.1% income composition,Top 0.5-0.1% income composition,Top 0.5-0.1% income composition,Top 0.5-0.1% income composition,Top 0.5-0.1% income composition,Top 0.1-0.01% income composition,Top 0.1-0.01% income composition,Top 0.1-0.01% income composition,Top 0.1-0.01% income composition,Top 0.1-0.01% income composition,Top 0.1-0.01% income composition,Number of adults,Number of tax units,Number of tax returns,Fiscal income control,Fiscal income control,Fiscal income control-incl. capital gains,Price index,Average income per tax unit,Average income per tax unit,Average income per tax unit-including capital gains,Average income per adult,Top 10% average income,Top 5% average income,Top 1% average income,Top 0.5% average income,Top 0.1% average income,Top 0.01% average income,Bottom 90% average income,Top 10-5% average income,Top 5-1% average income,Top 1-0.5% average income,Top 0.5-0.1% average income,Top 0.1-0.01% average income,P90 income threshold,P95 income threshold,P99 income threshold,P99.5 income threshold,P99.9 income threshold,P99.99 income threshold,Top 10% average income-including capital gains,Top 5% average income-including capital gains,Top 1% average income-including capital gains,Top 0.5% average income-including capital gains,Top 0.1% average income-including capital gains,Top 0.01% average income-including capital gains,Bottom 90% average income-including capital gains,Top 10-5% average income-including capital gains,Top 5-1% average income-including capital gains,Top 1-0.5% average income-including capital gains,Top 0.5-0.1% average income-including capital gains,Top 0.1-0.01% average income-including capital gains,P90 income-including capital gains threshold,P95 income-including capital gains threshold,P99 income-including capital gains threshold,P99.5 income-including capital gains threshold,P99.9 income-including capital gains threshold,P99.99 income-including capital gains threshold,Pareto-Lorenz coefficient,Inverted Pareto-Lorenz coefficient
Subvariable,,,,,,,,,,,,,,,,,,,,,,,,,,,,,,,,,,,,,,,,,,,,,,,,,,,,,,,,,,,,,,,,,,,,,,,,,,,,,,,,,,,,,,,,,,,,,,,,,,break in 1999,,,,break in 1999/2000,,,,,,,,,,,,,,,,,,,,,,,,,,,,,,,,,,,,,,,,,
1900,,,,,,,,,,,,,,,,,,,,,,,,,,,,,,,,,,,,,,,,,,,,,,,,,,,,,,,,,,,,,,,,,,,,,,,,,,,,,,,,,,,,,,,,,,,,,,,,,,,,,,,,,,,,,,,,,,,,,,,,,,,,,,,,,,,,,,,,,,,,,,,
1901,,,,,,,,,,,,,,,,,,,,,,,,,,,,,,,,,,,,,,,,,,,,,,,,,,,,,,,,,,,,,,,,,,,,,,,,,,,,,,,,,,,,,,,,,,,,,,,,,,,,,,,,,,,,,,,,,,,,,,,,,,,,,,,,,,,,,,,,,,,,,,,
1902,,,,,,,,,,,,,,,,,,,,,,,,,,,,,,,,,,,,,,,,,,,,,,,,,,,,,,,,,,,,,,,,,,,,,,,,,,,,,,,,,,,,,,,,,,,,,,,,,,,,,,,,,,,,,,,,,,,,,,,,,,,,,,,,,,,,,,,,,,,,,,,
1903,,,,,,,,,,,,,,,,,,,,,,,,,,,,,,,,,,,,,,,,,,,,,,,,,,,,,,,,,,,,,,,,,,,,,,,,,,,,,,,,,,,,,,,,,,,,,,,,,,,,,,,,,,,,,,,,,,,,,,,,,,,,,,,,,,,,,,,,,,,,,,,
1904,,,,,,,,,,,,,,,,,,,,,,,,,,,,,,,,,,,,,,,,,,,,,,,,,,,,,,,,,,,,,,,,,,,,,,,,,,,,,,,,,,,,,,,,,,,,,,,,,,,,,,,,,,,,,,,,,,,,,,,,,,,,,,,,,,,,,,,,,,,,,,,
1905,,,,,,,,,,,,,,,,,,,,,,,,,,,,,,,,,,,,,,,,,,,,,,,,,,,,,,,,,,,,,,,,,,,,,,,,,,,,,,,,,,,,,,,,,,,,,,,,,,,,,,,,,,,,,,,,,,,,,,,,,,,,,,,,,,,,,,,,,,,,,,,
1906,,,,,,,,,,,,,,,,,,,,,,,,,,,,,,,,,,,,,,,,,,,,,,,,,,,,,,,,,,,,,,,,,,,,,,,,,,,,,,,,,,,,,,,,,,,,,,,,,,,,,,,,,,,,,,,,,,,,,,,,,,,,,,,,,,,,,,,,,,,,,,,
1907,,,,,,,,,,,,,,,,,,,,,,,,,,,,,,,,,,,,,,,,,,,,,,,,,,,,,,,,,,,,,,,,,,,,,,,,,,,,,,,,,,,,,,,,,,,,,,,,,,,,,,,,,,,,,,,,,,,,,,,,,,,,,,,,,,,,,,,,,,,,,,,
1908,,,,,,,,,,,,,,,,,,,,,,,,,,,,,,,,,,,,,,,,,,,,,,,,,,,,,,,,,,,,,,,,,,,,,,,,,,,,,,,,,,,,,,,,,,,,,,,,,,,,,,,,,,,,,,,,,,,,,,,,,,,,,,,,,,,,,,,,,,,,,,,
1909,,,,,,,,,,,,,,,,,,,,,,,,,,,,,,,,,,,,,,,,,,,,,,,,,,,,,,,,,,,,,,,,,,,,,,,,,,,,,,,,,,,,,,,,,,,,,,,,,,,,,,,,,,,,,,,,,,,,,,,,,,,,,,,,,,,,,,,,,,,,,,,
1910,,,,,,,,,,,,,,,,,,,,,,,,,,,,,,,,,,,,,,,,,,,,,,,,,,,,,,,,,,,,,,,,,,,,,,,,,,,,,,,,,,,,,,,,,,,,,,,,,,,,,,,,,,,,,,,,,,,,,,,,,,,,,,,,,,,,,,,,,,,,,,,
1911,,,,,,,,,,,,,,,,,,,,,,,,,,,,,,,,,,,,,,,,,,,,,,,,,,,,,,,,,,,,,,,,,,,,,,,,,,,,,,,,,,,,,,,,,,,,,,,,,,,,,,,,,,,,,,,,,,,,,,,,,,,,,,,,,,,,,,,,,,,,,,,
1912,,,,,,,,,,,,,,,,,,,,,,,,,,,,,,,,,,,,,,,,,,,,,,,,,,,,,,,,,,,,,,,,,,,,,,,,,,,,,,,,,,,,,,,,,,,,,,,,,,,,,,,,,,,,,,,,,,,,,,,,,,,,,,,,,,,,,,,,,,,,,,,
1913,,,,,,,,,,,,,,,,,,,,,,,,,,,,,,,,,,,,,,,,,,,,,,,,,,,,,,,,,,,,,,,,,,,,,,,,,,,,,,,,,,,,,,,,,,,,,,,,,,,,,,,,,,,,,,,,,,,,,,,,,,,,,,,,,,,,,,,,,,,,,,,
1914,,,,,,,,,,,,,,,,,,,,,,,,,,,,,,,,,,,,,,,,,,,,,,,,,,,,,,,,,,,,,,,,,,,,,,,,,,,,,,,,,,,,,,,,,,,,,,,,,,,,,,,,,,,,,,,,,,,,,,,,,,,,,,,,,,,,,,,,,,,,,,,
1915,,,,,,,,,,,,,,,,,,,,,,,,,,,,,,,,,,,,,,,,,,,,,,,,,,,,,,,,,,,,,,,,,,,,,,,,,,,,,,,,,,,,,,,,,,,,,,,,,,,,,,,,,,,,,,,,,,,,,,,,,,,,,,,,,,,,,,,,,,,,,,,
1916,,,,,,,,,,,,,,,,,,,,,,,,,,,,,,,,,,,,,,,,,,,,,,,,,,,,,,,,,,,,,,,,,,,,,,,,,,,,,,,,,,,,,,,,,,,,,,,,,,,,,,,,,,,,,,,,,,,,,,,,,,,,,,,,,,,,,,,,,,,,,,,
1917,,,,,,,,,,,,,,,,,,,,,,,,,,,,,,,,,,,,,,,,,,,,,,,,,,,,,,,,,,,,,,,,,,,,,,,,,,,,,,,,,,,,,,,,,,,,,,,,,,,,,,,,,,,,,,,,,,,,,,,,,,,,,,,,,,,,,,,,,,,,,,,
1918,,,,,,,,,,,,,,,,,,,,,,,,,,,,,,,,,,,,,,,,,,,,,,,,,,,,,,,,,,,,,,,,,,,,,,,,,,,,,,,,,,,,,,,,,,,,,,,,,,,,,,,,,,,,,,,,,,,,,,,,,,,,,,,,,,,,,,,,,,,,,,,
1919,,,,,,,,,,,,,,,,,,,,,,,,,,,,,,,,,,,,,,,,,,,,,,,,,,,,,,,,,,,,,,,,,,,,,,,,,,,,,,,,,,,,,,,,,,,,,,,,,,,,,,,,,,,,,,,,,,,,,,,,,,,,,,,,,,,,,,,,,,,,,,,
1920,,,,,,,,,,,,,,,,,,,,,,,,,,,,,,,,,,,,,,,,,,,,,,,,,,,,,,,,,,,,,,,,,,,,,,,,,,,,,,,,,,,,,,,,,,,,,,,,,,,,,,,,,,,,,,,,,,,,,,,,,,,,,,,,,,,,,,,,,,,,,,,
1921,,,,,,,,,,,,,,,,,,,,,,,,,,,,,,,,,,,,,,,,,,,,,,,,,,,,,,,,,,,,,,,,,,,,,,,,,,,,,,,,,,,,,,,,,,,,,,,,,,,,,,,,,,,,,,,,,,,,,,,,,,,,,,,,,,,,,,,,,,,,,,,
1922,,,,,3.91,,,,,,,,,,,,,,,,,,,,,,,,,,,,,,,,,,,,,,,,,,,,,,,,,,,,,,,,,,,,,,,,,,,,,,,,,,,,,,,,,,,,,,,,,,,1494.898,,147.2896171,,,2.05E-02,4796.266242,,,,,,,,222546.7536,,,,,,,,,,,,,,,,,,,,,,,,,,,,,,,,,
1923,,,,,4.42,,,,,,,,,,,,,,,,,,,,,,,,,,,,,,,,,,,,,,,,,,,,,,,,,,,,,,,,,,,,,,,,,,,,,,,,,,,,,,,,,,,,,,,,,,,1499.323,,147.8229071,,,2.03E-02,4850.401779,,,,,,,,254646.0934,,,,,,,,,,,,,,,,,,,,,,,,,,,,,,,,,
1924,,,,,4.02,,,,,,,,,,,,,,,,,,,,,,,,,,,,,,,,,,,,,,,,,,,,,,,,,,,,,,,,,,,,,,,,,,,,,,,,,,,,,,,,,,,,,,,,,,,1503.748,,148.8386976,,,2.11E-02,4694.613449,,,,,,,,223933.0615,,,,,,,,,,,,,,,,,,,,,,,,,,,,,,,,,
1925,,,,,4.27,,,,,,,,,,,,,,,,,,,,,,,,,,,,,,,,,,,,,,,,,,,,,,,,,,,,,,,,,,,,,,,,,,,,,,,,,,,,,,,,,,,,,,,,,,,1508.173,,149.3338954,,,2.03E-02,4871.227481,,,,,,,,246971.2333,,,,,,,,,,,,,,,,,,,,,,,,,,,,,,,,,
1926,,,,,3.97,,,,,,,,,,,,,,,,,,,,,,,,,,,,,,,,,,,,,,,,,,,,,,,,,,,,,,,,,,,,,,,,,,,,,,,,,,,,,,,,,,,,,,,,,,,1512.598,,150.4385675,,,1.97E-02,5054.196884,,,,,,,,238558.0929,,,,,,,,,,,,,,,,,,,,,,,,,,,,,,,,,
1927,,,,,4.07,,,,,,,,,,,,,,,,,,,,,,,,,,,,,,,,,,,,,,,,,,,,,,,,,,,,,,,,,,,,,,,,,,,,,,,,,,,,,,,,,,,,,,,,,,,1517.023,,151.8479768,,,1.91E-02,5230.390883,,,,,,,,252627.8796,,,,,,,,,,,,,,,,,,,,,,,,,,,,,,,,,
1928,,,,,,,,,,,,,,,,,,,,,,,,,,,,,,,,,,,,,,,,,,,,,,,,,,,,,,,,,,,,,,,,,,,,,,,,,,,,,,,,,,,,,,,,,,,,,,,,1521.448,,153.3589651,,,1.91E-02,5267.073239,,,,,,,,252819.5155,,,,,,,,,,,,,,,,,,,,,,,,,,,,,,,,,
1929,,,,,4.16,,,,,,,,,,,,,,,,,,,,,,,,,,,,,,,,,,,,,,,,,,,,,,,,,,,,,,,,,,,,,,,,,,,,,,,,,,,,,,,,,,,,,,,,,,,1525.873,,154.6287032,,,1.94E-02,5236.209041,,,,,,,,258668.7266,,,,,,,,,,,,,,,,,,,,,,,,,,,,,,,,,
1930,,,,,4.38,,,,,,,,,,,,,,,,,,,,,,,,,,,,,,,,,,,,,,,,,,,,,,,,,,,,,,,,,,,,,,,,,,,,,,,,,,,,,,,,,,,,,,,,,,,1530.298,,146.819814,,,1.82E-02,5281.732769,,,,,,,,275178.2773,,,,,,,,,,,,,,,,,,,,,,,,,,,,,,,,,
1931,,,,,6.55,,,,,,,,,,,,,,,,,,,,,,,,,,,,,,,,,,,,,,,,,,,,,,,,,,,,,,,,,,,,,,,,,,,,,,,,,,,,,,,,,,,,,,,,,,,1534.723,,134.1224332,,,1.78E-02,4898.641037,,,,,,,,381114.2727,,,,,,,,,,,,,,,,,,,,,,,,,,,,,,,,,
1932,,,,,5.65,,,,,,,,,,,,,,,,,,,,,,,,,,,,,,,,,,,,,,,,,,,,,,,,,,,,,,,,,,,,,,,,,,,,,,,,,,,,,,,,,,,,,,,,,,,1539.147,,129.7291395,,,1.68E-02,5029.444762,,,,,,,,337475.7436,,,,,,,,,,,,,,,,,,,,,,,,,,,,,,,,,
1933,,,,,5.68,,,,,,,,,,,,,,,,,,,,,,,,,,,,,,,,,,,,,,,,,,,,,,,,,,,,,,,,,,,,,,,,,,,,,,,,,,,,,,,,,,,,,,,,,,,1543.572,,126.2246624,,,1.69E-02,4848.321745,,,,,,,,326776.8856,,,,,,,,,,,,,,,,,,,,,,,,,,,,,,,,,
1934,,,,,5.57,,,,,,,,,,,,,,,,,,,,,,,,,,,,,,,,,,,,,,,,,,,,,,,,,,,,,,,,,,,,,,,,,,,,,,,,,,,,,,,,,,,,,,,,,,,1547.997,,132.7384187,,,1.70E-02,5051.319237,,,,,,,,333892.2016,,,,,,,,,,,,,,,,,,,,,,,,,,,,,,,,,
1935,,,,,5.7,,,,,,,,,,,,,,,,,,,,,,,,,,,,,,,,,,,,,,,,,,,,,,,,,,,,,,,,,,,,,,,,,,,,,,,,,,,,,,,,,,,,,,,,,,,1552.422,,138.782372,,,1.75E-02,5103.982115,,,,,,,,345539.5892,,,,,,,,,,,,,,,,,,,,,,,,,,,,,,,,,
1936,,,,,5.31,,,,,,,,,,,,,,,,,,,,,,,,,,,,,,,,,,,,,,,,,,,,,,,,,,,,,,,,,,,,,,,,,,,,,,,,,,,,,,,,,,,,,,,,,,,1556.847,,146.7436297,,,1.79E-02,5251.671436,,,,,,,,331380.4676,,,,,,,,,,,,,,,,,,,,,,,,,,,,,,,,,
1937,,,,,5.32,,,,,,,,,,,,,,,,,,,,,,,,,,,,,,,,,,,,,,,,,,,,,,,,,,,,,,,,,,,,,,,,,,,,,,,,,,,,,,,,,,,,,,,,,,,1553.822,,152.8510699,,,1.91E-02,5140.253275,,,,,,,,324864.007,,,,,,,,,,,,,,,,,,,,,,,,,,,,,,,,,
1938,40.09,,14.26,10.42,4.98,,,,,4.55,6.43,,,,,,,,,,,,,,,,,,,,,,,,,,,,,,,,,,,,,,,,,,,,,,,,,,,,,,,,,,,,,,,,,,,,,,,,,,,,,,,,,,,,,1550.797,,155.822257,,,1.90E-02,5280.177425,,,,25138.92472,,89393.40381,130737.193,314170.5568,,,,,48049.61457,84878.85211,,,,,,,,,,,,,,,,,,,,,,,,,,1.831971542,2.201964189
1939,,,,,4.6,,,,,,,,,,,,,,,,,,,,,,,,,,,,,,,,,,,,,,,,,,,,,,,,,,,,,,,,,,,,,,,,,,,,,,,,,,,,,,,,,,,,,,,,,,,1547.773,,164.659634,,,2.08E-02,5124.618775,,,,,,,,279804.1851,,,,,,,,,,,,,,,,,,,,,,,,,,,,,,,,,
1940,,,,,4.15,,,,,,,,,,,,,,,,,,,,,,,,,,,,,,,,,,,,,,,,,,,,,,,,,,,,,,,,,,,,,,,,,,,,,,,,,,,,,,,,,,,,,,,,,,,1544.748,,181.7249138,,,2.31E-02,5084.216673,,,,,,,,250651.882,,,,,,,,,,,,,,,,,,,,,,,,,,,,,,,,,
1941,,,,,4.15,,,,,,,,,,,,,,,,,,,,,,,,,,,,,,,,,,,,,,,,,,,,,,,,,,,,,,,,,,,,,,,,,,,,,,,,,,,,,,,,,,,,,,,,,,,1541.723,,196.2507174,,,2.56E-02,4967.51227,,,,,,,,244898.3549,,,,,,,,,,,,,,,,,,,,,,,,,,,,,,,,,
1942,,,,,3.88,,,,,,,,,,,,,,,,,,,,,,,,,,,,,,,,,,,,,,,,,,,,,,,,,,,,,,,,,,,,,,,,,,,,,,,,,,,,,,,,,,,,,,,,,,,1538.698,,219.41074,,,2.95E-02,4830.918622,,,,,,,,222705.3485,,,,,,,,,,,,,,,,,,,,,,,,,,,,,,,,,
1943,29.77,,10.78,7.79,3.54,,,,,3.56,5.36,,,,,,,,,,,,,,,,,,,,,,,,,,,,,,,,,,,,,,,,,,,,,,,,,,,,,,,,,,,,,,,,,,,,,,,,,,,,,,,,,,,,,1535.673,,242.2660254,,,3.18E-02,4962.838994,,,,17707.40953,,64119.8798,92904.34597,198513.5598,,,,,35335.41364,66502.04252,,,,,,,,,,,,,,,,,,,,,,,,,,2.037500284,1.963855158
1944,,,,,3.83,,,,,,,,,,,,,,,,,,,,,,,,,,,,,,,,,,,,,,,,,,,,,,,,,,,,,,,,,,,,,,,,,,,,,,,,,,,,,,,,,,,,,,,,,,,1532.649,,254.0999843,,,3.20E-02,5180.344982,,,,,,,,236223.7312,,,,,,,,,,,,,,,,,,,,,,,,,,,,,,,,,
1945,,,,,3.84,,,,,,,,,,,,,,,,,,,,,,,,,,,,,,,,,,,,,,,,,,,,,,,,,,,,,,,,,,,,,,,,,,,,,,,,,,,,,,,,,,,,,,,,,,,1529.624,,275.7744133,,,3.22E-02,5595.593088,,,,,,,,255159.0448,,,,,,,,,,,,,,,,,,,,,,,,,,,,,,,,,
1946,,,,,3.98,,,,,,,,,,,,,,,,,,,,,,,,,,,,,,,,,,,,,,,,,,,,,,,,,,,,,,,,,,,,,,,,,,,,,,,,,,,,,,,,,,,,,,,,,,,1526.599,,287.4813983,,,3.17E-02,5944.454117,,,,,,,,281172.6797,,,,,,,,,,,,,,,,,,,,,,,,,,,,,,,,,
1947,,,,,4.04,,,,,,,,,,,,,,,,,,,,,,,,,,,,,,,,,,,,,,,,,,,,,,,,,,,,,,,,,,,,,,,,,,,,,,,,,,,,,,,,,,,,,,,,,,,1519.608,,295.8489723,,,3.34E-02,5827.363318,,,,,,,,279713.4393,,,,,,,,,,,,,,,,,,,,,,,,,,,,,,,,,
1948,,,,,3.77,,,,,,,,,,,,,,,,,,,,,,,,,,,,,,,,,,,,,,,,,,,,,,,,,,,,,,,,,,,,,,,,,,,,,,,,,,,,,,,,,,,,,,,,,,,1512.617,,313.2189892,,,3.42E-02,6060.583191,,,,,,,,271514.127,,,,,,,,,,,,,,,,,,,,,,,,,,,,,,,,,
1949,,,,,3.66,,,,,,,,,,,,,,,,,,,,,,,,,,,,,,,,,,,,,,,,,,,,,,,,,,,,,,,,,,,,,,,,,,,,,,,,,,,,,,,,,,,,,,,,,,,1505.625,,322.0182741,,,3.45E-02,6201.00355,,,,,,,,269743.6544,,,,,,,,,,,,,,,,,,,,,,,,,,,,,,,,,
1950,,,,,3.54,,,,,,,,,,,,,,,,,,,,,,,,,,,,,,,,,,,,,,,,,,,,,,,,,,,,,,,,,,,,,,,,,,,,,,,,,,,,,,,,,,,,,,,,,,,1498.634,,339.3375015,,,3.51E-02,6443.806999,,,,,,,,271284.2746,,,,,,,,,,,,,,,,,,,,,,,,,,,,,,,,,
1951,,,,,3.07,,,,,,,,,,,,,,,,,,,,,,,,,,,,,,,,,,,,,,,,,,,,,,,,,,,,,,,,,,,,,,,,,,,,,,,,,,,,,,,,,,,,,,,,,,,1491.643,,368.5541746,,,3.89E-02,6347.826741,,,,,,,,231695.676,,,,,,,,,,,,,,,,,,,,,,,,,,,,,,,,,
1952,,,,,2.78,,,,,,,,,,,,,,,,,,,,,,,,,,,,,,,,,,,,,,,,,,,,,,,,,,,,,,,,,,,,,,,,,,,,,,,,,,,,,,,,,,,,,,,,,,,1474.257,,388.1589306,,,4.24E-02,6212.08543,,,,,,,,205620.0277,,,,,,,,,,,,,,,,,,,,,,,,,,,,,,,,,
1953,,,,,2.51,,,,,,,,,,,,,,,,,,,,,,,,,,,,,,,,,,,,,,,,,,,,,,,,,,,,,,,,,,,,,,,,,,,,,,,,,,,,,,,,,,,,,,,,,,,1456.87,,416.0677735,,,4.32E-02,6618.371177,,,,,,,,197227.4611,,,,,,,,,,,,,,,,,,,,,,,,,,,,,,,,,
1954,,,,,,,,,,,,,,,,,,,,,,,,,,,,,,,,,,,,,,,,,,,,,,,,,,,,,,,,,,,,,,,,,,,,,,,,,,,,,,,,,,,,,,,,,,,,,,,,1439.484,,418.3025126,,,4.33E-02,6707.437254,,,,,,,,,,,,,,,,,,,,,,,,,,,,,,,,,,,,,,,,,
1955,,,,,,,,,,,,,,,,,,,,,,,,,,,,,,,,,,,,,,,,,,,,,,,,,,,,,,,,,,,,,,,,,,,,,,,,,,,,,,,,,,,,,,,,,,,,,,,,1422.098,,442.8846418,,,4.53E-02,6879.270861,,,,,,,,,,,,,,,,,,,,,,,,,,,,,,,,,,,,,,,,,
1956,,,,,,,,,,,,,,,,,,,,,,,,,,,,,,,,,,,,,,,,,,,,,,,,,,,,,,,,,,,,,,,,,,,,,,,,,,,,,,,,,,,,,,,,,,,,,,,,1404.712,,443.6972741,,,4.64E-02,6814.552102,,,,,,,,,,,,,,,,,,,,,,,,,,,,,,,,,,,,,,,,,
1957,,,,,,,,,,,,,,,,,,,,,,,,,,,,,,,,,,,,,,,,,,,,,,,,,,,,,,,,,,,,,,,,,,,,,,,,,,,,,,,,,,,,,,,,,,,,,,,,1387.325,,462.0830815,,,4.91E-02,6788.3372,,,,,,,,,,,,,,,,,,,,,,,,,,,,,,,,,,,,,,,,,
1958,,,,,,,,,,,,,,,,,,,,,,,,,,,,,,,,,,,,,,,,,,,,,,,,,,,,,,,,,,,,,,,,,,,,,,,,,,,,,,,,,,,,,,,,,,,,,,,,1369.939,,468.8888776,,,5.04E-02,6791.677661,,,,,,,,,,,,,,,,,,,,,,,,,,,,,,,,,,,,,,,,,
1959,,,,,,,,,,,,,,,,,,,,,,,,,,,,,,,,,,,,,,,,,,,,,,,,,,,,,,,,,,,,,,,,,,,,,,,,,,,,,,,,,,,,,,,,,,,,,,,,1352.553,,499.8704867,,,4.95E-02,7460.034492,,,,,,,,,,,,,,,,,,,,,,,,,,,,,,,,,,,,,,,,,
1960,,,,,,,,,,,,,,,,,,,,,,,,,,,,,,,,,,,,,,,,,,,,,,,,,,,,,,,,,,,,,,,,,,,,,,,,,,,,,,,,,,,,,,,,,,,,,,,,1335.166,,548.0443494,,,5.09E-02,8061.909423,,,,,,,,,,,,,,,,,,,,,,,,,,,,,,,,,,,,,,,,,
1961,,,,,,,,,,,,,,,,,,,,,,,,,,,,,,,,,,,,,,,,,,,,,,,,,,,,,,,,,,,,,,,,,,,,,,,,,,,,,,,,,,,,,,,,,,,,,,,,1317.78,,595.4055797,,,5.22E-02,8653.661188,,,,,,,,,,,,,,,,,,,,,,,,,,,,,,,,,,,,,,,,,
1962,,,,,,,,,,,,,,,,,,,,,,,,,,,,,,,,,,,,,,,,,,,,,,,,,,,,,,,,,,,,,,,,,,,,,,,,,,,,,,,,,,,,,,,,,,,,,,,,1320.531,,646.0046422,,,5.41E-02,9034.643264,,,,,,,,,,,,,,,,,,,,,,,,,,,,,,,,,,,,,,,,,
1963,,,,,,,,,,,,,,,,,,,,,,,,,,,,,,,,,,,,,,,,,,,,,,,,,,,,,,,,,,,,,,,,,,,,,,,,,,,,,,,,,,,,,,,,,,,,,,,,1323.282,,679.5003327,,,5.66E-02,9077.313675,,,,,,,,,,,,,,,,,,,,,,,,,,,,,,,,,,,,,,,,,
1964,,,,,1.76,,,,,,,,,,,,,,,,,,,,,,,,,,,,,,,,,,,,,,,,,,,,,,,,,,,,,,,,,,,,,,,,,,,,,,,,,,,,,,,,,,,,,,,,,,,1326.032,,779.1493771,,,6.05E-02,9714.81749,,,,,,,,203039.6855,,,,,,,,,,,,,,,,,,,,,,,,,,,,,,,,,
1965,,,,4.6,1.78,,,,,,3.35,,,,,,,,,,,,,,,,,,,,,,,,,,,,,,,,,,,,,,,,,,,,,,,,,,,,,,,,,,,,,,,,,,,,,,,,,,,,,,,,,,,,,1328.783,,823.0188277,,,6.24E-02,9921.340609,,,,,,,108341.0395,209340.2869,,,,,,83091.2276,,,,,,,,,,,,,,,,,,,,,,,,,,,
1966,,,,4.69,1.78,,,,,,3.46,,,,,,,,,,,,,,,,,,,,,,,,,,,,,,,,,,,,,,,,,,,,,,,,,,,,,,,,,,,,,,,,,,,,,,,,,,,,,,,,,,,,,1331.534,,873.046508,,,6.48E-02,10112.11151,,,,,,,112648.9222,213365.5529,,,,,,87469.76456,,,,,,,,,,,,,,,,,,,,,,,,,,,
1967,,,,,1.70,,,,,,,,,,,,,,,,,,,,,,,,,,,,,,,,,,,,,,,,,,,,,,,,,,,,,,,,,,,,,,,,,,,,,,,,,,,,,,,,,,,,,,,,,,,1336.702,,929.4609708,,,6.65E-02,10451.98322,,,,,,,,211130.061,,,,,,,,,,,,,,,,,,,,,,,,,,,,,,,,,
1968,,,,,1.58,,,,,,,,,,,,,,,,,,,,,,,,,,,,,,,,,,,,,,,,,,,,,,,,,,,,,,,,,,,,,,,,,,,,,,,,,,,,,,,,,,,,,,,,,,,1341.869,,1043.127924,,,7.01E-02,11081.66303,,,,,,,,207227.0987,,,,,,,,,,,,,,,,,,,,,,,,,,,,,,,,,
1969,,,,,1.49,,,,,,,,,,,,,,,,,,,,,,,,,,,,,,,,,,,,,,,,,,,,,,,,,,,,,,,,,,,,,,,,,,,,,,,,,,,,,,,,,,,,,,,,,,,1347.037,,1176.691672,,,7.55E-02,11573.15956,,,,,,,,206002.2402,,,,,,,,,,,,,,,,,,,,,,,,,,,,,,,,,
1970,,,,,1.45,,,,,,,,,,,,,,,,,,,,,,,,,,,,,,,,,,,,,,,,,,,,,,,,,,,,,,,,,,,,,,,,,,,,,,,,,,,,,,,,,,,,,,,,,,,1352.204,,1348.182497,,,8.30E-02,12005.40564,,,,,,,,207693.5175,,,,,,,,,,,,,,,,,,,,,,,,,,,,,,,,,
1971,,,,,1.28,,,,,,,,,,,,,,,,,,,,,,,,,,,,,,,,,,,,,,,,,,,,,,,,,,,,,,,,,,,,,,,,,,,,,,,,,,,,,,,,,,,,,,,,,,,1357.372,,1551.251708,,,9.02E-02,12669.15223,,,,,,,,192571.1139,,,,,,,,,,,,,,,,,,,,,,,,,,,,,,,,,
1972,,,,,1.12,,,,,,,,,,,,,,,,,,,,,,,,,,,,,,,,,,,,,,,,,,,,,,,,,,,,,,,,,,,,,,,,,,,,,,,,,,,,,,,,,,,,,,,,,,,1377.099,,1872.279586,,,9.76E-02,13923.76364,,,,,,,,185186.0564,,,,,,,,,,,,,,,,,,,,,,,,,,,,,,,,,
1973,,,,2.96,1.07,,,,,,2.24,,,,,,,,,,,,,,,,,,,,,,,,,,,,,,,,,,,,,,,,,,,,,,,,,,,,,,,,,,,,,,,,,,,,,,,,,,,,,,,,,,,,,1396.825,,2284.639725,,,0.109992149,14870.10505,,,,,,,104388.1375,188850.3341,,,,,,83272.58829,,,,,,,,,,,,,,,,,,,,,,,,,,,
1974,,,,,,,,,,,,,,,,,,,,,,,,,,,,,,,,,,,,,,,,,,,,,,,,,,,,,,,,,,,,,,,,,,,,,,,,,,,,,,,,,,,,,,,,,,,,,,,,1416.552,,2621.082223,,,0.132015702,14015.94985,,,,,,,,,,,,,,,,,,,,,,,,,,,,,,,,,,,,,,,,,
1975,24.1,,5.02,3.16,1.10,,,,,2.2,2.45,,,,,,,,,,,,,,,,,,,,,,,,,,,,,,,,,,,,,,,,,,,,,,,,,,,,,,,,,,,,,,,,,,,,,,,,,,,,,,,,,,,,,1436.279,,3364.678934,,,0.15424632,15187.62996,,,,43466.99695,,90518.27456,114210.9773,198957.9525,,,,,66825.57182,93024.2335,,,,,,,,,,,,,,,,,,,,,,,,,,2.923762576,1.519814666
1976,23.54,,4.91,3.08,1.06,,,,,2.17,2.4,,,,,,,,,,,,,,,,,,,,,,,,,,,,,,,,,,,,,,,,,,,,,,,,,,,,,,,,,,,,,,,,,,,,,,,,,,,,,,,,,,,,,1456.005,,3956.478458,,,0.186022571,14607.64804,,,,40842.98391,,85162.58806,106927.9836,184056.3653,,,,,63397.19249,87645.88823,,,,,,,,,,,,,,,,,,,,,,,,,,2.987732457,1.503085813
1977,22.98,,4.75,3,1.05,,,,,2.08,2.32,,,,,,,,,,,,,,,,,,,,,,,,,,,,,,,,,,,,,,,,,,,,,,,,,,,,,,,,,,,,,,,,,,,,,,,,,,,,,,,,,,,,,1475.732,,4752.553443,,,0.20607949,15627.3286,,,,42646.97976,,88138.13332,111266.5796,193778.8747,,,,,65009.68698,90638.50589,,,,,,,,,,,,,,,,,,,,,,,,,,2.922758099,1.520086224
1978,23.75,,5.19,3.35,1.24,,,,,2.18,2.51,,,,,,,,,,,,,,,,,,,,,,,,,,,,,,,,,,,,,,,,,,,,,,,,,,,,,,,,,,,,,,,,,,,,,,,,,,,,,,,,,,,,,1495.458,,5644.849181,,,0.222426889,16970.35138,,,,47856.3909,,104537.3645,135083.997,249464.1653,,,,,73990.73203,106488.9549,,,,,,,,,,,,,,,,,,,,,,,,,,2.647347226,1.607036564
1979,26.38,,6.76,4.78,2.23,,,,,2.35,3.03,,,,,,,,,,,,,,,,,,,,,,,,,,,,,,,,,,,,,,,,,,,,,,,,,,,,,,,,,,,,,,,,,,,,,,,,,,,,,,,,,,,,,1515.185,,6629.277113,,,0.257901865,16964.69395,,,,53133.42145,,136226.4924,192718.9233,449564.3897,,,,,79734.06157,128507.5567,,,,,,,,,,,,,,,,,,,,,,,,,,1.928527503,2.076974023
1980,26.53,,5.6,3.54,1.24,,,,,2.44,2.74,,,,,,,,,,,,,,,,,,,,,,,,,,,,,,,,,,,,,,,,,,,,,,,,,,,,,,,,,,,,,,,,,,,,,,,,,,,,,,,,,,,,,1554.631,,7949.474582,,,0.304955839,16767.72522,,,,52818.33443,,111505.3727,141184.2463,246485.5607,,,,,81826.49906,114858.9177,,,,,,,,,,,,,,,,,,,,,,,,,,2.902793941,1.525542981
1981,25.98,,5.36,3.38,1.18,,,,,2.35,2.62,,,,,,,,,,,,,,,,,,,,,,,,,,,,,,,,,,,,,,,,,,,,,,,,,,,,,,,,,,,,,,,,,,,,,,,,,,,,,,,,,,,,,1594.077,,9711.12189,,,0.376056919,16199.68338,,,,49976.02324,,103191.9832,130245.4544,226795.5674,,,,,76138.5119,106107.9262,,,,,,,,,,,,,,,,,,,,,,,,,,2.924074049,1.519730517
1982,27.43,,5.79,3.67,1.30,,,,,2.51,2.81,,,,,,,,,,,,,,,,,,,,,,,,,,,,,,,,,,,,,,,,,,,,,,,,,,,,,,,,,,,,,,,,,,,,,,,,,,,,,,,,,,,,,1606.67,,10483.12264,,,0.422332679,15449.31736,,,,50318.42666,,106136.8103,134718.0474,239464.4191,,,,,77555.57317,108531.4545,,,,,,,,,,,,,,,,,,,,,,,,,,2.829855281,1.546491305
1983,28.03,,5.94,3.77,1.35,,,,,2.57,2.88,,,,,,,,,,,,,,,,,,,,,,,,,,,,,,,,,,,,,,,,,,,,,,,,,,,,,,,,,,,,,,,,,,,,,,,,,,,,,,,,,,,,,1619.264,,11458.34497,,,0.465841021,15190.30535,,,,50568.52652,,107091.6527,136105.136,243044.8856,,,,,78078.16951,109370.1985,,,,,,,,,,,,,,,,,,,,,,,,,,2.809534369,1.552628354
1984,26.58,,5.47,3.45,1.23,,,,,2.4,2.64,,,,,,,,,,,,,,,,,,,,,,,,,,,,,,,,,,,,,,,,,,,,,,,,,,,,,,,,,,,,,,,,,,,,,,,,,,,,,,,,,,,,,1631.857,,12678.95688,,,0.497088322,15630.31987,,,,49344.91984,,101597.0792,128168.623,228202.6701,,,,,75025.53539,103160.1112,,,,,,,,,,,,,,,,,,,,,,,,,,2.845439976,1.541876199
1985,26.34,,5.28,3.31,1.18,,,,,2.34,2.53,,,,,,,,,,,,,,,,,,,,,,,,,,,,,,,,,,,,,,,,,,,,,,,,,,,,,,,,,,,,,,,,,,,,,,,,,,,,,,,,,,,,,1644.451,,13431.31479,,,0.521587831,15659.22051,,,,48982.04176,,98183.31261,123081.4732,219229.0872,,,,,73285.15199,99044.56974,,,,,,,,,,,,,,,,,,,,,,,,,,2.866475324,1.535769205
1986,26.13,,5.17,3.23,1.16,,,,,2.32,2.45,,,,,,,,,,,,,,,,,,,,,,,,,,,,,,,,,,,,,,,,,,,,,,,,,,,,,,,,,,,,,,,,,,,,,,,,,,,,,,,,,,,,,1657.044,,14285.84852,,,0.538054956,16023.0565,,,,49719.54433,,98541.7975,122736.6128,221118.1798,,,,,74346.98218,98141.22109,,,,,,,,,,,,,,,,,,,,,,,,,,2.848970621,1.540841476
1987,26.24,,5.17,3.21,1.13,,,,,2.33,2.47,,,,,,,,,,,,,,,,,,,,,,,,,,,,,,,,,,,,,,,,,,,,,,,,,,,,,,,,,,,,,,,,,,,,,,,,,,,,,,,,,,,,,1668.307,,15272.00329,,,0.554532875,16507.93456,,,,51438.72409,,101358.7182,125790.4614,221206.3231,,,,,76926.97505,101936.4959,,,,,,,,,,,,,,,,,,,,,,,,,,2.950405798,1.512713816
1988,25.69,,5.18,3.25,1.16,,,,,2.3,2.48,,,,,,,,,,,,,,,,,,,,,,,,,,,,,,,,,,,,,,,,,,,,,,,,,,,,,,,,,,,,,,,,,,,,,,,,,,,,,,,,,,,,,1679.57,,16418.14507,,,0.569313052,17170.17966,,,,52386.21813,,105596.6049,132210.3833,235231.4613,,,,,78982.82642,106455.1139,,,,,,,,,,,,,,,,,,,,,,,,,,2.87483995,1.533378863
1989,25.7,,5.37,3.46,1.30,,,,,2.28,2.56,,,,,,,,,,,,,,,,,,,,,,,,,,,,,,,,,,,,,,,,,,,,,,,,,,,,,,,,,,,,,,,,,,,,,,,,,,,,,,,,,,,,,1690.834,,17946.09708,,,0.595921492,17810.65914,,,,54358.13169,,113632.0053,146047.4049,274284.1507,,,,,81216.60567,113988.2185,,,,,,,,,,,,,,,,,,,,,,,,,,2.613012516,1.619957992
1990,26.15,,5.59,3.61,1.32,,,,,2.36,2.71,,,,,,,,,,,,,,,,,,,,,,,,,,,,,,,,,,,,,,,,,,,,,,,,,,,,,,,,,,,,,,,,,,,,,,,,,,,,,,,,,,,,,1702.097,,19063.4158,,,0.612009814,18300.29237,,,,56822.40781,,121513.9413,156650.5027,287314.5902,,,,,86377.37998,123984.4808,,,,,,,,,,,,,,,,,,,,,,,,,,2.675717205,1.596759404
1991,27.33,,6.14,4.06,1.55,,,,,2.48,,,,,,,,,,,,,,,,,,,,,,,,,,,,,,,,,,,,,,,,,,,,,,,,,,,,,,,,,,,,,,,,,,,,,,,,,,,,,,,,,,,,,,1713.36,,19964.92983,,,0.634055937,18377.71833,,,,59654.07371,,134157.3438,177161.2047,,,,,,91153.48293,,,,,,,,,,,,,,,,,,,,,,,,,,,2.492915866,1.669830111
1992,28.63,,6.59,4.29,1.58,,,,,2.74,,,,,,,,,,,,,,,,,,,,,,,,,,,,,,,,,,,,,,,,,,,,,,,,,,,,,,,,,,,,,,,,,,,,,,,,,,,,,,,,,,,,,,1745.193,,21050.87333,,,0.648954858,18587.12279,,,,63196.21747,,145537.1714,189216.91,,,,,,101857.4329,,,,,,,,,,,,,,,,,,,,,,,,,,,2.640937953,1.609407563
1993,28.12,,6.36,4.09,1.46,,,,,2.7,,,,,,,,,,,,,,,,,,,,,,,,,,,,,,,,,,,,,,,,,,,,,,,,,,,,,,,,,,,,,,,,,,,,,,,,,,,,,,,,,,,,,,1777.026,,23004.6574,,,0.658491658,19659.46567,,,,65642.95588,,148428.9658,190696.817,,,,,,106161.1146,,,,,,,,,,,,,,,,,,,,,,,,,,,2.766189726,1.566190588
1994,29.34,,6.68,4.3,1.54,,,,,2.83,,,,,,,,,,,,,,,,,,,,,,,,,,,,,,,,,,,,,,,,,,,,,,,,,,,,,,,,,,,,,,,,,,,,,,,,,,,,,,,,,,,,,,1808.86,,23740.077,,,0.67398528,19472.72617,,,,67842.97797,,154418.7185,198621.8069,,,,,,110215.6301,,,,,,,,,,,,,,,,,,,,,,,,,,,2.753483023,1.570293517
1995,29.03,,7.04,4.72,1.88,,,,,2.8,,,,,,,,,,,,,,,,,,,,,,,,,,,,,,,,,,,,,,,,,,,,,,,,,,,,,,,,,,,,,,,,,,,,,,,,,,,,,,,,,,,,,,1840.693,,25528.31262,,,0.690073602,20097.6526,,,,71005.00663,,164599.7748,216652.695,,,,,,112546.8545,,,,,,,,,,,,,,,,,,,,,,,,,,,2.522565476,1.656786204
1996,28.15,,7.13,4.87,2.03,7.208,,,,2.83,,,,,,,,,,,,,,,,,,,,,,,,,,,,,,,,,,,,,,,,,,,,,,,,,,,,,,,,,,,,,,,,,,,,,,,,,,,,,,,,,,,,,,1872.526,,27658.24746,,,0.703177625,21005.43879,,,,74674.33491,,178126.121,237361.4584,,,,,,118890.7836,,,,,,,,,,,,,,,,,,,,,,,,,,,2.414370705,1.707028219
1997,28.72,,7.66,5.34,2.33,7.4205,,,,2.83,,,,,,,,,,,,,,,,,,,,,,,,,,,,,,,,,,,,,,,,,,,,,,,,,,,,,,,,,,,,,,,,,,,,,,,,,,,,,,,,,,,,,,1923.468,,30651.94702,,,0.716538763,22239.92973,,,,78973.99048,,194154.5866,262431.1708,,,,,,125878.0023,,,,,,,,,,,,,,,,,,,,,,,,,,,2.300260869,1.76907644
1998,30.21,,8.77,6.28,2.89,8.2195,,,,2.92,,,,,,,,,,,,,,,,,,,,,,,,,,,,,,,,,,,,,,,,,,,,,,,,,,,,,,,,,,,,,,,,,,,,,,,,,,,,,,,,,,,,,,1974.411,,34798.65763,,,0.727086359,24240.35258,,,,86998.6254,,234404.2094,327244.7598,,,,,,141563.659,,,,,,,,,,,,,,,,,,,,,,,,,,,2.077397117,1.92816287
1999,30.48,,8.93,6.39,2.94,8.024,,,,2.84,,,,,,,,,,,,,,,,,,,,,,,,,,,,,,,,,,,,,,,,,,,,,,,,,,,,,,,,,,,,,,,,,,,,,,,,,,,,,,,,,,,,,,2025.353,,39478.8868,,,0.753103042,25882.71133,,,,90408.31066,,244332.7949,341651.7895,,,,,,147013.8003,,,,,,,,,,,,,,,,,,,,,,,,,,,2.067486203,1.936780258
2000,31.69,,9.66,6.94,3.23,,,,,2.902333859,,,,,,,,,,,,,,,,,,,,,,,,,,,,,,,,,,,,,,,,,,,,,,,,,,,,,,,,,,,,,,,,,,,,,,,,,,,,,,,,,,,,,,2076.295,,44926.26631,51447.77261,,0.797403337,27135.21209,31074.16521,,,105252.6408,,320827.4716,461279.7396,,,,,,180375.2037,,,,,,,,,,,,,,,,,,,,,,,,,,,1.908964367,2.100153137
2001,31.65,,9.35,6.65,3.02,,,,,2.805404746,,,,,,,,,,,,,,,,,,,,,,,,,,,,,,,,,,,,,,,,,,,,,,,,,,,,,,,,,,,,,,,,,,,,,,,,,,,,,,,,,,,,,,2127.237667,,,58502.31726,,0.818748886,,33589.71604,,,110720.6676,,326981.2687,465497.0399,,,,,,188465.4976,,,,,,,,,,,,,,,,,,,,,,,,,,,1.962462023,2.039002035
2002,30.96,,9.24,6.59,3.01,,,,,2.869472318,,,,,,,,,,,,,,,,,,,,,,,,,,,,,,,,,,,,,,,,,,,,,,,,,,,,,,,,,,,,,,,,,,,,,,,,,,,,,,,,,,,,,,2178.18,,,61749.2684,,0.859113422,,32997.99452,,,110373.3644,,329468.5983,469563.5329,,,,,,189373.6636,,,,,,,,,,,,,,,,,,,,,,,,,,,1.956260356,2.045740308
2003,31.36,,9.4,6.72,3.07,,,,,2.940471354,,,,,,,,,,,,,,,,,,,,,,,,,,,,,,,,,,,,,,,,,,,,,,,,,,,,,,,,,,,,,,,,,,,,,,,,,,,,,,,,,,,,,,2240.948,,,65680.57053,,0.88763893,,33019.37102,,,113410.458,,339955.9992,485726.9692,,,,,,194185.0293,,,,,,,,,,,,,,,,,,,,,,,,,,,1.94251114,2.060995417
2004,32.21,,9.85,7.13,3.39,,,,,2.999136316,,,,,,,,,,,,,,,,,,,,,,,,,,,,,,,,,,,,,,,,,,,,,,,,,,,,,,,,,,,,,,,,,,,,,,,,,,,,,,,,,,,,,,2303.716,,,70979.96198,,0.907875186,,33937.56492,,,120598.5241,,368853.8238,534140.8807,,,,,,203566.7669,,,,,,,,,,,,,,,,,,,,,,,,,,,1.872059297,2.146711014
2005,32.85,,10.46,7.68,3.77,,,,,3.082196096,,,,,,,,,,,,,,,,,,,,,,,,,,,,,,,,,,,,,,,,,,,,,,,,,,,,,,,,,,,,,,,,,,,,,,,,,,,,,,,,,,,,,,2366.484,,,77423.87016,,0.929172858,,35210.71052,,,128273.8177,,408496.2059,599939.7827,,,,,,217052.629,,,,,,,,,,,,,,,,,,,,,,,,,,,1.803442698,2.244643834
2006,34.21,,11.31,8.4,4.22,,,,,3.220199401,,,,,,,,,,,,,,,,,,,,,,,,,,,,,,,,,,,,,,,,,,,,,,,,,,,,,,,,,,,,,,,,,,,,,,,,,,,,,,,,,,,,,,2429.252,,,83267.08851,,0.965824666,,35489.71552,,,134383.9513,,444108.665,659649.4087,,,,,,228567.9213,,,,,,,,,,,,,,,,,,,,,,,,,,,1.75196781,2.329844159
2007,33.37,,10.6,7.71,3.65,,,,,3.173796936,,,,,,,,,,,,,,,,,,,,,,,,,,,,,,,,,,,,,,,,,,,,,,,,,,,,,,,,,,,,,,,,,,,,,,,,,,,,,,,,,,,,,,2469.1466,,,91453.33868,,1.019316493,,36336.54556,,,133233.666,,423020.8283,615392.0226,,,,,,230649.6339,,,,,,,,,,,,,,,,,,,,,,,,,,,1.849190924,2.177591483
2008,32.34,,9.68,7.34,3.09,,,,,3.026471054,,,,,,,,,,,,,,,,,,,,,,,,,,,,,,,,,,,,,,,,,,,,,,,,,,,,,,,,,,,,,,,,,,,,,,,,,,,,,,,,,,,,,,2509.0412,,,96837.05131,,1.040118871,,37106.568,,,130925.334,,388948.5699,553293.2318,,,,,,224603.9079,,,,,,,,,,,,,,,,,,,,,,,,,,,1.966704194,2.0344426
2009,33.12,,9.63,6.83,3.09,,,,,3.05360309,,,,,,,,,,,,,,,,,,,,,,,,,,,,,,,,,,,,,,,,,,,,,,,,,,,,,,,,,,,,,,,,,,,,,,,,,,,,,,,,,,,,,,2548.9358,,,88022.19843,,1.013868252,,34060.5605,,,123055.2357,,357800.4462,507586.0268,,,,,,208014.8656,,,,,,,,,,,,,,,,,,,,,,,,,,,1.982171684,2.018151935
2010,33.99,,9.53,6.61,2.83,,,,,,,,,,,,,,,,,,,,,,,,,,,,,,,,,,,,,,,,,,,,,,,,,,,,,,,,,,,,,,,,,,,,,,,,,,,,,,,,,,,,,,,,,,,2554.74,,, 89 112 ,,,,,,,,,,,,,,,,,,,,,,,,,,,,,,,,,,,,,,,,,,,,
2011,34.04,,9.37,6.46,2.72,,,,,,,,,,,,,,,,,,,,,,,,,,,,,,,,,,,,,,,,,,,,,,,,,,,,,,,,,,,,,,,,,,,,,,,,,,,,,,,,,,,,,,,,,,,2586.112,,, 88 745 ,,,,,,,,,,,,,,,,,,,,,,,,,,,,,,,,,,,,,,,,,,,,
2012,34.47,,9.67,6.74,2.94,,,,,,,,,,,,,,,,,,,,,,,,,,,,,,,,,,,,,,,,,,,,,,,,,,,,,,,,,,,,,,,,,,,,,,,,,,,,,,,,,,,,,,,,,,,2604.1556,,, 90 108 ,,,,,,,,,,,,,,,,,,,,,,,,,,,,,,,,,,,,,,,,,,,,
2013,35.71,,9.79,6.74,4.14,,,,,,,,,,,,,,,,,,,,,,,,,,,,,,,,,,,,,,,,,,,,,,,,,,,,,,,,,,,,,,,,,,,,,,,,,,,,,,,,,,,,,,,,,,,2622.1992,,, 88 092 ,,,,,,,,,,,,,,,,,,,,,,,,,,,,,,,,,,,,,,,,,,,,
2014,36.12,,9.95,6.87,4.26,,,,,,,,,,,,,,,,,,,,,,,,,,,,,,,,,,,,,,,,,,,,,,,,,,,,,,,,,,,,,,,,,,,,,,,,,,,,,,,,,,,,,,,,,,,2640.2428,,, 89 521 ,,,,,,,,,,,,,,,,,,,,,,,,,,,,,,,,,,,,,,,,,,,,
2015,37.24,,11.5,8.42,5.59,,,,,,,,,,,,,,,,,,,,,,,,,,,,,,,,,,,,,,,,,,,,,,,,,,,,,,,,,,,,,,,,,,,,,,,,,,,,,,,,,,,,,,,,,,,2658.2864,,, 94 806 ,,,,,,,,,,,,,,,,,,,,,,,,,,,,,,,,,,,,,,,,,,,,
