"v1","v2","v3","v4","v5","v6","v7","v8","v9","v10","v11","v12","v13","v14","v15","v16","v17","v18","v19","v20","v21","v22","v23","v24","v25","v26","v27","v28","v29","v30","v31","v32","v33","v34","v35","v36","v37","v38","v39","v40","v41","v42","v43","v44","v45","v46","v47","v48","v49","v50","v51","v52","v53","v54","v55","v56","v57","v58","v59","v60","v61","v62","v63","v64","v65","v66","v67","v68","v69","v70","v71","v72","v73","v74","v75","v76","v77","v78","v79","v80","v81","v82","v83","v84","v85","v86","v87","v88","v89","v90","v91","v92","v93","v94","v95","v96","v97","v98","v99","v100","v101","v102","v103","v104","v105","v106","v107","v108","v109","v110","v111","v112","v113","v114","v115","v116","v117","v118","v119","v120","v121","v122","v123","v124","v125","v126","v127","v128","v129","v130","v131","v132","v133","v134","v135","v136","v137","v138","v139","v140","v141","v142","v143"
,"10101101","10101102","10101103","10101104","10101105","10101106","10101107","10101201","10101202","10101203","10101204","10101205","10101206","10101207","10102101","10102102","10102103","10102104","10102105","10102106","10102107","10102201","10102202","10102203","10102204","10102205","10102206","10102207","10201101","10201101","10201101","10201101","10201101","10201101","10201102","10201102","10201102","10201102","10201102","10201102","10201103","10201103","10201103","10201103","10201103","10201103","10201104","10201104","10201104","10201104","10201104","10201104","10201105","10201105","10201105","10201105","10201105","10201105","10201106","10201106","10201106","10201106","10201106","10201106","10201201","10201201","10201201","10201201","10201201","10201201","10201202","10201202","10201202","10201202","10201202","10201202","10201203","10201203","10201203","10201203","10201203","10201203","10201204","10201204","10201204","10201204","10201204","10201204","10201205","10201205","10201205","10201205","10201205","10201205","50102002","50103003","50104004","10302002","10303003","40101001","10401001","10401002","10401003","10402101","10402102","10402103","10402104","10402105","10402107","10402108","10402201","10402202","10402203","10402204","10402207","10402301","10402302","10402303","10402304","10402305","10402307","10403101","10403102","10403103","10403104","10403105","10403107","10403108","10403201","10403202","10403203","10403204","10403207","10403301","10403302","10403303","10403304","10403305","10403307","10501001","10501002",
"Switzerland",,,,,,,,,,,,,,,,,,,,,,,,,,,,,,,,,,,,,,,,,,,,,,,,,,,,,,,,,,,,,,,,,,,,,,,,,,,,,,,,,,,,,,,,,,,,,,,,,,,,,,,,,,,,,,,,,,,,,,,,,,,,,,,,,,,,,,,,,,,,,,
"Sources:","Income: Dell, Fabien; Piketty, Thomas and Saez, Emmanuel (2007). Income and Wealth Concentration in Switzerland over the Twentieth Century; in Atkinson, A. B. and Piketty, T. (editors) Top Incomes over the Twentieth Century. A Contrast Between Continental European and English-Speaking Countries, Oxford University Press, chapter 11. Foellmi, Reto and Martínez, Isabel (2012). Volatile Top Income Shares in Switzerland? Reassessing the Evolution between 1981 and 2008. University of St. Gallen, Department of Economics Discussion Paper 2012-27 (updated version as CEPR DP10006, 2014). Series updated by R. Foellmi and I. Martínez.",,,,,,,,,,,,,,,,,,,,,,,,,,,,,,,,,,,,,,,,,,,,,,,,,,,,,,,,,,,,,,,,,,,,,,,,,,,,,,,,,,,,,,,,,,,,,,,,,,,,,,,,,,,,,,,,,,,,,,,,,,,,,,,,,,,,,,,,,,,,,
"Notes:","For all years between 1934 and 1994, estimates relate to income averaged over the year shown and the following year. Estimates do not include capital gains. Estimates for 1933-1994 come from Dell et al. (2007), and estimates for 1995-2008 come from Foellmi and Martínez (2012). Until 1995 the population control is the number of individuals aged 20+ minus one half of married men and women; from 1996 the population control is the number of Individuals aged 18+ minus one half of married men and women. Series updated by R. Foellmi and I. Martínez.","For all years between 1934 and 1994, estimates relate to income averaged over the year shown and the following year. Estimates do not include capital gains. Estimates for 1933-1994 come from Dell et al. (2007), and estimates for 1995-2008 come from Foellmi and Martínez (2012). Until 1995 the population control is the number of individuals aged 20+ minus one half of married men and women; from 1996 the population control is the number of Individuals aged 18+ minus one half of married men and women. Series updated by R. Foellmi and I. Martínez.","For all years between 1934 and 1994, estimates relate to income averaged over the year shown and the following year. Estimates do not include capital gains. Estimates for 1933-1994 come from Dell et al. (2007), and estimates for 1995-2008 come from Foellmi and Martínez (2012). Until 1995 the population control is the number of individuals aged 20+ minus one half of married men and women; from 1996 the population control is the number of Individuals aged 18+ minus one half of married men and women. Series updated by R. Foellmi and I. Martínez.","For all years between 1934 and 1994, estimates relate to income averaged over the year shown and the following year. Estimates do not include capital gains. Estimates for 1933-1994 come from Dell et al. (2007), and estimates for 1995-2008 come from Foellmi and Martínez (2012). Until 1995 the population control is the number of individuals aged 20+ minus one half of married men and women; from 1996 the population control is the number of Individuals aged 18+ minus one half of married men and women. Series updated by R. Foellmi and I. Martínez.","For all years between 1934 and 1994, estimates relate to income averaged over the year shown and the following year. Estimates do not include capital gains. Estimates for 1933-1994 come from Dell et al. (2007), and estimates for 1995-2008 come from Foellmi and Martínez (2012). Until 1995 the population control is the number of individuals aged 20+ minus one half of married men and women; from 1996 the population control is the number of Individuals aged 18+ minus one half of married men and women. Series updated by R. Foellmi and I. Martínez.","For all years between 1934 and 1994, estimates relate to income averaged over the year shown and the following year. Estimates do not include capital gains. Estimates for 1933-1994 come from Dell et al. (2007), and estimates for 1995-2008 come from Foellmi and Martínez (2012). Until 1995 the population control is the number of individuals aged 20+ minus one half of married men and women; from 1996 the population control is the number of Individuals aged 18+ minus one half of married men and women. Series updated by R. Foellmi and I. Martínez.","For all years between 1934 and 1994, estimates relate to income averaged over the year shown and the following year. Estimates do not include capital gains. Estimates for 1933-1994 come from Dell et al. (2007), and estimates for 1995-2008 come from Foellmi and Martínez (2012). Until 1995 the population control is the number of individuals aged 20+ minus one half of married men and women; from 1996 the population control is the number of Individuals aged 18+ minus one half of married men and women. Series updated by R. Foellmi and I. Martínez.","For all years between 1934 and 1994, estimates relate to income averaged over the year shown and the following year. Estimates do not include capital gains. Estimates for 1933-1994 come from Dell et al. (2007), and estimates for 1995-2008 come from Foellmi and Martínez (2012). Until 1995 the population control is the number of individuals aged 20+ minus one half of married men and women; from 1996 the population control is the number of Individuals aged 18+ minus one half of married men and women. Series updated by R. Foellmi and I. Martínez.","For all years between 1934 and 1994, estimates relate to income averaged over the year shown and the following year. Estimates do not include capital gains. Estimates for 1933-1994 come from Dell et al. (2007), and estimates for 1995-2008 come from Foellmi and Martínez (2012). Until 1995 the population control is the number of individuals aged 20+ minus one half of married men and women; from 1996 the population control is the number of Individuals aged 18+ minus one half of married men and women. Series updated by R. Foellmi and I. Martínez.","For all years between 1934 and 1994, estimates relate to income averaged over the year shown and the following year. Estimates do not include capital gains. Estimates for 1933-1994 come from Dell et al. (2007), and estimates for 1995-2008 come from Foellmi and Martínez (2012). Until 1995 the population control is the number of individuals aged 20+ minus one half of married men and women; from 1996 the population control is the number of Individuals aged 18+ minus one half of married men and women. Series updated by R. Foellmi and I. Martínez.","For all years between 1934 and 1994, estimates relate to income averaged over the year shown and the following year. Estimates do not include capital gains. Estimates for 1933-1994 come from Dell et al. (2007), and estimates for 1995-2008 come from Foellmi and Martínez (2012). Until 1995 the population control is the number of individuals aged 20+ minus one half of married men and women; from 1996 the population control is the number of Individuals aged 18+ minus one half of married men and women. Series updated by R. Foellmi and I. Martínez.","For all years between 1934 and 1994, estimates relate to income averaged over the year shown and the following year. Estimates do not include capital gains. Estimates for 1933-1994 come from Dell et al. (2007), and estimates for 1995-2008 come from Foellmi and Martínez (2012). Until 1995 the population control is the number of individuals aged 20+ minus one half of married men and women; from 1996 the population control is the number of Individuals aged 18+ minus one half of married men and women. Series updated by R. Foellmi and I. Martínez.","For all years between 1934 and 1994, estimates relate to income averaged over the year shown and the following year. Estimates do not include capital gains. Estimates for 1933-1994 come from Dell et al. (2007), and estimates for 1995-2008 come from Foellmi and Martínez (2012). Until 1995 the population control is the number of individuals aged 20+ minus one half of married men and women; from 1996 the population control is the number of Individuals aged 18+ minus one half of married men and women. Series updated by R. Foellmi and I. Martínez.","For all years between 1934 and 1994, estimates relate to income averaged over the year shown and the following year. Estimates do not include capital gains. Estimates for 1933-1994 come from Dell et al. (2007), and estimates for 1995-2008 come from Foellmi and Martínez (2012). Until 1995 the population control is the number of individuals aged 20+ minus one half of married men and women; from 1996 the population control is the number of Individuals aged 18+ minus one half of married men and women. Series updated by R. Foellmi and I. Martínez.",,,,,,,,,,,,,,,,,,,,,,,,,,,,,,,,,,,,,,,,,,,,,,,,,,,,,,,,,,,,,,,,,,,,,,,,,,,,,,,,,"Until 1995, individuals aged 20+; from 1996, individuals aged 18+.","Until 1995, individuals aged 20+ minus one half of married men and women; from 1996, individuals aged 18+ minus one half of married men and women.","For all years between 1934 and 1997, each tax year corresponds to that year and the following.",,,,"Tax units are: until 1995, individuals aged 20+ minus one half of married men and women; from 1996, individuals aged 18+ minus one half of married men and women.",,"Adults are: until 1995, individuals aged 20+; from 1996, individuals aged 18+ (this creates a break in the series).",,,,,,,,,,,,,,,,,,,,,,,,,,,,,,,,,,,,,"The Pareto-Lorenz a coefficients were computed using the top shares estimates. As a rule they were estimated from the top 0.1% share within the top 1% share: a=1/[1-log(S1%/S0.1%)/log(10)]. When the top 0.1% and top 1% shares were not available, the closest substitutes were used.","The inverted Pareto-Lorenz b coefficients were computed from the Pareto-Lorenz coefficients using the formula b=a/(a-1). Alternatively they can be computed by using directly the top income shares series and the formula: b=1/[log(S1%/S0.1%)/log(10)].","I keep here thresholds in nominal terms; from Foellmi and Martínez (2012) for 1995-2008"
"Units","%","%","%","%","%","%","%","%","%","%","%","%","%","%","%","%","%","%","%","%","%","%","%","%","%","%","%","%","%","%","%","%","%","%","%","%","%","%","%","%","%","%","%","%","%","%","%","%","%","%","%","%","%","%","%","%","%","%","%","%","%","%","%","%","%","%","%","%","%","%","%","%","%","%","%","%","%","%","%","%","%","%","%","%","%","%","%","%","%","%","%","%","%","%","Thousand","Thousand","Thousand","Nominal million CHF",,"2010=1.00","Real 2010 CHF","Real 2010 CHF","Real 2010 CHF","Real 2010 CHF","Real 2010 CHF","Real 2010 CHF","Real 2010 CHF","Real 2010 CHF","Real 2010 CHF","Real 2010 CHF","Real 2010 CHF","Real 2010 CHF","Real 2010 CHF","Real 2010 CHF","Real 2010 CHF","Real 2010 CHF","Real 2010 CHF","Real 2010 CHF","Real 2010 CHF","Real 2010 CHF","Real 2010 CHF",,,,,,,,,,,,,,,,,,,,,
"Data/No Data","1","1","1","1","1","0","1","1","1","1","1","0","0","1","0","0","0","0","0","0","0","0","0","0","0","0","0","0","0","0","0","0","0","0","0","0","0","0","0","0","0","0","0","0","0","0","0","0","0","0","0","0","0","0","0","0","0","0","0","0","0","0","0","0","0","0","0","0","0","0","0","0","0","0","0","0","0","0","0","0","0","0","0","0","0","0","0","0","0","0","0","0","0","0","1","1","1","1","0","1","1","0","1","1","1","1","1","1","1","1","1","1","1","1","1","1","1","1","1","1","1","0","0","0","0","0","0","0","0","0","0","0","0","0","0","0","0","0","0","1","1",
"Download/No Downloand","1","1","1","1","1","1","1","1","1","1","1","1","1","1","1","1","1","1","1","1","1","1","1","1","1","1","1","1","1","1","1","1","1","1","1","1","1","1","1","1","1","1","1","1","1","1","1","1","1","1","1","1","1","1","1","1","1","1","1","1","1","1","1","1","1","1","1","1","1","1","1","1","1","1","1","1","1","1","1","1","1","1","1","1","1","1","1","1","1","1","1","1","1","1","1","1","1","1","1","1","1","1","1","1","1","1","1","1","1","1","1","1","1","1","1","1","1","1","1","1","1","1","1","1","1","1","1","1","1","1","1","1","1","1","1","1","1","1","1","1","1",
"Keep decimals","2","2","2","2","2","2","2","2","2","2","2","2","2","2","2","2","2","2","2","2","2","2","2","2","2","2","2","2","2","2","2","2","2","2","2","2","2","2","2","2","2","2","2","2","2","2","2","2","2","2","2","2","2","2","2","2","2","2","2","2","2","2","2","2","2","2","2","2","2","2","2","2","2","2","2","2","2","2","2","2","2","2","2","2","2","2","2","2","2","2","2","2","2","2","3","3","3","5","5","7","2","2","2","2","2","2","2","2","2","2","2","2","2","2","2","2","2","2","2","2","2","2","2","2","2","2","2","2","2","2","2","2","2","2","2","2","2","2","2","3","3",
"Show decimals","2","2","2","2","2","2","2","2","2","2","2","2","2","2","2","2","2","2","2","2","2","2","2","2","2","2","2","2","2","2","2","2","2","2","2","2","2","2","2","2","2","2","2","2","2","2","2","2","2","2","2","2","2","2","2","2","2","2","2","2","2","2","2","2","2","2","2","2","2","2","2","2","2","2","2","2","2","2","2","2","2","2","2","2","2","2","2","2","2","2","2","2","2","2","0","0","0","0","0","5","0","0","0","0","0","0","0","0","0","0","0","0","0","0","0","0","0","0","0","0","0","0","0","0","0","0","0","0","0","0","0","0","0","0","0","0","0","0","0","2","2",
"Category","Top income shares","Top income shares","Top income shares","Top income shares","Top income shares","Top income shares","Top income shares","Top income shares","Top income shares","Top income shares","Top income shares","Top income shares","Top income shares","Top income shares","Top income shares","Top income shares","Top income shares","Top income shares","Top income shares","Top income shares","Top income shares","Top income shares","Top income shares","Top income shares","Top income shares","Top income shares","Top income shares","Top income shares","Top groups income composition","Top groups income composition","Top groups income composition","Top groups income composition","Top groups income composition","Top groups income composition","Top groups income composition","Top groups income composition","Top groups income composition","Top groups income composition","Top groups income composition","Top groups income composition","Top groups income composition","Top groups income composition","Top groups income composition","Top groups income composition","Top groups income composition","Top groups income composition","Top groups income composition","Top groups income composition","Top groups income composition","Top groups income composition","Top groups income composition","Top groups income composition","Top groups income composition","Top groups income composition","Top groups income composition","Top groups income composition","Top groups income composition","Top groups income composition","Top groups income composition","Top groups income composition","Top groups income composition","Top groups income composition","Top groups income composition","Top groups income composition","Top groups income composition","Top groups income composition","Top groups income composition","Top groups income composition","Top groups income composition","Top groups income composition","Top groups income composition","Top groups income composition","Top groups income composition","Top groups income composition","Top groups income composition","Top groups income composition","Top groups income composition","Top groups income composition","Top groups income composition","Top groups income composition","Top groups income composition","Top groups income composition","Top groups income composition","Top groups income composition","Top groups income composition","Top groups income composition","Top groups income composition","Top groups income composition","Top groups income composition","Top groups income composition","Top groups income composition","Top groups income composition","Top groups income composition","Top groups income composition","Population units","Population units","Population units","Income","Income","Price index","Average incomes","Average incomes","Average incomes","Average incomes","Average incomes","Average incomes","Average incomes","Average incomes","Average incomes","Average incomes","Average incomes","Average incomes","Average incomes","Average incomes","Average incomes","Average incomes","Average incomes","Average incomes","Average incomes","Average incomes","Average incomes","Average incomes","Average incomes","Average incomes","Average incomes","Average incomes","Average incomes","Average incomes","Average incomes","Average incomes","Average incomes","Average incomes","Average incomes","Average incomes","Average incomes","Average incomes","Average incomes","Average incomes","Average incomes","Pareto-Lorenz coefficients","Pareto-Lorenz coefficients",
"Subcategory","Top income shares","Top income shares","Top income shares","Top income shares","Top income shares","Top income shares","Top income shares","Top income shares","Top income shares","Top income shares","Top income shares","Top income shares","Top income shares","Top income shares","Top income shares including capital gains","Top income shares including capital gains","Top income shares including capital gains","Top income shares including capital gains","Top income shares including capital gains","Top income shares including capital gains","Top income shares including capital gains","Top income shares including capital gains","Top income shares including capital gains","Top income shares including capital gains","Top income shares including capital gains","Top income shares including capital gains","Top income shares including capital gains","Top income shares including capital gains","Top composition","Top composition","Top composition","Top composition","Top composition","Top composition","Top composition","Top composition","Top composition","Top composition","Top composition","Top composition","Top composition","Top composition","Top composition","Top composition","Top composition","Top composition","Top composition","Top composition","Top composition","Top composition","Top composition","Top composition","Top composition","Top composition","Top composition","Top composition","Top composition","Top composition","Top composition","Top composition","Top composition","Top composition","Top composition","Top composition","Top composition","Top composition","Top composition","Top composition","Top composition","Top composition","Top composition","Top composition","Top composition","Top composition","Top composition","Top composition","Top composition","Top composition","Top composition","Top composition","Top composition","Top composition","Top composition","Top composition","Top composition","Top composition","Top composition","Top composition","Top composition","Top composition","Top composition","Top composition","Top composition","Top composition","Number of adults","Number of tax units","Number of tax returns","Fiscal income control","Fiscal income control-incl. capital gains","Price index","Average income per tax unit","Average income per tax unit-including capital gains","Average income per adult","Fractiles income levels","Fractiles income levels","Fractiles income levels","Fractiles income levels","Fractiles income levels","Fractiles income levels","Fractiles income levels","Fractiles income levels","Fractiles income levels","Fractiles income levels","Fractiles income levels","Fractiles income levels","Fractiles income levels","Fractiles income levels","Fractiles income levels","Fractiles income levels","Fractiles income levels","Fractiles income levels","Fractiles income levels-including capital gains","Fractiles income levels-including capital gains","Fractiles income levels-including capital gains","Fractiles income levels-including capital gains","Fractiles income levels-including capital gains","Fractiles income levels-including capital gains","Fractiles income levels-including capital gains","Fractiles income levels-including capital gains","Fractiles income levels-including capital gains","Fractiles income levels-including capital gains","Fractiles income levels-including capital gains","Fractiles income levels-including capital gains","Fractiles income levels-including capital gains","Fractiles income levels-including capital gains","Fractiles income levels-including capital gains","Fractiles income levels-including capital gains","Fractiles income levels-including capital gains","Fractiles income levels-including capital gains","Pareto-Lorenz coefficient","Inverted Pareto-Lorenz coefficient",
,,,,,,,,,,,,,,,,,,,,,,,,,,,,,"Top 10% income composition",,,,,,"Top 5% income composition",,,,,,"Top 1% income composition",,,,,,"Top 0.5% income composition",,,,,,"Top 0.1% income composition",,,,,,"Top 0.01% income composition",,,,,,"Top 10-5% income composition",,,,,,"Top 5-1% income composition",,,,,,"Top 1-0.5% income composition",,,,,,"Top 0.5-0.1% income composition",,,,,,"Top 0.1-0.01% income composition",,,,,,,,,,,,,,,,,,,,,,,,,,,,,,,,,,,,,,,,,,,,,,,,,,,,,
"Variable","Top 10% income share","Top 5% income share","Top 1% income share","Top 0.5% income share","Top 0.1% income share","Top 0.05% income share","Top 0.01% income share","Top 10-5% income share","Top 5-1% income share","Top 1-0.5% income share","Top 0.5-0.1% income share","Top 0.1-0.05% income share","Top 0.05-0.01% income share","Top 0.1-0.01% income share","Top 10% income share-including capital gains","Top 5% income share-including capital gains","Top 1% income share-including capital gains","Top 0.5% income share-including capital gains","Top 0.1% income share-including capital gains","Top 0.05% income share-including capital gains","Top 0.01% income share-including capital gains","Top 10-5% income share-including capital gains","Top 5-1% income share-including capital gains","Top 1-0.5% income share-including capital gains","Top 0.5-0.1% income share-including capital gains","Top 0.1-0.05% income share-including capital gains","Top 0.05-0.01% income share-including capital gains","Top 0.1-0.01% income share-including capital gains","Top 10% income composition","Top 10% income composition","Top 10% income composition","Top 10% income composition","Top 10% income composition","Top 10% income composition","Top 5% income composition","Top 5% income composition","Top 5% income composition","Top 5% income composition","Top 5% income composition","Top 5% income composition","Top 1% income composition","Top 1% income composition","Top 1% income composition","Top 1% income composition","Top 1% income composition","Top 1% income composition","Top 0.5% income composition","Top 0.5% income composition","Top 0.5% income composition","Top 0.5% income composition","Top 0.5% income composition","Top 0.5% income composition","Top 0.1% income composition","Top 0.1% income composition","Top 0.1% income composition","Top 0.1% income composition","Top 0.1% income composition","Top 0.1% income composition","Top 0.01% income composition","Top 0.01% income composition","Top 0.01% income composition","Top 0.01% income composition","Top 0.01% income composition","Top 0.01% income composition","Top 10-5% income composition","Top 10-5% income composition","Top 10-5% income composition","Top 10-5% income composition","Top 10-5% income composition","Top 10-5% income composition","Top 5-1% income composition","Top 5-1% income composition","Top 5-1% income composition","Top 5-1% income composition","Top 5-1% income composition","Top 5-1% income composition","Top 1-0.5% income composition","Top 1-0.5% income composition","Top 1-0.5% income composition","Top 1-0.5% income composition","Top 1-0.5% income composition","Top 1-0.5% income composition","Top 0.5-0.1% income composition","Top 0.5-0.1% income composition","Top 0.5-0.1% income composition","Top 0.5-0.1% income composition","Top 0.5-0.1% income composition","Top 0.5-0.1% income composition","Top 0.1-0.01% income composition","Top 0.1-0.01% income composition","Top 0.1-0.01% income composition","Top 0.1-0.01% income composition","Top 0.1-0.01% income composition","Top 0.1-0.01% income composition","Number of adults","Number of tax units","Number of tax returns","Fiscal income control","Fiscal income control-incl. capital gains","Price index","Average income per tax unit","Average income per tax unit-including capital gains","Average income per adult","Top 10% average income","Top 5% average income","Top 1% average income","Top 0.5% average income","Top 0.1% average income","Top 0.01% average income","Bottom 90% average income","Top 10-5% average income","Top 5-1% average income","Top 1-0.5% average income","Top 0.5-0.1% average income","Top 0.1-0.01% average income","P90 income threshold","P95 income threshold","P99 income threshold","P99.5 income threshold","P99.9 income threshold","P99.99 income threshold","Top 10% average income-including capital gains","Top 5% average income-including capital gains","Top 1% average income-including capital gains","Top 0.5% average income-including capital gains","Top 0.1% average income-including capital gains","Top 0.01% average income-including capital gains","Bottom 90% average income-including capital gains","Top 10-5% average income-including capital gains","Top 5-1% average income-including capital gains","Top 1-0.5% average income-including capital gains","Top 0.5-0.1% average income-including capital gains","Top 0.1-0.01% average income-including capital gains","P90 income-including capital gains threshold","P95 income-including capital gains threshold","P99 income-including capital gains threshold","P99.5 income-including capital gains threshold","P99.9 income-including capital gains threshold","P99.99 income-including capital gains threshold","Pareto-Lorenz coefficient","Inverted Pareto-Lorenz coefficient",
"Subvariable",,,,,,,,,,,,,,,,,,,,,,,,,,,,,,,,,,,,,,,,,,,,,,,,,,,,,,,,,,,,,,,,,,,,,,,,,,,,,,,,,,,,,,,,,,,,,,,,,,,,,,,,,,,,,,,,,,,,,,,,,,,,,,,,,,,,,,,,,,,,,,
"1900",,,,,,,,,,,,,,,,,,,,,,,,,,,,,,,,,,,,,,,,,,,,,,,,,,,,,,,,,,,,,,,,,,,,,,,,,,,,,,,,,,,,,,,,,,,,,,,,,,,,,,,,,,,,,,,,,,,,,,,,,,,,,,,,,,,,,,,,,,,,,,
"1901",,,,,,,,,,,,,,,,,,,,,,,,,,,,,,,,,,,,,,,,,,,,,,,,,,,,,,,,,,,,,,,,,,,,,,,,,,,,,,,,,,,,,,,,,,,,,,,"1996.61","1447.2",,"2135.2142700131826",,"8.0905877004813567E-2","18236.136717851612",,"13218.073163048797",,,,,,,,,,,,,,,,,,,,,,,,,,,,,,,,,,,,,,,
"1902",,,,,,,,,,,,,,,,,,,,,,,,,,,,,,,,,,,,,,,,,,,,,,,,,,,,,,,,,,,,,,,,,,,,,,,,,,,,,,,,,,,,,,,,,,,,,,,"2021.82","1463.85",,"2170.2664797880238",,"8.0905877004813567E-2","18324.680689070992",,"13267.543019010876",,,,,,,,,,,,,,,,,,,,,,,,,,,,,,,,,,,,,,,
"1903",,,,,,,,,,,,,,,,,,,,,,,,,,,,,,,,,,,,,,,,,,,,,,,,,,,,,,,,,,,,,,,,,,,,,,,,,,,,,,,,,,,,,,,,,,,,,,,"2047.03","1480.5",,"2230.0838046391505",,"8.1880602540935418E-2","18396.353325639102",,"13305.032705240612",,,,,,,,,,,,,,,,,,,,,,,,,,,,,,,,,,,,,,,
"1904",,,,,,,,,,,,,,,,,,,,,,,,,,,,,,,,,,,,,,,,,,,,,,,,,,,,,,,,,,,,,,,,,,,,,,,,,,,,,,,,,,,,,,,,,,,,,,,"2072.2399999999998","1497.15",,"2263.1532598171366",,"8.1880602540935418E-2","18461.527038006177",,"13338.066635597688",,,,,,,,,,,,,,,,,,,,,,,,,,,,,,,,,,,,,,,
"1905",,,,,,,,,,,,,,,,,,,,,,,,,,,,,,,,,,,,,,,,,,,,,,,,,,,,,,,,,,,,,,,,,,,,,,,,,,,,,,,,,,,,,,,,,,,,,,,"2097.4499999999998","1513.8",,"2360.0627021772243",,"8.2855328077057255E-2","18816.316055941861",,"13580.366275946883",,,,,,,,,,,,,,,,,,,,,,,,,,,,,,,,,,,,,,,
"1906",,,,,,,,,,,,,,,,,,,,,,,,,,,,,,,,,,,,,,,,,,,,,,,,,,,,,,,,,,,,,,,,,,,,,,,,,,,,,,,,,,,,,,,,,,,,,,,"2122.66","1530.45",,"2409.9865181615937",,"8.4804779149300874E-2","18568.428080209131",,"13387.942843110091",,,,,,,,,,,,,,,,,,,,,,,,,,,,,,,,,,,,,,,
"1907",,,,,,,,,,,,,,,,,,,,,,,,,,,,,,,,,,,,,,,,,,,,,,,,,,,,,,,,,,,,,,,,,,,,,,,,,,,,,,,,,,,,,,,,,,,,,,,"2147.87","1547.1",,"2554.0053739320133",,"8.8703681293788195E-2","18610.660073310639",,"13405.165209914421",,,,,,,,,,,,,,,,,,,,,,,,,,,,,,,,,,,,,,,
"1908",,,,,,,,,,,,,,,,,,,,,,,,,,,,,,,,,,,,,,,,,,,,,,,,,,,,,,,,,,,,,,,,,,,,,,,,,,,,,,,,,,,,,,,,,,,,,,,"2173.08","1563.75",,"2644.0847746696991",,"9.0653132366031813E-2","18651.992737638193",,"13421.987981796216",,,,,,,,,,,,,,,,,,,,,,,,,,,,,,,,,,,,,,,
"1909",,,,,,,,,,,,,,,,,,,,,,,,,,,,,,,,,,,,,,,,,,,,,,,,,,,,,,,,,,,,,,,,,,,,,,,,,,,,,,,,,,,,,,,,,,,,,,,"2198.29","1580.4",,"2705.5107333874944",,"9.1628772278829165E-2","18683.161703622394",,"13431.744108559305",,,,,,,,,,,,,,,,,,,,,,,,,,,,,,,,,,,,,,,
"1910",,,,,,,,,,,,,,,,,,,,,,,,,,,,,,,,,,,,,,,,,,,,,,,,,,,,,,,,,,,,,,,,,,,,,,,,,,,,,,,,,,,,,,,,,,,,,,,"2223.5","1597.05",,"2795.3411433134756",,"9.3577308974397311E-2","18704.484855319635",,"13434.673954660771",,,,,,,,,,,,,,,,,,,,,,,,,,,,,,,,,,,,,,,
"1911",,,,,,,,,,,,,,,,,,,,,,,,,,,,,,,,,,,,,,,,,,,,,,,,,,,,,,,,,,,,,,,,,,,,,,,,,,,,,,,,,,,,,,,,,,,,,,,"2242.16","1611.47",,"2918.1511090571448",,"9.6502399959438323E-2","18764.95114192706",,"13486.618179202733",,,,,,,,,,,,,,,,,,,,,,,,,,,,,,,,,,,,,,,
"1912",,,,,,,,,,,,,,,,,,,,,,,,,,,,,,,,,,,,,,,,,,,,,,,,,,,,,,,,,,,,,,,,,,,,,,,,,,,,,,,,,,,,,,,,,,,,,,,"2260.8200000000002","1625.89",,"3010.3564829558163",,"9.8451851031681956E-2","18806.279288817037",,"13524.712906332541",,,,,,,,,,,,,,,,,,,,,,,,,,,,,,,,,,,,,,,
"1913",,,,,,,,,,,,,,,,,,,,,,,,,,,,,,,,,,,,,,,,,,,,,,,,,,,,,,,,,,,,,,,,,,,,,,,,,,,,,,,,,,,,,,,,,,,,,,,"2279.48","1640.31",,"3011.3031086494639",,"9.747621111888459E-2","18833.450721143374",,"13552.519676592332",,,,,,,,,,,,,,,,,,,,,,,,,,,,,,,,,,,,,,,
"1914",,,,,,,,,,,,,,,,,,,,,,,,,,,,,,,,,,,,,,,,,,,,,,,,,,,,,,,,,,,,,,,,,,,,,,,,,,,,,,,,,,,,,,,,,,,,,,,"2298.14","1654.73",,"2988.3980220136709",,"9.747621111888459E-2","18527.322435782993",,"13340.230035665012",,,,,,,,,,,,,,,,,,,,,,,,,,,,,,,,,,,,,,,
"1915",,,,,,,,,,,,,,,,,,,,,,,,,,,,,,,,,,,,,,,,,,,,,,,,,,,,,,,,,,,,,,,,,,,,,,,,,,,,,,,,,,,,,,,,,,,,,,,"2316.8000000000002","1669.15",,"3365.0114803716215",,"0.10830791721728905","18613.625813183542",,"13410.278628312893",,,,,,,,,,,,,,,,,,,,,,,,,,,,,,,,,,,,,,,
"1916",,,,,,,,,,,,,,,,,,,,,,,,,,,,,,,,,,,,,,,,,,,,,,,,,,,,,,,,,,,,,,,,,,,,,,,,,,,,,,,,,,,,,,,,,,,,,,,"2335.46","1683.57",,"3881.8188852468807",,"0.12532721027904845","18397.496019569815",,"13262.257702408582",,,,,,,,,,,,,,,,,,,,,,,,,,,,,,,,,,,,,,,
"1917",,,,,,,,,,,,,,,,,,,,,,,,,,,,,,,,,,,,,,,,,,,,,,,,,,,,,,,,,,,,,,,,,,,,,,,,,,,,,,,,,,,,,,,,,,,,,,,"2354.12","1697.99",,"4305.5496263146069",,"0.15627246010922752","16225.983202558695",,"11703.548339979541",,,,,,,,,,,,,,,,,,,,,,,,,,,,,,,,,,,,,,,
"1918",,,,,,,,,,,,,,,,,,,,,,,,,,,,,,,,,,,,,,,,,,,,,,,,,,,,,,,,,,,,,,,,,,,,,,,,,,,,,,,,,,,,,,,,,,,,,,,"2372.7800000000002","1712.41",,"5405.2361082260113",,"0.19650046194945237","16063.616905235012",,"11592.940864594901",,,,,,,,,,,,,,,,,,,,,,,,,,,,,,,,,,,,,,,
"1919",,,,,,,,,,,,,,,,,,,,,,,,,,,,,,,,,,,,,,,,,,,,,,,,,,,,,,,,,,,,,,,,,,,,,,,,,,,,,,,,,,,,,,,,,,,,,,,"2391.44","1726.83",,"6277.9421821215137",,"0.21352066938788733","17026.594940855339",,"12294.69898543021",,,,,,,,,,,,,,,,,,,,,,,,,,,,,,,,,,,,,,,
"1920",,,,,,,,,,,,,,,,,,,,,,,,,,,,,,,,,,,,,,,,,,,,,,,,,,,,,,,,,,,,,,,,,,,,,,,,,,,,,,,,,,,,,,,,,,,,,,,"2410.1","1741.25",,"6792.2971352678969",,"0.21738711116039303","17944.103086720424",,"12964.262686092668",,,,,,,,,,,,,,,,,,,,,,,,,,,,,,,,,,,,,,,
"1921",,,,,,,,,,,,,,,,,,,,,,,,,,,,,,,,,,,,,,,,,,,,,,,,,,,,,,,,,,,,,,,,,,,,,,,,,,,,,,,,,,,,,,,,,,,,,,,"2439.58","1761.11",,"5815.8101192078047",,"0.19084412783458407","17303.937354802765",,"12491.550641879627",,,,,,,,,,,,,,,,,,,,,,,,,,,,,,,,,,,,,,,
"1922",,,,,,,,,,,,,,,,,,,,,,,,,,,,,,,,,,,,,,,,,,,,,,,,,,,,,,,,,,,,,,,,,,,,,,,,,,,,,,,,,,,,,,,,,,,,,,,"2469.06","1780.97",,"5456.630600260457",,"0.16313714300081719","18780.843681089398",,"13546.904154094995",,,,,,,,,,,,,,,,,,,,,,,,,,,,,,,,,,,,,,,
"1923",,,,,,,,,,,,,,,,,,,,,,,,,,,,,,,,,,,,,,,,,,,,,,,,,,,,,,,,,,,,,,,,,,,,,,,,,,,,,,,,,,,,,,,,,,,,,,,"2498.54","1800.83",,"5529.1736129775309",,"0.15664003953279315","19601.293233850149",,"14127.689328293467",,,,,,,,,,,,,,,,,,,,,,,,,,,,,,,,,,,,,,,
"1924",,,,,,,,,,,,,,,,,,,,,,,,,,,,,,,,,,,,,,,,,,,,,,,,,,,,,,,,,,,,,,,,,,,,,,,,,,,,,,,,,,,,,,,,,,,,,,,"2528.02","1820.69",,"5903.2204106911568",,"0.16175186233737954","20044.891157858532",,"14436.409871045897",,,,,,,,,,,,,,,,,,,,,,,,,,,,,,,,,,,,,,,
"1925",,,,,,,,,,,,,,,,,,,,,,,,,,,,,,,,,,,,,,,,,,,,,,,,,,,,,,,,,,,,,,,,,,,,,,,,,,,,,,,,,,,,,,,,,,,,,,,"2557.5","1840.55",,"6272.6542680424009",,"0.16074833393597837","21201.044165185995",,"15257.705508595536",,,,,,,,,,,,,,,,,,,,,,,,,,,,,,,,,,,,,,,
"1926",,,,,,,,,,,,,,,,,,,,,,,,,,,,,,,,,,,,,,,,,,,,,,,,,,,,,,,,,,,,,,,,,,,,,,,,,,,,,,,,,,,,,,,,,,,,,,,"2586.98","1860.41",,"6357.3486574831632",,"0.15601917777010393","21902.282694217978",,"15750.88549086196",,,,,,,,,,,,,,,,,,,,,,,,,,,,,,,,,,,,,,,
"1927",,,,,,,,,,,,,,,,,,,,,,,,,,,,,,,,,,,,,,,,,,,,,,,,,,,,,,,,,,,,,,,,,,,,,,,,,,,,,,,,,,,,,,,,,,,,,,,"2616.46","1880.27",,"6529.0893463786388",,"0.15300950694257584","22694.153034645682",,"16308.728253614898",,,,,,,,,,,,,,,,,,,,,,,,,,,,,,,,,,,,,,,
"1928",,,,,,,,,,,,,,,,,,,,,,,,,,,,,,,,,,,,,,,,,,,,,,,,,,,,,,,,,,,,,,,,,,,,,,,,,,,,,,,,,,,,,,,,,,,,,,,"2645.94","1900.13",,"6876.5047863804039",,"0.15386947820591781","23519.709524171816",,"16890.218847806296",,,,,,,,,,,,,,,,,,,,,,,,,,,,,,,,,,,,,,,
"1929",,,,,,,,,,,,,,,,,,,,,,,,,,,,,,,,,,,,,,,,,,,,,,,,,,,,,,,,,,,,,,,,,,,,,,,,,,,,,,,,,,,,,,,,,,,,,,,"2675.42","1919.99",,"7224.9477479276675",,"0.15372637825619634","24478.643551129291",,"17566.868316650365",,,,,,,,,,,,,,,,,,,,,,,,,,,,,,,,,,,,,,,
"1930",,,,,,,,,,,,,,,,,,,,,,,,,,,,,,,,,,,,,,,,,,,,,,,,,,,,,,,,,,,,,,,,,,,,,,,,,,,,,,,,,,,,,,,,,,,,,,,"2704.9","1939.85",,"7172.9697065756691",,"0.15133756919135744","24433.410613760047",,"17522.700129062967",,,,,,,,,,,,,,,,,,,,,,,,,,,,,,,,,,,,,,,
"1931",,,,,,,,,,,,,,,,,,,,,,,,,,,,,,,,,,,,,,,,,,,,,,,,,,,,,,,,,,,,,,,,,,,,,,,,,,,,,,,,,,,,,,,,,,,,,,,"2730.0545454545454","1955.0772727272729",,"6586.3603827459829",,"0.14350318983536139","23475.778766572017",,"16811.737920224132",,,,,,,,,,,,,,,,,,,,,,,,,,,,,,,,,,,,,,,
"1932",,,,,,,,,,,,,,,,,,,,,,,,,,,,,,,,,,,,,,,,,,,,,,,,,,,,,,,,,,,,,,,,,,,,,,,,,,,,,,,,,,,,,,,,,,,,,,,"2755.2090909090912","1970.3045454545459",,"5814.1151969448765",,"0.13285024437702436","22212.012819794003",,"15884.24993476431",,,,,,,,,,,,,,,,,,,,,,,,,,,,,,,,,,,,,,,
"1933","31.16","21.92","9.9789999999999992","7.19","3.2669999999999999",,"0.94","9.2399999999999984","11.941000000000003","2.7889999999999988","3.9230000000000005",,,"2.327",,,,,,,,,,,,,,,,,,,,,,,,,,,,,,,,,,,,,,,,,,,,,,,,,,,,,,,,,,,,,,,,,,,,,,,,,,,,,,,,,"2780.363636363636","1985.5318181818182","272.39999999999998","5858.6678038180162",,"0.12606694100955743","23405.655449343343",,"16714.602727595822","72932.022380153852","102610.39348992122","233565.03572899717","336573.3253615573","764662.76353004691","2200131.612238274","17902.725790364399","43253.651270386486","69871.732930152226","130556.74609643711","229550.96581943484","605166.22478468844",,,,,,,,,,,,,,,,,,,,,,,,,"1.9415134155550204","2.0621197568496692",
"1934","30.92","21.59","9.6890000000000001","6.94","3.1429999999999998",,"0.91","9.3300000000000018","11.901","2.7489999999999997","3.7970000000000006",,,"2.2329999999999997",,,,,,,,,,,,,,,,,,,,,,,,,,,,,,,,,,,,,,,,,,,,,,,,,,,,,,,,,,,,,,,,,,,,,,,,,,,,,,,,,"2805.5181818181818","2000.7590909090911","264.10000000000002","5791.838893508304",,"0.12410834617055838","23324.948079848098",,"16634.21831238841","72120.739462890313","100717.12580878408","225995.42194564818","323750.27934829163","733103.1181496256","2122570.275266177","17903.193481732294","43524.35311699655","69397.551774568055","128240.56454300482","221412.06964795812","578717.87847000884",,,,,,,,,,,,,,,,,,,,,,,,,"1.9566966397338552","2.0452634183790916",
"1935",,,,,,,,,,,,,,,,,,,,,,,,,,,,,,,,,,,,,,,,,,,,,,,,,,,,,,,,,,,,,,,,,,,,,,,,,,,,,,,,,,,,,,,,,,,,,,,"2830.6727272727267","2015.9863636363632",,"5710.1591142408806",,"0.12243595123100229","23134.049483782375",,"16475.916783191125",,,,,,,,,,,,,,,,,,,,,,,,,,,,,,,,,,,,,,,
"1936","30.47","21.46","9.9359999999999999","7.21","3.3490000000000006",,"0.98","9.009999999999998","11.524000000000001","2.726","3.8609999999999993",,,"2.3690000000000007",,,,,,,,,,,,,,,,,,,,,,,,,,,,,,,,,,,,,,,,,,,,,,,,,,,,,,,,,,,,,,,,,,,,,,,,,,,,,,,,,"2855.8272727272724","2031.2136363636362","271.5","5702.7336797620237",,"0.12492031265843473","22474.726960050873",,"15985.200614464607","68480.493047275013","96461.528112538363","223308.88707506546","324085.56276393362","752678.60589210398","2202523.2420849856","17362.975172581526","40499.457982011663","64749.688371906574","122532.21138619735","216937.30198189104","591584.75742622814",,,,,,,,,,,,,,,,,,,,,,,,,"1.8950033065525149","2.1173143078676708",
"1937",,,,,,,,,,,,,,,,,,,,,,,,,,,,,,,,,,,,,,,,,,,,,,,,,,,,,,,,,,,,,,,,,,,,,,,,,,,,,,,,,,,,,,,,,,,,,,,"2880.9818181818182","2046.4409090909096",,"6274.4921346339979",,"0.12960237842551897","23657.366534311321",,"16804.480462749507",,,,,,,,,,,,,,,,,,,,,,,,,,,,,,,,,,,,,,,
"1938",,,,,,,,,,,,,,,,,,,,,,,,,,,,,,,,,,,,,,,,,,,,,,,,,,,,,,,,,,,,,,,,,,,,,,,,,,,,,,,,,,,,,,,,,,,,,,,"2906.1363636363631","2061.6681818181814",,"6333.8956104648514",,"0.130939654313491","23462.859663241117",,"16644.99705775754",,,,,,,,,,,,,,,,,,,,,,,,,,,,,,,,,,,,,,,
"1939","32.94","23.77","11.783999999999999","8.7799999999999994","4.359",,"1.52","9.1699999999999982","11.986000000000001","3.0039999999999996","4.4209999999999994",,,"2.839",,,,,,,,,,,,,,,,,,,,,,,,,,,,,,,,,,,,,,,,,,,,,,,,,,,,,,,,,,,,,,,,,,,,,,,,,,,,,,,,,"2931.2909090909093","2076.8954545454549","677.23400000000004","6415.5753897322766",,"0.13275469201443077","23268.645192735319",,"16486.437181770743","76646.917264870135","110619.1392462637","274197.71495119296","408597.4095844322","1014280.2439513325","3536834.0692957691","17337.726073609228","42674.695283476562","69724.49532003139","139798.02031795378","257176.70099270708","733996.4855797285",,,,,,,,,,,,,,,,,,,,,,,,,"1.760271648778204","2.3153193356704174",
"1940",,,,,,,,,,,,,,,,,,,,,,,,,,,,,,,,,,,,,,,,,,,,,,,,,,,,,,,,,,,,,,,,,,,,,,,,,,,,,,,,,,,,,,,,,,,,,,,"2956.4454545454541","2092.1227272727269",,"6957.6321066888204",,"0.14527067994917328","22892.664022997513",,"16199.948020923463",,,,,,,,,,,,,,,,,,,,,,,,,,,,,,,,,,,,,,,
"1941",,,,,,,,,,,,,,,,,,,,,,,,,,,,,,,,,,,,,,,,,,,,,,,,,,,,,,,,,,,,,,,,,,,,,,,,,,,,,,,,,,,,,,,,,,,,,,,"2981.6","2107.35",,"7759.5790304053562",,"0.1658601567405647","22200.329364860016",,"15690.858628601338",,,,,,,,,,,,,,,,,,,,,,,,,,,,,,,,,,,,,,,
"1942",,,,,,,,,,,,,,,,,,,,,,,,,,,,,,,,,,,,,,,,,,,,,,,,,,,,,,,,,,,,,,,,,,,,,,,,,,,,,,,,,,,,,,,,,,,,,,,"3014.3666666666668","2124.5166666666669",,"8331.3374852773286",,"0.18434702436656006","21272.496109925869",,"14992.792027227171",,,,,,,,,,,,,,,,,,,,,,,,,,,,,,,,,,,,,,,
"1943","32.590000000000003","22.7","10.535","7.67","3.71",,"1.43","9.8900000000000041","12.164999999999999","2.8650000000000002","3.96",,,"2.2800000000000002",,,,,,,,,,,,,,,,,,,,,,,,,,,,,,,,,,,,,,,,,,,,,,,,,,,,,,,,,,,,,,,,,,,,,,,,,,,,,,,,,"3047.1333333333337","2141.6833333333338","1139.5","8992.2011538955849",,"0.19399689861183361","21642.925744850803",,"15211.770632173811","70534.295002468774","98258.882881622645","228008.22272200321","332002.48092601134","802952.54513396462","3094938.3815136645","16210.551382893251","42809.707123314911","65821.547921527497","124013.96451799512","214264.96487402296","548287.45220288704",,,,,,,,,,,,,,,,,,,,,,,,,"1.8290250446055911","2.2062361764664784",
"1944",,,,,,,,,,,,,,,,,,,,,,,,,,,,,,,,,,,,,,,,,,,,,,,,,,,,,,,,,,,,,,,,,,,,,,,,,,,,,,,,,,,,,,,,,,,,,,,"3079.9","2158.85",,"9400.6000502327079",,"0.19796163587695959","21996.423569457365",,"15418.350927927217",,,,,,,,,,,,,,,,,,,,,,,,,,,,,,,,,,,,,,,
"1945","33.24","23.36","10.486000000000001","7.5","3.4430000000000001",,"1.1000000000000001","9.8800000000000026","12.873999999999999","2.9860000000000007","4.0570000000000004",,,"2.343",,,,,,,,,,,,,,,,,,,,,,,,,,,,,,,,,,,,,,,,,,,,,,,,,,,,,,,,,,,,,,,,,,,,,,,,,,,,,,,,,"3112.6666666666665","2176.0166666666664","1366.5","10024.336546456683",,"0.19929936895326933","23114.659367479257",,"16159.097460256258","76833.127737501054","107991.68856486307","242380.31812738749","346719.89051218884","795837.72202231083","2542612.5304227183","17145.940659699056","45674.566910139016","74394.531174231975","138040.74574258615","234440.43263465838","601751.6322000433",,,,,,,,,,,,,,,,,,,,,,,,,"1.9367564974423039","2.0675132787766879",
"1946",,,,,,,,,,,,,,,,,,,,,,,,,,,,,,,,,,,,,,,,,,,,,,,,,,,,,,,,,,,,,,,,,,,,,,,,,,,,,,,,,,,,,,,,,,,,,,,"3145.4333333333334","2193.1833333333334",,"11004.493897665778",,"0.19915626900354788","25194.233810627811",,"17566.919350668824",,,,,,,,,,,,,,,,,,,,,,,,,,,,,,,,,,,,,,,
"1947","31.58","21.95","10.010999999999999","7.15","3.2610000000000001",,"1.03","9.629999999999999","11.939","2.8609999999999989","3.8890000000000002",,,"2.2309999999999999",,,,,,,,,,,,,,,,,,,,,,,,,,,,,,,,,,,,,,,,,,,,,,,,,,,,,,,,,,,,,,,,,,,,,,,,,,,,,,,,,"3178.2","2210.35","1203","12341.072103860004",,"0.20804172434807305","26837.459191349273",,"18664.708930715144","84752.696126281007","117816.4458500233","268669.80396459758","383775.66643629462","875169.54422989977","2764258.2967089745","20402.432865245748","51688.946402538691","80103.106321379746","153563.94149290049","260927.19698789335","665270.79395444691",,,,,,,,,,,,,,,,,,,,,,,,,"1.9497991551053433","2.052854168825923",
"1948",,,,,,,,,,,,,,,,,,,,,,,,,,,,,,,,,,,,,,,,,,,,,,,,,,,,,,,,,,,,,,,,,,,,,,,,,,,,,,,,,,,,,,,,,,,,,,,"3210.9666666666662","2227.5166666666664",,"12831.150779464551",,"0.21441721571825079","26864.885504302645",,"18636.749122982448",,,,,,,,,,,,,,,,,,,,,,,,,,,,,,,,,,,,,,,
"1949","32.29","22.22","9.875","7.13","3.2320000000000002",,"0.96","10.07","12.344999999999999","2.7450000000000001","3.8979999999999997",,,"2.2720000000000002",,,,,,,,,,,,,,,,,,,,,,,,,,,,,,,,,,,,,,,,,,,,,,,,,,,,,,,,,,,,,,,,,,,,,,,,,,,,,,,,,"3243.7333333333331","2244.6833333333329","963.1","12355.922972817716",,"0.21212350182766765","25949.63910348705",,"17957.309191552631","83791.384665159669","115320.19617589645","256252.68614693463","370041.85361572535","838692.33582470159","2491165.3539347569","19522.778485523424","52262.573154422913","80087.073683136899","142463.51867814391","252879.23306348131","655084.2227013621",,,,,,,,,,,,,,,,,,,,,,,,,"1.9419955154750794","2.0615761790497134",
"1950",,,,,,,,,,,,,,,,,,,,,,,,,,,,,,,,,,,,,,,,,,,,,,,,,,,,,,,,,,,,,,,,,,,,,,,,,,,,,,,,,,,,,,,,,,,,,,,"3276.5","2261.85",,"12987.084903520548",,"0.2086502420256425","27518.767987631378",,"18996.894665900818",,,,,,,,,,,,,,,,,,,,,,,,,,,,,,,,,,,,,,,
"1951","31.29","21.65","9.9097499999999989","7.18","3.3659999999999997",,"1.07","9.64","11.74025","2.7297499999999992","3.8140000000000001",,,"2.2959999999999994",,,,,,,,,,,,,,,,,,,,,,,,,,,,,,,,,,,,,,,,,,,,,,,,,,,,,,,,,,,,,,,,,,,,,,,,,,,,,,,,,"3321.55","2286.7750000000001","1092","14204.856158053059",,"0.21841441335535822","28440.164901348075",,"19580.093056639296","88989.275976318109","123145.91402283717","281834.92413113406","408400.76798335835","957295.95057937608","3043097.6444442435","21712.485893018067","54832.637929799093","83473.661495762935","155269.08027890977","271176.97233435389","725540.20681661286",,,,,,,,,,,,,,,,,,,,,,,,,"1.8830568472911613","2.1324299257375898",
"1952",,,,,,,,,,,,,,,,,,,,,,,,,,,,,,,,,,,,,,,,,,,,,,,,,,,,,,,,,,,,,,,,,,,,,,,,,,,,,,,,,,,,,,,,,,,,,,,"3366.6","2311.6999999999998",,"15051.355688642736",,"0.22391896094208749","29077.24633991512",,"19966.099436815119",,,,,,,,,,,,,,,,,,,,,,,,,,,,,,,,,,,,,,,
"1953","30.33","21.16","9.7800499999999992","7.08","3.2990000000000004",,"1.05","9.1699999999999982","11.379950000000001","2.7000499999999992","3.7809999999999997",,,"2.2490000000000006",,,,,,,,,,,,,,,,,,,,,,,,,,,,,,,,,,,,,,,,,,,,,,,,,,,,,,,,,,,,,,,,,,,,,,,,,,,,,,,,,"3411.65","2336.625","1146.7","15704.793922782132",,"0.222280855127864","30237.17156696149",,"20709.313972022741","91709.341362594205","127963.71007138101","295721.04978346167","428158.34938817471","997524.28999405971","3174903.0145309567","23406.930478557853","55454.972653807359","86024.375143360856","163283.75017874868","285816.86423670343","755593.32060107123",,,,,,,,,,,,,,,,,,,,,,,,,"1.8937914757551748","2.1188291980017917",
"1954",,,,,,,,,,,,,,,,,,,,,,,,,,,,,,,,,,,,,,,,,,,,,,,,,,,,,,,,,,,,,,,,,,,,,,,,,,,,,,,,,,,,,,,,,,,,,,,"3456.7","2361.5500000000002",,"16751.78018430094",,"0.22437797803320678","31614.301471639184",,"21598.273972386822",,,,,,,,,,,,,,,,,,,,,,,,,,,,,,,,,,,,,,,
"1955","29.72","20.92","9.7815499999999993","7.06","3.2429999999999999",,"0.97","8.7999999999999972","11.138450000000002","2.7215499999999997","3.8169999999999997",,,"2.2729999999999997",,,,,,,,,,,,,,,,,,,,,,,,,,,,,,,,,,,,,,,,,,,,,,,,,,,,,,,,,,,,,,,,,,,,,,,,,,,,,,,,,"3501.75","2386.4749999999999","905.3","17887.871659566037",,"0.22621267483267063","33134.837574289457",,"22581.698150953791","98476.737270788261","138636.16041082708","324110.07047479099","467863.90654896712","1074562.7825342072","3214079.244706077","25874.626496900702","58317.314130749422","92267.682894836107","180356.23440061492","316189.18755265715","836838.73118177697",,,,,,,,,,,,,,,,,,,,,,,,,"1.921084649545121","2.0856765450318289",
"1956",,,,,,,,,,,,,,,,,,,,,,,,,,,,,,,,,,,,,,,,,,,,,,,,,,,,,,,,,,,,,,,,,,,,,,,,,,,,,,,,,,,,,,,,,,,,,,,"3546.8","2411.4",,"19127.91921753512",,"0.22935813059651589","34584.725434143722",,"23513.478885726337",,,,,,,,,,,,,,,,,,,,,,,,,,,,,,,,,,,,,,,
"1957","30.99","21.79","10.106","7.24","3.3079999999999998",,"1.03","9.1999999999999993","11.683999999999999","2.8659999999999997","3.9320000000000004",,,"2.2779999999999996",,,,,,,,,,,,,,,,,,,,,,,,,,,,,,,,,,,,,,,,,,,,,,,,,,,,,,,,,,,,,,,,,,,,,,,,,,,,,,,,,"3591.85","2436.3249999999998","955.94","20315.988734152208",,"0.23414214936292241","35614.195706536651",,"24156.842672920051","110368.39249455708","155206.66488908671","359917.06181025942","515693.55383065075","1178117.5939722324","3668262.1577732754","27308.173841201045","65530.120100027438","104029.06565879355","204140.56978986805","350087.5437952553","901434.86466100544",,,,,,,,,,,,,,,,,,,,,,,,,"1.9417995791917244","2.0617970342036305",
"1958",,,,,,,,,,,,,,,,,,,,,,,,,,,,,,,,,,,,,,,,,,,,,,,,,,,,,,,,,,,,,,,,,,,,,,,,,,,,,,,,,,,,,,,,,,,,,,,"3636.9","2461.25",,"21177.339133699596",,"0.23813934700002989","36131.376222110914",,"24451.689550625666",,,,,,,,,,,,,,,,,,,,,,,,,,,,,,,,,,,,,,,
"1959","31.47","22.35","10.535","7.58","3.5049999999999999",,"1.0900000000000001","9.1199999999999974","11.815000000000001","2.9550000000000001","4.0750000000000002",,,"2.415",,,,,,,,,,,,,,,,,,,,,,,,,,,,,,,,,,,,,,,,,,,,,,,,,,,,,,,,,,,,,,,,,,,,,,,,,,,,,,,,,"3681.95","2486.1750000000002","1185.4000000000001","22622.931188640265",,"0.23689442315628706","38411.595126144151",,"25936.785538299391","120881.28986197563","171699.83021386436","404666.15465392865","582319.78211234533","1346326.4091713526","4186863.8687497126","29248.295711051764","70062.749510086898","113458.24910384828","227012.52719551194","391318.12534759357","1030711.135884868",,,,,,,,,,,,,,,,,,,,,,,,,"1.9155125553078423","2.0922843102503914",
"1960",,,,,,,,,,,,,,,,,,,,,,,,,,,,,,,,,,,,,,,,,,,,,,,,,,,,,,,,,,,,,,,,,,,,,,,,,,,,,,,,,,,,,,,,,,,,,,,"3727","2511.1",,"24380.241206910458",,"0.23977791000259124","40491.588959937675",,"27281.574734987789",,,,,,,,,,,,,,,,,,,,,,,,,,,,,,,,,,,,,,,
"1961","31.56","22.7","10.866","7.85","3.6160000000000005",,"1.06","8.86","11.834","3.016","4.2339999999999991",,,"2.5560000000000005",,,,,,,,,,,,,,,,,,,,,,,,,,,,,,,,,,,,,,,,,,,,,,,,,,,,,,,,,,,,,,,,,,,,,,,,,,,,,,,,,"3789.57","2546.3200000000002","1285.2","27212.978198667515",,"0.24600298640964308","43443.290582782734",,"29190.784093380338","137107.0250792623","197232.53924583361","472054.79547251714","682059.66214968893","1570909.3874734237","4604988.8017749693","33036.208972062777","76981.510912690996","128526.97518916269","262049.92879534542","459847.23081875511","1233789.4525510299",,,,,,,,,,,,,,,,,,,,,,,,,"1.9151264923481324","2.0927451104973365",
"1962",,,,,,,,,,,,,,,,,,,,,,,,,,,,,,,,,,,,,,,,,,,,,,,,,,,,,,,,,,,,,,,,,,,,,,,,,,,,,,,,,,,,,,,,,,,,,,,"3852.14","2581.54",,"30221.056544797437",,"0.25478374562481937","45947.201689806214",,"30791.855708853349",,,,,,,,,,,,,,,,,,,,,,,,,,,,,,,,,,,,,,,
"1963","31.72","22.83","10.91","7.88","3.6349999999999998",,"1.1200000000000001","8.89","11.919999999999998","3.0300000000000002","4.2450000000000001",,,"2.5149999999999997",,,,,,,,,,,,,,,,,,,,,,,,,,,,,,,,,,,,,,,,,,,,,,,,,,,,,,,,,,,,,,,,,,,,,,,,,,,,,,,,,"3914.71","2616.7600000000002","1299.0999999999999","32979.760520263728",,"0.26408935705175351","47723.546045426046",,"31900.464236132193","151379.08805609139","217905.71124341528","520663.8873555981","752123.08567591454","1734750.8987512367","5345037.1570877172","36206.263599796563","84852.464868767507","142216.16721536958","289204.68903528189","506466.13240708393","1333607.9811582945",,,,,,,,,,,,,,,,,,,,,,,,,"1.9132177272525812","2.0950291153551119",
"1964",,,,,,,,,,,,,,,,,,,,,,,,,,,,,,,,,,,,,,,,,,,,,,,,,,,,,,,,,,,,,,,,,,,,,,,,,,,,,,,,,,,,,,,,,,,,,,,"3977.28","2651.98",,"36291.763880639926",,"0.27195345364970447","50320.303712073561",,"33552.689033295326",,,,,,,,,,,,,,,,,,,,,,,,,,,,,,,,,,,,,,,
"1965","31.6","22.6","10.672000000000001","7.67","3.4980000000000002",,"1.05","9","11.928000000000001","3.0020000000000007","4.1719999999999997",,,"2.4480000000000004",,,,,,,,,,,,,,,,,,,,,,,,,,,,,,,,,,,,,,,,,,,,,,,,,,,,,,,,,,,,,,,,,,,,,,,,,,,,,,,,,"4039.85","2687.2","1530.6","39077.743177897552",,"0.28184838084402186","51595.751128763899",,"34320.11149750965","163042.57356689393","233212.79510201284","550629.85604616837","791478.82231523818","1804819.3744841614","5417553.8685202086","39212.77085786056","92872.352031775008","153858.52986597395","309780.88977709849","538143.68427300744","1403404.4307023783",,,,,,,,,,,,,,,,,,,,,,,,,"1.9395858250592719","2.0642987296417727",
"1966",,,,,,,,,,,,,,,,,,,,,,,,,,,,,,,,,,,,,,,,,,,,,,,,,,,,,,,,,,,,,,,,,,,,,,,,,,,,,,,,,,,,,,,,,,,,,,,"4102.42","2722.42",,"42093.614473110712",,"0.29586668965667068","52259.472287470853",,"34680.074820436814",,,,,,,,,,,,,,,,,,,,,,,,,,,,,,,,,,,,,,,
"1967","32.29","23.01","10.859","7.81","3.5790000000000002",,"1.08","9.2799999999999976","12.151000000000002","3.0490000000000004","4.2309999999999999",,,"2.4990000000000001",,,,,,,,,,,,,,,,,,,,,,,,,,,,,,,,,,,,,,,,,,,,,,,,,,,,,,,,,,,,,,,,,,,,,,,,,,,,,,,,,"4164.99","2757.64","1783.95","44809.457228619205",,"0.30717112849632749","52899.51864043282",,"35024.77282865101","170812.54568995754","243443.58478327183","574435.87291646004","826290.48116356065","1893273.7721410906","5713148.0131667443","39798.071190485629","98181.506596643274","160695.51274997482","322581.26466935937","559544.65841917822","1468843.3009160182",,,,,,,,,,,,,,,,,,,,,,,,,"1.9306067897987151","2.0745677024517457",
"1968",,,,,,,,,,,,,,,,,,,,,,,,,,,,,,,,,,,,,,,,,,,,,,,,,,,,,,,,,,,,,,,,,,,,,,,,,,,,,,,,,,,,,,,,,,,,,,,"4227.5600000000004","2792.86",,"48199.390079827775",,"0.31560945364651538","54681.745999691768",,"36124.492883057639",,,,,,,,,,,,,,,,,,,,,,,,,,,,,,,,,,,,,,,
"1969","32.700000000000003","23.32","11.000999999999999","7.92","3.6580000000000004",,"1.1399999999999999","9.3800000000000026","12.319000000000001","3.0809999999999995","4.2619999999999996",,,"2.5180000000000007",,,,,,,,,,,,,,,,,,,,,,,,,,,,,,,,,,,,,,,,,,,,,,,,,,,,,,,,,,,,,,,,,,,,,,,,,,,,,,,,,"4290.13","2828.08","1817.683","52172.093162316487",,"0.32301041845830719","57112.351285356628",,"37648.812139280482","186757.38870311619","266372.00639490329","628292.97649020818","904659.64436004881","2089169.8100183457","6510808.0465306547","42707.347127827794","107142.77101132907","175891.7638710771","351926.30862036749","608532.10294547491","1597876.6726280893",,,,,,,,,,,,,,,,,,,,,,,,,"1.9164007119961426","2.0912256908026161",
"1970",,,,,,,,,,,,,,,,,,,,,,,,,,,,,,,,,,,,,,,,,,,,,,,,,,,,,,,,,,,,,,,,,,,,,,,,,,,,,,,,,,,,,,,,,,,,,,,"4352.7","2863.3",,"57961.102639997611",,"0.33588987112157542","60266.070848270516",,"39644.322066729386",,,,,,,,,,,,,,,,,,,,,,,,,,,,,,,,,,,,,,,
"1971","32.49","23.03","10.809000000000001","7.79","3.6220000000000003",,"1.1399999999999999","9.4600000000000009","12.221","3.019000000000001","4.1679999999999993",,,"2.4820000000000002",,,,,,,,,,,,,,,,,,,,,,,,,,,,,,,,,,,,,,,,,,,,,,,,,,,,,,,,,,,,,,,,,,,,,,,,,,,,,,,,,"4380.7","2889.65","2036.88","65900.130339470867",,"0.35676280468238303","63923.634660924195",,"42166.076402844206","207687.8890133427","294432.26124821685","690950.56704992964","995930.22801719885","2315314.0474186745","7287294.3513453566","47949.828621766574","120943.51677846859","195302.68479778865","385970.90608266043","666084.27316682995","1762871.7914268207",,,,,,,,,,,,,,,,,,,,,,,,,"1.904170962039472","2.1059855292680196",
"1972",,,,,,,,,,,,,,,,,,,,,,,,,,,,,,,,,,,,,,,,,,,,,,,,,,,,,,,,,,,,,,,,,,,,,,,,,,,,,,,,,,,,,,,,,,,,,,,"4408.7","2916",,"74265.555476069247",,"0.38089183358477596","66864.908204169726",,"44225.751882268916",,,,,,,,,,,,,,,,,,,,,,,,,,,,,,,,,,,,,,,
"1973","30.96","21.51","9.7669999999999995","6.98","3.1989999999999998",,"1.04","9.4499999999999993","11.743000000000002","2.786999999999999","3.7810000000000006",,,"2.1589999999999998",,,,,,,,,,,,,,,,,,,,,,,,,,,,,,,,,,,,,,,,,,,,,,,,,,,,,,,,,,,,,,,,,,,,,,,,,,,,,,,,,"4436.7","2942.35","2288.1819999999998","81529.548284540288",,"0.41790077233877482","66305.191001321931",,"43972.564911474648","205280.87134009271","285244.93168768694","647602.80050991126","925620.46637845412","2121103.0601322884","6895739.864137481","50863.448741458509","125316.81099249843","194655.46448213089","369585.13464136829","626749.81793999567","1590587.8596872671",,,,,,,,,,,,,,,,,,,,,,,,,"1.9407939369002938","2.0629320202623509",
"1974",,,,,,,,,,,,,,,,,,,,,,,,,,,,,,,,,,,,,,,,,,,,,,,,,,,,,,,,,,,,,,,,,,,,,,,,,,,,,,,,,,,,,,,,,,,,,,,"4464.7","2968.7",,"89646.387737451034",,"0.45550131280184569","66294.400718997596",,"44080.943269309952",,,,,,,,,,,,,,,,,,,,,,,,,,,,,,,,,,,,,,,
"1975","30.29","20.47","8.7870000000000008","6.15","2.6789999999999998",,"0.83","9.82","11.682999999999998","2.6370000000000005","3.4710000000000005",,,"1.8489999999999998",,,,,,,,,,,,,,,,,,,,,,,,,,,,,,,,,,,,,,,,,,,,,,,,,,,,,,,,,,,,,,,,,,,,,,,,,,,,,,,,,"4492.7","2995.05","2420.6260000000002","90680.319081368085",,"0.48199994885889108","62814.798430357499",,"41875.367159801957","190266.02444555284","257163.78477388358","551953.63380755135","772622.02069339727","1682808.4499492771","5213628.2697196724","48653.551095335795","123368.26411722213","183466.3225154666","331285.24692170549","545075.41337942728","1290495.1366414556",,,,,,,,,,,,,,,,,,,,,,,,,"2.0655519979458385","1.9384807141535945",
"1976",,,,,,,,,,,,,,,,,,,,,,,,,,,,,,,,,,,,,,,,,,,,,,,,,,,,,,,,,,,,,,,,,,,,,,,,,,,,,,,,,,,,,,,,,,,,,,,"4520.7","3021.4",,"92695.51990723639",,"0.49191819265843478","62367.399424657466",,"41683.11558423697",,,,,,,,,,,,,,,,,,,,,,,,,,,,,,,,,,,,,,,
"1977","29.93","20.12","8.4939999999999998","5.9","2.5590000000000002",,"0.79","9.8099999999999987","11.626000000000001","2.5939999999999994","3.3410000000000002",,,"1.7690000000000001",,,,,,,,,,,,,,,,,,,,,,,,,,,,,,,,,,,,,,,,,,,,,,,,,,,,,,,,,,,,,,,,,,,,,,,,,,,,,,,,,"4548.7","3047.75","2542.2730000000001","96869.346413647247",,"0.49784792539928835","63842.565081543878",,"42776.216881147433","191080.79728906081","256902.48188813261","542278.74780263368","753342.2679622178","1633731.2404367081","5043562.6414419664","49704.983725153106","125259.11268998908","185558.41540950729","331215.22764304955","533245.02484359522","1254861.0847694571",,,,,,,,,,,,,,,,,,,,,,,,,"2.0878656144514056","1.9192311869368948",
"1978",,,,,,,,,,,,,,,,,,,,,,,,,,,,,,,,,,,,,,,,,,,,,,,,,,,,,,,,,,,,,,,,,,,,,,,,,,,,,,,,,,,,,,,,,,,,,,,"4576.7","3074.1",,"100342.22117560341",,"0.50266577610268981","64936.129944563152",,"43616.61394947923",,,,,,,,,,,,,,,,,,,,,,,,,,,,,,,,,,,,,,,
"1979","29.89","20.059999999999999","8.3960000000000008","5.82","2.5090000000000003",,"0.76","9.8300000000000018","11.663999999999998","2.5760000000000005","3.3109999999999999",,,"1.7490000000000003",,,,,,,,,,,,,,,,,,,,,,,,,,,,,,,,,,,,,,,,,,,,,,,,,,,,,,,,,,,,,,,,,,,,,,,,,,,,,,,,,"4604.7","3100.45","2665.5680000000002","104464.24868811881",,"0.51813977258279265","65027.345061654989",,"43784.401154561245","194366.73438928675","260889.70838735977","545969.58913765533","756918.2965176641","1631536.0875969238","4942078.2246857788","50656.30180302923","127843.76039121373","189619.7381997859","335020.88175764657","538263.84874784923","1263698.0723648288",,,,,,,,,,,,,,,,,,,,,,,,,"2.1033668889336923","1.9063168471245431",
"1980",,,,,,,,,,,,,,,,,,,,,,,,,,,,,,,,,,,,,,,,,,,,,,,,,,,,,,,,,,,,,,,,,,,,,,,,,,,,,,,,,,,,,,,,,,,,,,,"4632.7","3126.8",,"111741.57546814714",,"0.54259934865339188","65862.07648035913",,"44453.027551705687",,,,,,,,,,,,,,,,,,,,,,,,,,,,,,,,,,,,,,,
"1981","29.87","20.02","8.3970000000000002","5.85","2.58",,"0.84","9.8500000000000014","11.622999999999999","2.5470000000000006","3.2699999999999996",,,"1.7400000000000002",,,,,,,,,,,,,,,,,,,,,,,,,,,,,,,,,,,,,,,,,,,,,,,,,,,,,,,,,,,,,,,,,,,,,,,,,,,,,,,,,"4699.17","3180.53","2790.08","120345.79446576508",,"0.57454629813162117","65857.674476674612",,"44574.320444524863","196716.87366182703","263694.1286046051","553006.89258063678","770534.79137709294","1699128.0014982051","5532044.6560406676","51317.763456102119","129739.618719049","191365.93761059723","335478.99378418055","538386.48884681496","1273248.3732157091",,,,,,,,,,,,,,,,,,,,,,,,,"2.0513007642894507","1.9512025806200914",
"1982",,,,,,,,,,,,,,,,,,,,,,,,,,,,,,,,,,,,,,,,,,,,,,,,,,,,,,,,,,,,,,,,,,,,,,,,,,,,,,,,,,,,,,,,,,,,,,,"4765.6400000000003","3234.26",,"127786.87445789836",,"0.6087398711016434","64905.211616925633",,,,,,,,,,,,,,,,,,,,,,,,,,,,,,,,,,,,,,,,,
"1983","29.88","20","8.3859999999999992","5.85","2.621",,"0.86","9.879999999999999","11.614000000000001","2.5359999999999996","3.2289999999999996",,,"1.7610000000000001",,,,,,,,,,,,,,,,,,,,,,,,,,,,,,,,,,,,,,,,,,,,,,,,,,,,,,,,,,,,,,,,,,,,,,,,,,,,,,,,,"4832.1099999999997","3287.99","2904.4630000000002","133997.35040148295",,"0.62865088039978667","64827.040390144095",,"44111.301384362087","193703.19668575053","259308.16156057635","543639.56071174832","758476.37256468588","1699116.7286256768","5575125.4735523919","50507.467468410046","128098.23181092471","188225.3117727834","328802.74885881081","523316.28354943811","1268449.0903004862",,,,,,,,,,,,,,,,,,,,,,,,,"2.0205605661067265","1.9798536541685501",
"1984",,,,,,,,,,,,,,,,,,,,,,,,,,,,,,,,,,,,,,,,,,,,,,,,,,,,,,,,,,,,,,,,,,,,,,,,,,,,,,,,,,,,,,,,,,,,,,,"4898.58","3341.72",,"141945.90835739553",,"0.64624303044876974","65728.988358680421",,,,,,,,,,,,,,,,,,,,,,,,,,,,,,,,,,,,,,,,,
"1985","30.35","20.64","9.0510000000000002","6.48","3.16",,"1.25","9.7100000000000009","11.589","2.5709999999999997","3.3200000000000003",,,"1.9100000000000001",,,,,,,,,,,,,,,,,,,,,,,,,,,,,,,,,,,,,,,,,,,,,,,,,,,,,,,,,,,,,,,,,,,,,,,,,,,,,,,,,"4965.05","3395.45","3106.1489999999999","144505.40092346643",,"0.66801799659999395","63708.675613952299",,"43568.468114801319","193355.83048834524","262989.41293439508","576627.22298188228","825664.43595682189","2013194.1494008927","7963584.4517440367","49303.43618346419","123722.24804229537","184579.96042252329","327590.01000694267","528782.00759580405","1352039.6713627656",,,,,,,,,,,,,,,,,,,,,,,,,"1.8416527864833745","2.188138405836257",
"1986",,,,,,,,,,,,,,,,,,,,,,,,,,,,,,,,,,,,,,,,,,,,,,,,,,,,,,,,,,,,,,,,,,,,,,,,,,,,,,,,,,,,,,,,,,,,,,,"5031.5200000000004","3449.18",,"152109.8370952821",,"0.67291905558086917","65535.801514217485",,,,,,,,,,,,,,,,,,,,,,,,,,,,,,,,,,,,,,,,,
"1987","30.78","20.93","9.07","6.41","2.9379999999999997",,"0.96","9.8500000000000014","11.86","2.66","3.4720000000000004",,,"1.9779999999999998",,,,,,,,,,,,,,,,,,,,,,,,,,,,,,,,,,,,,,,,,,,,,,,,,,,,,,,,,,,,,,,,,,,,,,,,,,,,,,,,,"5097.99","3502.91","3112.5369999999998","155843.82456773325",,"0.68403604720204103","65040.164325274651",,"44690.131211839922","200193.62579319539","272258.1278655997","589914.29043024115","833814.90665002109","1910880.027876569","6243855.7752263658","50023.113051061235","128129.12372079106","192844.08722443934","346013.67421046115","564548.62634338404","1429438.2781710362",,,,,,,,,,,,,,,,,,,,,,,,,"1.9590768269450205","2.0426693377477729",
"1988",,,,,,,,,,,,,,,,,,,,,,,,,,,,,,,,,,,,,,,,,,,,,,,,,,,,,,,,,,,,,,,,,,,,,,,,,,,,,,,,,,,,,,,,,,,,,,,"5164.46","3556.64",,"165623.12729038112",,"0.69601941072328366","66905.176502281189",,,,,,,,,,,,,,,,,,,,,,,,,,,,,,,,,,,,,,,,,
"1989","30.78","20.96","9.218","6.59","3.1530000000000005",,"1.1499999999999999","9.82","11.742000000000001","2.6280000000000001","3.4369999999999994",,,"2.0030000000000006",,,,,,,,,,,,,,,,,,,,,,,,,,,,,,,,,,,,,,,,,,,,,,,,,,,,,,,,,,,,,,,,,,,,,,,,,,,,,,,,,"5230.93","3610.37","3227.0819999999999","175273.58850868134",,"0.72139519222277027","67296.35205371023",,"46447.71208258452","207138.1716213201","282106.30780915328","620337.77323110087","886965.92006790091","2121853.9802534836","7739080.4861766752","51758.372101753579","132170.03543348689","197548.4414536664","353709.62639430101","578243.90502150508","1497717.7018175735",,,,,,,,,,,,,,,,,,,,,,,,,"1.8723531936888724","2.1463246850411064",
"1990",,,,,,,,,,,,,,,,,,,,,,,,,,,,,,,,,,,,,,,,,,,,,,,,,,,,,,,,,,,,,,,,,,,,,,,,,,,,,,,,,,,,,,,,,,,,,,,"5297.4","3664.1",,"189099.3785573951",,"0.75872919188492238","68019.900142335653",,,,,,,,,,,,,,,,,,,,,,,,,,,,,,,,,,,,,,,,,
"1991","29.99","20.14","8.6009999999999991","6.09","2.8540000000000001",,"1","9.8499999999999979","11.539000000000001","2.5109999999999992","3.2359999999999998",,,"1.8540000000000001",,,,,,,,,,,,,,,,,,,,,,,,,,,,,,,,,,,,,,,,,,,,,,,,,,,,,,,,,,,,,,,,,,,,,,,,,,,,,,,,,"5321.6304","3684.9039499999999","3272.5659999999998","201677.01148844662",,"0.80038316415064614","68380.501301669472",,"47349.319740337851","205073.12340370673","275436.6592431246","588140.69169565907","832874.5058543341","1951579.5071496468","6838050.1301669469","53192.432179220887","134709.58756428881","197260.65112999102","343406.87753698399","553198.25553050602","1408638.3268143912",,,,,,,,,,,,,,,,,,,,,,,,,"1.9197357665401842","2.0872687965172321",
"1992",,,,,,,,,,,,,,,,,,,,,,,,,,,,,,,,,,,,,,,,,,,,,,,,,,,,,,,,,,,,,,,,,,,,,,,,,,,,,,,,,,,,,,,,,,,,,,,"5345.8607999999995","3705.7078999999994",,"205883.30661286312",,"0.8328842258942506","66706.063771164787",,,,,,,,,,,,,,,,,,,,,,,,,,,,,,,,,,,,,,,,,
"1993","29.65","19.87","8.4190000000000005","6.01","2.8220000000000001",,"0.98","9.7799999999999976","11.451000000000001","2.4090000000000007","3.1879999999999997",,,"1.8420000000000001",,,,,,,,,,,,,,,,,,,,,,,,,,,,,,,,,,,,,,,,,,,,,,,,,,,,,,,,,,,,,,,,,,,,,,,,,,,,,,,,,"5370.0911999999998","3737","3393.1959999999999","210502.83794015821",,"0.85716504132478233","65715.891963097078",,"45731.120593649095","194847.61967058282","261154.95466134779","553262.09443731431","789905.02139642683","1854502.4711985998","6440157.4123835126","51367.922217820873","128540.28467981785","188128.16971735616","316619.16747820179","523755.65894588374","1344985.2555113868",,,,,,,,,,,,,,,,,,,,,,,,,"1.9036867753592008","2.1065781056744095",
"1994",,,,,,,,,,,,,,,,,,,,,,,,,,,,,,,,,,,,,,,,,,,,,,,,,,,,,,,,,,,,,,,,,,,,,,,,,,,,,,,,,,,,,,,,,,,,,,,"5394.3215999999993","3747.3157999999994",,"214837.97171785226",,"0.8677343213173081","66069.949366781773",,,,,,,,,,,,,,,,,,,,,,,,,,,,,,,,,,,,,,,,,
"1995","29.936079999999997","19.991049999999998","8.4819899999999997","5.9946999999999999","2.8146599999999999",,"1.0120400000000001","9.9450299999999991","11.509059999999998","2.4872899999999998","3.18004",,,"1.8026199999999999",,,,,,,,,,,,,,,,,,,,,,,,,,,,,,,,,,,,,,,,,,,,,,,,,,,,,,,,,,,,,,,,,,,,,,,,,,,,,,,,,"5418.5520000000006","3747.8445000000002","3326.1425906524273","220274.52946690336",,"0.88421285816582262","66470.032730384672",,"45975.261764285395","198985.22174194138","265761.14956295129","563798.15291879547","796935.81041767402","1870905.4232490452","6727033.19244585","51746.122840211698","132209.29392093146","191251.89872399022","330660.49541991693","528443.40720983117","1331335.6711160669","118515.58030650967","147811.69352265797","284700.67775557068","390234.99467736785","826224.13059615716","3116639.8164763972",,,,,,,,,,,,,,,,,,,"1.9196504018787608","2.0873697200121835","104793"
"1996","30.46359","20.47017","8.8495599999999985","6.3311700000000002","3.05437",,"1.12541","9.9934200000000004","11.620610000000001","2.5183899999999984","3.2768000000000002",,,"1.92896",,,,,,,,,,,,,,,,,,,,,,,,,,,,,,,,,,,,,,,,,,,,,,,,,,,,,,,,,,,,,,,,,,,,,,,,,,,,,,,,,"5587.4889999999996","3919.5259999999998","3488.0729161880645","224462.68811965006",,"0.89138965856499075","64245.545151681552",,"45067.128473307021","195714.99468273143","263023.44619951939","568544.8065525149","813498.93619594339","1962296.6574494159","7230257.8969153939","49637.828537120455","128406.54316594348","186643.10611127055","323590.67690908641","526299.50588257529","1376967.630842085","115027.02439364715","142910.67747530094","277868.49176458234","382905.72110683139","850178.8109366385","3191788.2069444754",,,,,,,,,,,,,,,,,,,"1.8587361724054849","2.1645020113672491","102533.9"
"1997","30.36936","20.430910000000001","8.8641000000000005","6.3580499999999995","3.0974499999999998",,"1.15252","9.9384499999999996","11.56681","2.506050000000001","3.2605999999999997",,,"1.9449299999999998",,,,,,,,,,,,,,,,,,,,,,,,,,,,,,,,,,,,,,,,,,,,,,,,,,,,,,,,,,,,,,,,,,,,,,,,,,,,,,,,,"5601.6859999999997","3937.9735000000001","3407.4815316397635","230196.14212235613",,"0.8960266076535609","65238.556848607965",,"45862.568528129159","198125.3218815841","266576.61670075858","578281.09176174586","829580.01274258364","2020731.6791072071","7518874.1539157648","50473.360733832844","129674.02706240954","188650.49793551178","326982.17078090808","531792.09615142783","1409826.9596840343","116289.06899636074","144463.79035436848","280289.22116239561","387988.92469319899","875727.5657860667","3276820.1021271665",,,,,,,,,,,,,,,,,,,"1.8403677603806028","2.1899552162104596","104198.1"
"1998","30.905809999999999","20.841919999999998","9.0998800000000006","6.5544199999999995","3.2103699999999997",,"1.1852400000000001","10.063890000000001","11.742039999999998","2.5454600000000012","3.3440499999999997",,,"2.0251299999999999",,,,,,,,,,,,,,,,,,,,,,,,,,,,,,,,,,,,,,,,,,,,,,,,,,,,,,,,,,,,,,,,,,,,,,,,,,,,,,,,,"5629.6459999999997","3969.3074999999999","3443.9882124740475","234389.52630399019",,"0.89618749547062526","65890.76907927639",,"46457.756648844326","203640.75899179911","274658.02757775044","599598.09172912571","863751.5493371815","2115337.483290365","7809637.5143521549","50585.214644551634","132623.49040584778","193423.01153990658","335444.63412106992","550855.06584888545","1482637.4798390556","118726.94111194233","149640.89621622671","286693.02048794494","399254.17594908626","894175.4979287883","3409455.0698851519",,,,,,,,,,,,,,,,,,,"1.8264192243750115","2.2100396148894781","106401.60000000001"
"1999","31.904019999999999","22.07657","10.246499999999999","7.6021099999999997","3.9897299999999998",,"1.6716499999999999","9.8274499999999989","11.830070000000001","2.6443899999999996","3.6123799999999999",,,"2.3180800000000001",,,,,,,,,,,,,,,,,,,,,,,,,,,,,,,,,,,,,,,,,,,,,,,,,,,,,,,,,,,,,,,,,,,,,,,,,,,,,,,,,"5667.2030000000004","4007.39","3439.7513333333336","239302.70942305896",,"0.90341482990900646","66099.593745508115",,"46740.314574899065","210884.2760848566","291850.46165885439","677289.4873133488","1004992.7652173294","2637195.3215426607","11049538.588467862","50012.406818913834","129918.09051085872","195490.70524523081","349586.20940936834","596942.12613599654","1702490.5141065274","115763.65202078181","151497.51306803909","304663.14132536697","430013.19785632525","973289.2032429477","3904890.5145328641",,,,,,,,,,,,,,,,,,,"1.6938588548929541","2.4412153032972048","104582.6"
"2000","32.31955","22.43553","10.42305","7.7028400000000001","3.9482700000000004",,"1.5561200000000002","9.8840199999999996","12.01248","2.7202099999999998","3.7545699999999997",,,"2.39215",,,,,,,,,,,,,,,,,,,,,,,,,,,,,,,,,,,,,,,,,,,,,,,,,,,,,,,,,,,,,,,,,,,,,,,,,,,,,,,,,"5707.4110000000001","4039.9369999999999","3449.1079999999997","243960.51551900001",,"0.9174947","65817.500525378069",,"46588.296448248475","212719.19991049828","295330.10151242703","686019.09885104187","1013963.3514938065","2598652.6279933448","10241992.891755132","49495.08948258694","130108.29830856946","197657.8521777734","358074.84620827733","617791.03236892179","1749392.5986864795","116059.74399634133","151766.76224941682","310822.39494135499","434116.40416015481","1011586.0069818387","3989880.2685181722",,,,,,,,,,,,,,,,,,,"1.7288713935236504","2.3719841509564636","106484.2"
"2001","31.872339999999998","21.916599999999999","10.060189999999999","7.4223300000000005","3.8889499999999999",,"1.6707400000000001","9.9557399999999987","11.85641","2.6378599999999981","3.5333800000000006",,,"2.21821",,,,,,,,,,,,,,,,,,,,,,,,,,,,,,,,,,,,,,,,,,,,,,,,,,,,,,,,,,,,,,,,,,,,,,,,,,,,,,,,,"5780.2960000000003","4090.3895000000002","3458.4646666666663","248862.28524875524",,"0.92656894642134868","65662.388907563174",,"46465.569606195408","209281.3984474082","287819.26254629984","660576.10826397792","974735.83812054677","2553577.4734206777","10970477.96434221","49704.72118091373","130743.53434851658","194630.05111688029","346416.37840740895","580025.42929551401","1618366.3077627302","116398.78545093775","147486.81199365022","298045.60261446412","413445.21795121266","945912.98724729847","3986784.8089095936",,,,,,,,,,,,,,,,,,,"1.7029213616219425","2.4226342441671838","107851.5"
"2002","31.223050000000001","21.16977","9.3280100000000008","6.7435300000000007","3.3416000000000001",,"1.2835799999999999","10.053280000000001","11.841759999999999","2.5844800000000001","3.4019300000000006",,,"2.05802",,,,,,,,,,,,,,,,,,,,,,,,,,,,,,,,,,,,,,,,,,,,,,,,,,,,,,,,,,,,,,,,,,,,,,,,,,,,,,,,,"5839.4040000000005","4140.4724999999999","3467.8213333333338","253775.06721961661",,"0.932523915651573","65726.282383198384",,"46603.705572498038","205217.50011647222","278282.0562014723","613095.41933329846","886454.31407913961","2196309.4521169574","8436494.1541425791","50227.258190612403","132152.94403147211","194578.71541851581","339736.52458745713","558990.52956968534","1502955.5963363328","117415.32647288231","149111.77897549447","289685.11741733615","404206.14814648504","916951.28205107676","3507254.8222152218",,,,,,,,,,,,,,,,,,,"1.8045152098325923","2.2429845797546641","109492.6"
"2003","31.073269999999997","21.105309999999999","9.3772000000000002","6.8404699999999998","3.5041799999999999",,"1.47898","9.9679599999999979","11.728109999999999","2.5367300000000004","3.33629",,,"2.0251999999999999",,,,,,,,,,,,,,,,,,,,,,,,,,,,,,,,,,,,,,,,,,,,,,,,,,,,,,,,,,,,,,,,,,,,,,,,,,,,,,,,,"5892.8220000000001","4187.8869999999997","3456.1342537456658","259029.37849985957",,"0.93847639507521163","65906.87428854419",,"46838.43191659759","204794.20996239912","278197.00259815087","618021.94157853664","901667.99272911577","2309495.5074443077","9747494.8935271073","50474.948102560309","131391.41732664735","193240.76785305448","334375.89042795746","549711.11405031779","1483051.1312128855","115639.02999531767","148977.96122916348","285277.07399453968","395770.95593356231","890086.63870875002","3614980.6407524096",,,,,,,,,,,,,,,,,,,"1.7466845334501555","2.3392536676491296","108524.5"
"2004","31.577739999999999","21.532399999999999","9.6427300000000002","7.0486400000000007","3.6377300000000004",,"1.52424","10.045339999999999","11.889669999999999","2.5940899999999996","3.4109100000000003",,,"2.1134900000000005",,,,,,,,,,,,,,,,,,,,,,,,,,,,,,,,,,,,,,,,,,,,,,,,,,,,,,,,,,,,,,,,,,,,,,,,,,,,,,,,,"5947.7460000000001","4238.8855000000003","3526.2000512946088","262903.21241311973",,"0.94601115037975392","65561.359672179475",,"46724.775549373888","207027.95697745684","282338.68420104741","632190.48975171521","924236.84447942232","2384945.2492027748","9993124.6866722833","49842.84886048198","131717.22975386624","194875.73281338051","340144.13502400805","559059.74329858425","1539591.978372829","115947.78767244802","150079.20355167784","290978.49416415422","403893.12519902119","910752.37290188204","3764958.7941645742",,,,,,,,,,,,,,,,,,,"1.7342129453591379","2.3620026809944807","109687.9"
"2005","31.883299999999998","21.83897","9.8373799999999996","7.1811400000000001","3.6610299999999998",,"1.5102100000000001","10.044329999999999","12.00159","2.6562399999999995","3.5201100000000003",,,"2.1508199999999995",,,,,,,,,,,,,,,,,,,,,,,,,,,,,,,,,,,,,,,,,,,,,,,,,,,,,,,,,,,,,,,,,,,,,,,,,,,,,,,,,"5997.8940000000002","4289.5495000000001","3520.751690853378","268009.7671652328",,"0.95709807855322226","65280.352866796944",,"46686.93794848532","208135.30745579468","285131.13356947846","642187.63768477086","937574.70637174044","2389933.3025592961","9858704.1702965405","49407.58013468609","131139.4813421109","195867.00754065538","346800.56899780134","574485.05732485151","1560069.8728107128","115343.66484872339","150244.89466886295","296936.23502995714","416805.87281402282","936157.76698080124","3762018.8366095196",,,,,,,,,,,,,,,,,,,"1.7521609050907805","2.3295027609541963","110395.2"
"2006","32.647970000000001","22.521100000000001","10.30184","7.5565599999999993","3.8918300000000001",,"1.6066","10.12687","12.21926","2.7452800000000011","3.6647299999999992",,,"2.2852300000000003",,,,,,,,,,,,,,,,,,,,,,,,,,,,,,,,,,,,,,,,,,,,,,,,,,,,,,,,,,,,,,,,,,,,,,,,,,,,,,,,,"6055.5379999999996","4347.8244999999997","3549.583989486156","274491.31614752754",,"0.96723853291165451","65271.413006508257",,"46864.316369464657","213097.91336940913","293996.80389217462","672415.6533669671","986454.69733691984","2540252.4328111904","10486505.213625615","48846.246299519262","132199.02284664364","199392.09152347653","358376.60939701414","598005.26346835238","1657335.4571651432","116298.61318839171","152637.94294419914","307542.02802957391","434247.48467745737","992811.66674499144","4039234.2396028675",,,,,,,,,,,,,,,,,,,"1.7323844963977293","2.3654030156544157","112488.5"
"2007","33.252739999999996","23.187849999999997","10.91033","8.1018299999999996","4.2685300000000002",,"1.7815799999999999","10.064889999999998","12.277519999999997","2.8085000000000004","3.8332999999999995",,,"2.4869500000000002",,,,,,,,,,,,,,,,,,,,,,,,,,,,,,,,,,,,,,,,,,,,,,,,,,,,,,,,,,,,,,,,,,,,,,,,,,,,,,,,,"6143.3779999999997","4427.259","3564.2110747967031","291280.84473617317",,"0.97432201599367918","67526.537269665379",,"48663.368893459177","224544.23869284926","313159.04344568204","736736.80536934827","1094177.0508949861","2882390.5013168473","12030392.826889044","50080.126000422737","135929.43394001646","207264.60296476548","379296.55984371051","647123.68828952056","1865945.7984754927","119863.96497557707","158736.73945699216","326062.11784714612","452654.45382572693","1103642.3095739386","4576682.9926882498",,,,,,,,,,,,,,,,,,,"1.6879333571757862","2.4536291772583314","116786.1"
"2008","33.634869999999999","23.437760000000001","10.960880000000001","8.1061099999999993","4.2453200000000004",,"1.7975100000000002","10.197109999999999","12.47688","2.854770000000002","3.8607899999999988",,,"2.4478100000000005",,,,,,,,,,,,,,,,,,,,,,,,,,,,,,,,,,,,,,,,,,,,,,,,,,,,,,,,,,,,,,,,,,,,,,,,,,,,,,,,,"6250.7120000000004","4522.32","3678.4179180361443","301315.90256581712",,"0.99795946728805163","66764.847400933126",,"48303.618003547104","224562.69629002234","312963.69396393886","731801.48057994002","1082406.394330356","2834381.4196812944","12001048.085165132","49231.753079923212","136161.6986161058","208254.24730993863","381196.566829524","644412.63799262128","1815862.9012942018","120306.28891799027","159991.56802819745","329898.76923024579","457888.83715064189","1087435.9486253185","4465527.0540298382",,,,,,,,,,,,,,,,,,,"1.7004922677277809","2.4275675065532787","120060.8"
"2009","33.146149999999999","22.900839999999999","10.539850000000001","7.7629100000000006","4.0631500000000003",,"1.7331099999999999","10.24531","12.360989999999997","2.7769400000000006","3.6997600000000004",,,"2.3300400000000003",,,,,,,,,,,,,,,,,,,,,,,,,,,,,,,,,,,,,,,,,,,,,,,,,,,,,,,,,,,,,,,,,,,,,,,,,,,,,,,,,"6336.7849999999999","4599.5349999999999","3689.0630000000001","307679.71299999999",,"0.99643594398799995","67132.921699738392",,"48728.215176971644","222519.78925977836","307480.05971564737","707570.92477698775","1042293.6583842323","2727711.3080429202","11634873.792703358","49867.714193067281","137559.51880390936","207457.34345031227","372848.19116974314","620939.24596956035","1738026.5875250942","121829.80826057191","161284.12565769046","322840.12027156871","439800.27280637482","1046507.8124606053","4289970.695849848",,,,,,,,,,,,,,,,,,,"1.7064018684089428","2.415624794781956","121395.6"
"2010","33.48471","23.149339999999999","10.627889999999999","7.812520000000001","4.03355",,"1.66151","10.335370000000001","12.52145","2.8153699999999979","3.7789700000000011",,,"2.3720400000000001",,,,,,,,,,,,,,,,,,,,,,,,,,,,,,,,,,,,,,,,,,,,,,,,,,,,,,,,,,,,,,,,,,,,,,,,,,,,,,,,,"6415.3530000000001","4671.5029999999997","3736.9279999999999","313251.36900000001",,"1","67055.799600257131",,"48828.391672289894","224534.4003432726","310459.50078364328","712661.66201357672","1047749.5509860019","2704729.2047761711","11141388.159382323","49558.177295477624","138609.2999029019","209908.96047615987","377573.77304115158","633504.63753845938","1767322.654264377","122752.7","162982.5","328533.40000000002","450519.6","1065256","4285711",,,,,,,,,,,,,,,,,,,"1.7263989359514014","2.3766539989355153","122752.7"
